name,year,selling_price,km_driven,fuel,seller_type,transmission,owner,car_age,brand,km_per_year,price_category
Maruti Wagon R LXI Minor,2014.0,135000.0,50000.0,Petrol,Individual,Manual,First Owner,12.0,Maruti,4166.666666666667,Budget
Hyundai Verna 1.6 SX,2012.0,600000.0,100000.0,Diesel,Individual,Manual,First Owner,14.0,Hyundai,7142.857142857143,Mid-Range
Datsun RediGO T Option,2017.0,250000.0,46000.0,Petrol,Individual,Manual,First Owner,9.0,Datsun,5111.111111111111,Mid-Range
Honda Amaze VX i-DTEC,2014.0,450000.0,141000.0,Diesel,Individual,Manual,Second Owner,12.0,Honda,11750.0,Mid-Range
Maruti Alto LX BSIII,2007.0,140000.0,60000.0,Petrol,Individual,Manual,First Owner,19.0,Maruti,3157.8947368421054,Budget
Tata Indigo Grand Petrol,2014.0,240000.0,60000.0,Petrol,Individual,Manual,Second Owner,12.0,Tata,5000.0,Budget
Hyundai Creta 1.6 VTVT S,2015.0,850000.0,25000.0,Petrol,Individual,Manual,First Owner,11.0,Hyundai,2272.7272727272725,Luxury
Maruti Celerio Green VXI,2017.0,365000.0,78000.0,CNG,Individual,Manual,First Owner,9.0,Maruti,8666.666666666666,Mid-Range
Tata Indigo Grand Petrol,2014.0,250000.0,100000.0,Petrol,Individual,Manual,First Owner,12.0,Tata,8333.333333333334,Mid-Range
Toyota Corolla Altis 1.8 VL CVT,2018.0,1650000.0,25000.0,None,Dealer,Automatic,First Owner,8.0,Toyota,3125.0,Luxury
Maruti Wagon R LXI Minor,2007.0,135000.0,60000.0,Petrol,Individual,Manual,First Owner,19.0,Maruti,3157.8947368421054,Budget
Hyundai Verna 1.6 SX,2012.0,600000.0,100000.0,Diesel,Individual,Manual,First Owner,14.0,Hyundai,7142.857142857143,Mid-Range
Datsun RediGO T Option,2017.0,250000.0,46000.0,Petrol,Individual,Manual,First Owner,9.0,Datsun,5111.111111111111,Mid-Range
Honda Amaze VX i-DTEC,2014.0,450000.0,141000.0,Diesel,Individual,Manual,Second Owner,12.0,Honda,11750.0,Mid-Range
Maruti Alto LX BSIII,2007.0,140000.0,125000.0,Petrol,Individual,Manual,First Owner,19.0,Maruti,6578.9473684210525,Budget
Hyundai Xcent 1.2 Kappa S,2016.0,550000.0,25000.0,Petrol,Individual,Manual,First Owner,10.0,Hyundai,2500.0,Mid-Range
Tata Indigo Grand Petrol,2014.0,240000.0,60000.0,Petrol,Individual,Manual,Second Owner,12.0,Tata,5000.0,Budget
Hyundai Creta 1.6 VTVT S,2015.0,850000.0,25000.0,Petrol,Individual,Manual,First Owner,11.0,Hyundai,2272.7272727272725,Luxury
Maruti Celerio Green VXI,2017.0,365000.0,78000.0,CNG,Individual,Manual,First Owner,9.0,Maruti,8666.666666666666,Mid-Range
Chevrolet Sail 1.2 Base,2015.0,260000.0,35000.0,Petrol,Individual,Manual,First Owner,11.0,Chevrolet,3181.818181818182,Mid-Range
Tata Indigo Grand Petrol,2014.0,250000.0,100000.0,Petrol,Individual,Manual,First Owner,12.0,Tata,8333.333333333334,Mid-Range
Toyota Corolla Altis 1.8 VL CVT,2018.0,1650000.0,25000.0,Petrol,Dealer,Automatic,First Owner,8.0,Toyota,3125.0,Luxury
Maruti Ciaz VXi Plus,2015.0,585000.0,24000.0,Petrol,Dealer,Manual,First Owner,11.0,Maruti,2181.818181818182,Mid-Range
Hyundai Venue SX Opt Diesel,2019.0,1195000.0,5000.0,Diesel,Dealer,Manual,First Owner,7.0,Hyundai,714.2857142857143,Luxury
Mercedes-Benz New C-Class 220 CDI AT,2013.0,1425000.0,59000.0,Diesel,Dealer,Automatic,First Owner,13.0,Mercedes-Benz,4538.461538461538,Luxury
Maruti Vitara Brezza ZDi Plus AMT,2018.0,975000.0,4500.0,Diesel,Dealer,Automatic,First Owner,8.0,Maruti,562.5,Luxury
Honda City V MT,2018.0,930000.0,14500.0,Petrol,Dealer,Manual,First Owner,8.0,Honda,1812.5,Luxury
Tata Tigor 1.2 Revotron XT,2018.0,525000.0,60000.0,Petrol,Individual,Manual,First Owner,8.0,Tata,7500.0,Mid-Range
Audi A6 2.0 TDI  Design Edition,2013.0,1735000.0,50000.0,Diesel,Dealer,Automatic,First Owner,13.0,Audi,3846.153846153846,Luxury
Mercedes-Benz New C-Class C 220 CDI Avantgarde,2012.0,1375000.0,33800.0,Diesel,Dealer,Automatic,Second Owner,14.0,Mercedes-Benz,2414.285714285714,Luxury
Skoda Superb Ambition 2.0 TDI CR AT,2011.0,450000.0,60000.0,Diesel,Dealer,Manual,Second Owner,15.0,Skoda,4000.0,Mid-Range
Toyota Corolla Altis G AT,2016.0,900000.0,50000.0,Petrol,Individual,Automatic,First Owner,10.0,Toyota,5000.0,Luxury
Toyota Innova 2.5 G (Diesel) 7 Seater,2015.0,1300000.0,80000.0,Diesel,Individual,Manual,First Owner,11.0,Toyota,7272.727272727273,Luxury
Jeep Compass 1.4 Sport Plus BSIV,2014.0,1400000.0,10000.0,Petrol,None,Manual,First Owner,12.0,Jeep,833.3333333333334,Luxury
Mercedes-Benz E-Class E 200 CGI Elegance,2010.0,850000.0,119000.0,Petrol,Dealer,Manual,First Owner,16.0,Mercedes-Benz,7437.5,Luxury
BMW 3 Series 320d Sport Line,2013.0,1550000.0,75800.0,Diesel,Dealer,Automatic,Second Owner,13.0,BMW,5830.7692307692305,Luxury
Audi Q7 35 TDI Quattro Premium,2009.0,1250000.0,78000.0,Diesel,Dealer,Automatic,Third Owner,17.0,Audi,4588.235294117647,Luxury
Hyundai Elantra CRDi S,2012.0,625000.0,40000.0,Diesel,Individual,Manual,First Owner,14.0,Hyundai,2857.1428571428573,Luxury
Mahindra Scorpio 1.99 S10,2014.0,1050000.0,50000.0,Diesel,Individual,Manual,First Owner,12.0,Mahindra,4166.666666666667,Luxury
Honda City i DTEC V,2014.0,560000.0,74000.0,Diesel,Individual,Manual,Second Owner,12.0,Honda,6166.666666666667,Mid-Range
Maruti Wagon R VXI BS IV with ABS,2014.0,290000.0,64000.0,Petrol,Individual,Manual,Second Owner,12.0,Maruti,5333.333333333333,Mid-Range
Maruti Wagon R VXI BS IV,2014.0,275000.0,60000.0,Petrol,Individual,Manual,First Owner,12.0,Maruti,5000.0,Mid-Range
Mahindra Scorpio LX,2009.0,411000.0,120000.0,Diesel,None,Manual,Second Owner,17.0,Mahindra,7058.823529411765,Mid-Range
Hyundai Santro Xing GLS,2009.0,150000.0,79000.0,Petrol,Individual,Manual,Third Owner,17.0,Hyundai,4647.058823529412,Budget
Hyundai Grand i10 1.2 Kappa Asta,2019.0,500000.0,15000.0,Petrol,Individual,Manual,First Owner,7.0,Hyundai,2142.8571428571427,Mid-Range
Maruti Alto LXi,2014.0,100000.0,80000.0,Petrol,Individual,Manual,First Owner,12.0,Maruti,6666.666666666667,Budget
Maruti Swift Dzire VDI Optional,2017.0,725000.0,18500.0,Diesel,Dealer,Manual,First Owner,9.0,Maruti,2055.5555555555557,Luxury
Maruti Eeco 5 Seater AC BSIV,2018.0,401000.0,10200.0,Petrol,None,Manual,First Owner,8.0,Maruti,1275.0,Mid-Range
Hyundai i20 Sportz 1.4 CRDi,2018.0,750000.0,29000.0,Diesel,Dealer,Manual,First Owner,8.0,Hyundai,3625.0,Luxury
Maruti Omni Maruti Omni MPI STD BSIII 5-STR W/ IMMOBILISER,2018.0,310000.0,28000.0,Petrol,Dealer,Manual,First Owner,8.0,Maruti,3500.0,Mid-Range
Hyundai i20 2015-2017 Sportz Option 1.4 CRDi,2014.0,465000.0,70000.0,Diesel,Dealer,Manual,First Owner,12.0,Hyundai,5833.333333333333,Mid-Range
Maruti Alto LXi,2012.0,160000.0,60000.0,Petrol,Individual,Manual,Second Owner,14.0,Maruti,4285.714285714285,Budget
Mahindra Jeep CL 500 MDI,1996.0,250000.0,35000.0,Diesel,Individual,Manual,Second Owner,30.0,Mahindra,1166.6666666666667,Mid-Range
Honda City i DTEC VX,2014.0,675000.0,90000.0,Diesel,Dealer,Manual,First Owner,12.0,Honda,7500.0,Luxury
Tata Indica DLS,2005.0,70000.0,80000.0,Diesel,Individual,Manual,First Owner,21.0,Tata,3809.5238095238096,Budget
Hyundai EON Magna Plus,2014.0,240000.0,60000.0,None,Dealer,Manual,Second Owner,12.0,Hyundai,5000.0,Budget
Toyota Etios GD,2014.0,525000.0,92000.0,Diesel,Dealer,Manual,First Owner,12.0,Toyota,7666.666666666667,Mid-Range
Maruti Alto LXi,2009.0,151000.0,66764.0,None,Dealer,Manual,Second Owner,17.0,Maruti,3927.294117647059,Budget
Maruti Alto LXi,2009.0,140000.0,100000.0,Petrol,Individual,Manual,First Owner,17.0,Maruti,5882.35294117647,Budget
Chevrolet Tavera Neo LS B3 - 7(C) seats BSIII,2010.0,280000.0,350000.0,Diesel,Individual,Manual,Second Owner,16.0,Chevrolet,21875.0,Mid-Range
Toyota Corolla Altis Diesel D4DG,2011.0,350000.0,230000.0,Diesel,Individual,Manual,First Owner,15.0,Toyota,15333.333333333334,Mid-Range
Mahindra Scorpio 1.99 S6 Plus,2014.0,570000.0,60000.0,Diesel,Individual,Manual,First Owner,12.0,Mahindra,5000.0,Mid-Range
Tata Indigo Classic Dicor,2007.0,100000.0,39000.0,None,Individual,Manual,First Owner,19.0,Tata,2052.6315789473683,Budget
Toyota Innova 2.5 V Diesel 8-seater,2009.0,500000.0,120000.0,Diesel,None,Manual,Third Owner,17.0,Toyota,7058.823529411765,Mid-Range
Tata Indica Vista Quadrajet LS,2014.0,125000.0,166000.0,Diesel,Individual,Manual,Fourth & Above Owner,12.0,Tata,13833.333333333334,Budget
Maruti Swift 1.3 VXi,2006.0,130000.0,110000.0,Petrol,Individual,Manual,Third Owner,20.0,Maruti,5500.0,Budget
Ford EcoSport 1.5 Diesel Titanium BSIV,2014.0,925000.0,60000.0,Diesel,Individual,Manual,First Owner,12.0,Ford,5000.0,Luxury
Maruti Ciaz 1.3 Delta,2018.0,750000.0,60000.0,Diesel,Individual,Manual,First Owner,8.0,Maruti,7500.0,Luxury
Honda Civic 1.8 V AT,2007.0,200000.0,54000.0,Petrol,None,Automatic,Second Owner,19.0,Honda,2842.1052631578946,Budget
Skoda Rapid 1.5 TDI Elegance,2014.0,450000.0,120000.0,Diesel,Individual,Manual,Second Owner,12.0,Skoda,10000.0,Mid-Range
Hyundai Getz GLS,2005.0,80000.0,120000.0,Petrol,Individual,Manual,Third Owner,21.0,Hyundai,5714.285714285715,Budget
Hyundai Grand i10 CRDi Sportz,2015.0,450000.0,80000.0,Diesel,Individual,Manual,First Owner,11.0,Hyundai,7272.727272727273,Mid-Range
Hyundai Elite i20 Diesel Era,2019.0,650000.0,25000.0,Diesel,Individual,Manual,First Owner,7.0,Hyundai,3571.4285714285716,Luxury
Honda Amaze S i-VTEC,2016.0,495000.0,11958.0,Petrol,Dealer,Manual,First Owner,10.0,Honda,1195.8,Mid-Range
Honda Brio S MT,2015.0,371000.0,20000.0,Petrol,Dealer,Manual,First Owner,11.0,Honda,1818.1818181818182,Mid-Range
Hyundai Creta 1.6 SX Option,2017.0,1025000.0,9000.0,Petrol,Dealer,Manual,First Owner,9.0,Hyundai,1000.0,Luxury
Mercedes-Benz S-Class S 350d Connoisseurs Edition,2017.0,8150000.0,6500.0,Diesel,Dealer,Automatic,First Owner,9.0,Mercedes-Benz,722.2222222222222,Luxury
Mahindra XUV500 W8 2WD,2015.0,750000.0,70000.0,Diesel,Individual,Manual,First Owner,11.0,Mahindra,6363.636363636364,Luxury
Renault Duster 85PS Diesel RxL Optional,2013.0,600000.0,120000.0,Diesel,Individual,Manual,First Owner,13.0,Renault,9230.76923076923,Mid-Range
Hyundai Santro Xing XO,2007.0,80000.0,58000.0,Petrol,Dealer,Manual,Second Owner,19.0,Hyundai,3052.6315789473683,Budget
Mahindra Bolero 2011-2019 SLE,2013.0,325000.0,62200.0,Diesel,Dealer,Manual,First Owner,13.0,Mahindra,4784.615384615385,Mid-Range
Audi A6 2.0 TDI Premium Plus,2014.0,1470000.0,34000.0,Diesel,Dealer,Automatic,Second Owner,12.0,Audi,2833.3333333333335,Luxury
Fiat Avventura MULTIJET Emotion,2015.0,350000.0,53000.0,Diesel,Individual,Manual,Second Owner,11.0,Fiat,4818.181818181818,Mid-Range
Audi A8 4.2 TDI,2013.0,2800000.0,49000.0,Diesel,None,Automatic,First Owner,13.0,Audi,3769.230769230769,Luxury
Datsun RediGO 1.0 S,2017.0,210000.0,15000.0,Petrol,Dealer,Manual,Second Owner,9.0,Datsun,1666.6666666666667,Budget
Audi A4 2.0 TDI 177 Bhp Premium Plus,2013.0,1150000.0,53000.0,Diesel,Dealer,Manual,First Owner,13.0,Audi,4076.923076923077,Luxury
Mercedes-Benz E-Class Exclusive E 200 BSIV,2018.0,4500000.0,60000.0,Petrol,Dealer,Automatic,First Owner,8.0,Mercedes-Benz,7500.0,Luxury
BMW X1 sDrive 20d xLine,2017.0,2750000.0,60000.0,Diesel,Individual,Automatic,First Owner,9.0,BMW,6666.666666666667,Luxury
Volvo V40 D3 R Design,2018.0,1975000.0,21000.0,None,Dealer,Automatic,First Owner,8.0,Volvo,2625.0,Luxury
Maruti SX4 Zxi BSIII,2008.0,175000.0,29173.0,Petrol,Dealer,Manual,First Owner,18.0,Maruti,1620.7222222222222,Budget
BMW 7 Series 730Ld,2012.0,2500000.0,60000.0,Diesel,Dealer,Automatic,First Owner,14.0,BMW,4285.714285714285,Luxury
Mahindra Bolero Power Plus SLX,2017.0,628000.0,120000.0,Diesel,None,Manual,First Owner,9.0,Mahindra,13333.333333333334,Luxury
Hyundai Sonata CRDi M/T,2010.0,600000.0,100000.0,None,Individual,Manual,First Owner,16.0,Hyundai,6250.0,Mid-Range
Nissan Micra Active XV Petrol,2017.0,399000.0,30000.0,Petrol,Individual,Manual,First Owner,9.0,Nissan,3333.3333333333335,Mid-Range
Mahindra Xylo D4,2018.0,750000.0,87000.0,Diesel,Individual,Manual,First Owner,8.0,Mahindra,10875.0,Luxury
Hyundai Elite i20 Sportz Plus Dual Tone BSIV,2019.0,750000.0,15000.0,Petrol,None,Manual,First Owner,7.0,Hyundai,2142.8571428571427,Luxury
Mahindra Xylo E4 BS III,2012.0,600000.0,60000.0,Diesel,Individual,Manual,First Owner,14.0,Mahindra,4285.714285714285,Mid-Range
Maruti Wagon R LXI Minor,2010.0,100000.0,60000.0,Petrol,None,Manual,Fourth & Above Owner,16.0,Maruti,3750.0,Budget
Maruti SX4 ZXI MT BSIV,2011.0,250000.0,110000.0,Petrol,Individual,Manual,Third Owner,15.0,Maruti,7333.333333333333,Mid-Range
Renault KWID RXT,2014.0,350000.0,25000.0,None,Individual,Manual,First Owner,12.0,Renault,2083.3333333333335,Mid-Range
Hyundai Creta 1.4 CRDi S,2016.0,780000.0,60000.0,Diesel,Individual,Manual,First Owner,10.0,Hyundai,6000.0,Luxury
Maruti Swift Dzire VDI,2014.0,434000.0,60000.0,Diesel,Individual,Manual,Second Owner,12.0,Maruti,5000.0,Mid-Range
Hyundai Verna 1.6 VTVT AT S Option,2016.0,690000.0,80000.0,Petrol,Individual,Automatic,First Owner,10.0,Hyundai,8000.0,Luxury
Mahindra Scorpio LX BSIV,2014.0,555000.0,60000.0,Diesel,Individual,Manual,Second Owner,12.0,Mahindra,5000.0,Mid-Range
Maruti SX4 Vxi BSIII,2007.0,120000.0,90000.0,Petrol,None,Manual,Second Owner,19.0,Maruti,4736.8421052631575,Budget
Maruti Ertiga VDI,2014.0,500000.0,120000.0,Diesel,Individual,Manual,Second Owner,12.0,Maruti,10000.0,Mid-Range
Chevrolet Beat Diesel,2013.0,165000.0,60000.0,Diesel,Individual,Manual,First Owner,13.0,Chevrolet,4615.384615384615,Budget
Maruti Zen LX,2004.0,95000.0,50000.0,Petrol,None,Manual,First Owner,22.0,Maruti,2272.7272727272725,Budget
Maruti Baleno Delta 1.2,2018.0,550000.0,20000.0,Petrol,Individual,Manual,First Owner,8.0,Maruti,2500.0,Mid-Range
Maruti Swift Vdi BSIII,2007.0,100000.0,110000.0,Diesel,Individual,Manual,Fourth & Above Owner,19.0,Maruti,5789.473684210527,Budget
Tata Nano Lx BSIV,2012.0,100000.0,50000.0,Petrol,Individual,Manual,Second Owner,14.0,Tata,3571.4285714285716,Budget
Toyota Innova 2.5 GX (Diesel) 8 Seater,2012.0,500000.0,100000.0,Diesel,Individual,Manual,First Owner,14.0,Toyota,7142.857142857143,Mid-Range
Hyundai Creta 1.6 CRDi SX,2016.0,840000.0,70000.0,Diesel,Individual,Manual,Second Owner,10.0,Hyundai,7000.0,Luxury
Honda Amaze S i-Vtech,2016.0,490000.0,50000.0,Petrol,Individual,Manual,First Owner,10.0,Honda,5000.0,Mid-Range
Tata Indica Vista Aqua 1.4 TDI,2010.0,125000.0,60000.0,None,Individual,Manual,Second Owner,16.0,Tata,3750.0,Budget
Chevrolet Tavera Neo 2 LS B4 7 Str BSIII,2012.0,400000.0,60000.0,Diesel,Individual,Manual,Third Owner,14.0,Chevrolet,4285.714285714285,Mid-Range
Chevrolet Cruze LTZ,2015.0,1000000.0,3600.0,None,Dealer,Manual,First Owner,11.0,Chevrolet,327.27272727272725,Luxury
Ford Figo Aspire 1.2 Ti-VCT Titanium Plus,2015.0,530000.0,14272.0,Petrol,Dealer,Manual,First Owner,11.0,Ford,1297.4545454545455,Mid-Range
Ford EcoSport 1.5 Diesel Titanium Plus BSIV,2017.0,840000.0,60000.0,Diesel,Dealer,Manual,First Owner,9.0,Ford,6666.666666666667,Luxury
Hyundai i10 Sportz 1.1L,2015.0,229999.0,40000.0,Petrol,Individual,Manual,First Owner,11.0,Hyundai,3636.3636363636365,Budget
Maruti 800 Std,1998.0,40000.0,40000.0,Petrol,Individual,Manual,Fourth & Above Owner,28.0,Maruti,1428.5714285714287,Budget
Chevrolet Spark 1.0 LS,2012.0,130000.0,80000.0,Petrol,Individual,Manual,First Owner,14.0,Chevrolet,5714.285714285715,Budget
Hyundai EON Era Plus,2015.0,200000.0,70000.0,Petrol,Individual,Manual,First Owner,11.0,Hyundai,6363.636363636364,Budget
Tata Indica Vista Aqua TDI BSIII,2011.0,120000.0,70000.0,Diesel,Individual,Manual,First Owner,15.0,Tata,4666.666666666667,Budget
Hyundai Santro LP zipPlus,2003.0,75000.0,57000.0,Petrol,Individual,Manual,First Owner,23.0,Hyundai,2478.2608695652175,Budget
Tata Bolt Quadrajet XE,2016.0,250000.0,120000.0,Diesel,Individual,Manual,First Owner,10.0,Tata,12000.0,Mid-Range
Maruti 800 AC BSIII,2005.0,100000.0,30000.0,Petrol,Individual,Manual,First Owner,21.0,Maruti,1428.5714285714287,Budget
Hyundai EON Era Plus,2013.0,280000.0,3240.0,Petrol,Individual,Manual,Second Owner,13.0,Hyundai,249.23076923076923,Mid-Range
Hyundai i20 1.2 Asta,2014.0,700000.0,10000.0,Petrol,Individual,Manual,First Owner,12.0,Hyundai,833.3333333333334,Luxury
Maruti Ciaz VDi Plus,2015.0,525000.0,100000.0,Diesel,Individual,Manual,First Owner,11.0,Maruti,9090.90909090909,Mid-Range
Hyundai Santro LE,2002.0,65000.0,70000.0,Petrol,Individual,Manual,First Owner,24.0,Hyundai,2916.6666666666665,Budget
Maruti Vitara Brezza VDi,2018.0,800000.0,35000.0,Diesel,None,Manual,First Owner,8.0,Maruti,4375.0,Luxury
Hyundai Santro Xing XL eRLX Euro III,2007.0,75000.0,114000.0,Petrol,None,Manual,Second Owner,19.0,Hyundai,6000.0,Budget
Hyundai Getz 1.3 GLS,2008.0,210000.0,53772.0,Petrol,Individual,Manual,First Owner,18.0,Hyundai,2987.3333333333335,Budget
Mahindra Quanto C8,2012.0,195000.0,140000.0,Diesel,Individual,Manual,Second Owner,14.0,Mahindra,10000.0,Budget
Chevrolet Tavera Neo 3 LS 7 C BSIII,2015.0,400000.0,120000.0,Diesel,Individual,Manual,First Owner,11.0,Chevrolet,10909.09090909091,Mid-Range
Renault KWID RXT,2016.0,225000.0,25000.0,Petrol,Individual,Manual,First Owner,10.0,Renault,2500.0,Budget
Maruti Wagon R DUO LPG,2014.0,210000.0,90000.0,LPG,Individual,Manual,First Owner,12.0,Maruti,7500.0,Budget
Maruti Wagon R LXI,2020.0,240000.0,120000.0,Petrol,Individual,Manual,First Owner,6.0,Maruti,20000.0,Budget
Chevrolet Spark 1.0 LS,2011.0,99000.0,100000.0,Petrol,Individual,Manual,Third Owner,15.0,Chevrolet,6666.666666666667,Budget
Honda City i VTEC SV,2014.0,620000.0,60000.0,Petrol,Individual,Manual,First Owner,12.0,Honda,5000.0,Luxury
Honda Amaze VX i-DTEC,2013.0,500000.0,30000.0,Diesel,Individual,Manual,First Owner,13.0,Honda,2307.6923076923076,Mid-Range
Jaguar XJ 5.0 L V8 Supercharged,2014.0,2550000.0,40000.0,Petrol,Individual,Automatic,Second Owner,12.0,Jaguar,3333.3333333333335,Luxury
Maruti Swift VVT ZXI,2017.0,550000.0,60000.0,Petrol,Individual,Manual,First Owner,9.0,Maruti,6666.666666666667,Mid-Range
Tata Indigo CR4,2011.0,150000.0,155500.0,Diesel,Individual,Manual,First Owner,15.0,Tata,10366.666666666666,Budget
Hyundai i10 Asta AT,2014.0,350000.0,50000.0,Petrol,Individual,Automatic,Second Owner,12.0,Hyundai,4166.666666666667,Mid-Range
Maruti Alto LXi,2012.0,175000.0,80000.0,Petrol,Individual,Manual,Third Owner,14.0,Maruti,5714.285714285715,Budget
Hyundai Santro Xing XG,2006.0,70000.0,110000.0,Petrol,Individual,Manual,Third Owner,20.0,Hyundai,5500.0,Budget
Maruti Swift Dzire ZXI Plus,2019.0,810000.0,15000.0,Petrol,Individual,Manual,First Owner,7.0,Maruti,2142.8571428571427,Luxury
Maruti 800 AC,2007.0,95000.0,100000.0,Petrol,Individual,Manual,Second Owner,19.0,Maruti,5263.1578947368425,Budget
Maruti Alto K10 LXI CNG,2020.0,282000.0,40000.0,CNG,Individual,Manual,First Owner,6.0,Maruti,6666.666666666667,Mid-Range
Tata Nano LX SE,2013.0,72000.0,25000.0,Petrol,Individual,Manual,First Owner,13.0,Tata,1923.076923076923,Budget
Hyundai i20 Magna 1.2,2014.0,600000.0,25000.0,Petrol,Individual,Manual,First Owner,12.0,Hyundai,2083.3333333333335,Mid-Range
Skoda Rapid 1.6 MPI Ambition With Alloy Wheel,2015.0,640000.0,60000.0,Petrol,Individual,Manual,First Owner,11.0,Skoda,5454.545454545455,Luxury
Maruti Alto K10 VXI,2018.0,380000.0,22155.0,Petrol,Individual,Manual,First Owner,8.0,Maruti,2769.375,Mid-Range
Maruti Ciaz 1.4 Delta,2018.0,650000.0,70000.0,Petrol,Individual,Manual,First Owner,8.0,Maruti,8750.0,Luxury
Maruti Alto LX,2009.0,150000.0,60000.0,Petrol,Individual,Manual,Second Owner,17.0,Maruti,3529.4117647058824,Budget
Tata Nexon 1.2 Revotron XM,2018.0,430000.0,30000.0,Petrol,Individual,Manual,First Owner,8.0,Tata,3750.0,Mid-Range
Mahindra Bolero Power Plus SLX,2019.0,800000.0,15000.0,Diesel,Individual,Manual,First Owner,7.0,Mahindra,2142.8571428571427,Luxury
Maruti Zen D,2003.0,75000.0,100000.0,Diesel,Individual,Manual,First Owner,23.0,Maruti,4347.826086956522,Budget
Volkswagen Vento Celeste 1.5 TDI Highline AT,2016.0,650000.0,70000.0,Diesel,Individual,Automatic,First Owner,10.0,Volkswagen,7000.0,Luxury
Maruti Eeco 7 Seater Standard BSIV,2017.0,390000.0,24000.0,Petrol,Individual,Manual,First Owner,9.0,Maruti,2666.6666666666665,Mid-Range
Honda City 1.5 EXI,2005.0,100000.0,120000.0,Petrol,Individual,Manual,Second Owner,21.0,Honda,5714.285714285715,Budget
Mercedes-Benz New C-Class 220 CDI AT,2013.0,1500000.0,35000.0,Diesel,None,Automatic,First Owner,13.0,Mercedes-Benz,2692.3076923076924,Luxury
Maruti SX4 Zxi with Leather BSIII,2007.0,175000.0,78380.0,Petrol,Individual,Manual,First Owner,19.0,Maruti,4125.263157894737,Budget
Ford Figo Diesel Titanium,2010.0,170000.0,60000.0,Diesel,Individual,Manual,Third Owner,16.0,Ford,3750.0,Budget
Ford Figo Diesel Titanium,2011.0,190000.0,90000.0,Diesel,Individual,Manual,Third Owner,15.0,Ford,6000.0,Budget
Maruti Swift Dzire VDi,2009.0,250000.0,150000.0,Diesel,Individual,Manual,Third Owner,17.0,Maruti,8823.529411764706,Mid-Range
Mahindra Xylo E4,2009.0,229999.0,230000.0,Diesel,None,Manual,First Owner,17.0,Mahindra,13529.411764705883,Budget
Maruti Esteem Vxi - BSIII,2006.0,140000.0,70000.0,Petrol,Individual,Manual,Third Owner,20.0,Maruti,3500.0,Budget
Maruti Swift VDI BSIV,2017.0,600000.0,80362.0,Diesel,Individual,Manual,First Owner,9.0,Maruti,8929.111111111111,Mid-Range
Hyundai i20 1.2 Sportz,2012.0,280000.0,110000.0,Petrol,Individual,Manual,Third Owner,14.0,Hyundai,7857.142857142857,Mid-Range
Chevrolet Beat Diesel LT,2012.0,150000.0,60000.0,Diesel,Individual,Manual,First Owner,14.0,Chevrolet,4285.714285714285,Budget
Nissan Micra XL,2014.0,210000.0,40000.0,Petrol,Individual,Manual,Second Owner,12.0,Nissan,3333.3333333333335,Budget
BMW 5 Series 520d Luxury Line,2017.0,2900000.0,40000.0,Diesel,Individual,Automatic,First Owner,9.0,BMW,4444.444444444444,Luxury
Hyundai EON Era Plus Option,2014.0,265000.0,55000.0,Petrol,Dealer,Manual,First Owner,12.0,Hyundai,4583.333333333333,Mid-Range
Fiat Linea T Jet Emotion,2018.0,890000.0,1136.0,Petrol,Dealer,Manual,First Owner,8.0,Fiat,142.0,Luxury
Ford Figo Petrol Titanium,2014.0,350000.0,43000.0,Petrol,Dealer,Manual,First Owner,12.0,Ford,3583.3333333333335,Mid-Range
Maruti Ciaz ZDi SHVS,2016.0,685000.0,60000.0,Diesel,Individual,Manual,First Owner,10.0,Maruti,6000.0,Luxury
Skoda Rapid 1.5 TDI Ambition BSIV,2014.0,940000.0,2650.0,Diesel,Dealer,Manual,First Owner,12.0,Skoda,220.83333333333334,Luxury
Mahindra XUV500 W6 2WD,2017.0,1000000.0,40000.0,Diesel,Individual,Manual,First Owner,9.0,Mahindra,4444.444444444444,Luxury
Mahindra XUV300 W8 Option,2019.0,1150000.0,60000.0,Petrol,None,Manual,First Owner,7.0,Mahindra,8571.42857142857,Luxury
Nissan Terrano XE D,2015.0,590000.0,65000.0,Diesel,Dealer,Manual,First Owner,11.0,Nissan,5909.090909090909,Mid-Range
Maruti S-Cross Facelift,2017.0,800000.0,40000.0,None,Individual,Manual,First Owner,9.0,Maruti,4444.444444444444,Luxury
Hyundai i20 Magna 1.4 CRDi (Diesel),2012.0,385000.0,58000.0,None,Dealer,Manual,First Owner,14.0,Hyundai,4142.857142857143,Mid-Range
Mercedes-Benz New C-Class C 220 CDI BE Avantgare,2013.0,2000000.0,15000.0,None,Individual,Automatic,First Owner,13.0,Mercedes-Benz,1153.8461538461538,Luxury
Hyundai EON Era Plus,2012.0,235000.0,54000.0,Petrol,Dealer,Manual,First Owner,14.0,Hyundai,3857.1428571428573,Budget
Volkswagen Ameo 1.5 TDI Highline,2017.0,640000.0,56000.0,Diesel,Dealer,Manual,First Owner,9.0,Volkswagen,6222.222222222223,Luxury
Maruti Alto LX,2006.0,52000.0,120000.0,Petrol,Individual,Manual,Third Owner,20.0,Maruti,6000.0,Budget
Maruti Omni LPG CARGO BSIII W IMMOBILISER,2009.0,80000.0,90000.0,LPG,Individual,Manual,Second Owner,17.0,Maruti,5294.117647058823,Budget
Maruti Alto LX,2014.0,140000.0,70000.0,Petrol,Individual,Manual,Second Owner,12.0,Maruti,5833.333333333333,Budget
Hyundai Verna i (Petrol),2008.0,120000.0,90000.0,Petrol,Individual,Manual,First Owner,18.0,Hyundai,5000.0,Budget
Mahindra Renault Logan 1.5 DLS,2008.0,89999.0,213000.0,Diesel,Individual,Manual,First Owner,18.0,Mahindra,11833.333333333334,Budget
Chevrolet Optra Magnum 2.0 LS BSIII,2012.0,180000.0,120000.0,Diesel,None,Manual,First Owner,14.0,Chevrolet,8571.42857142857,Budget
Mahindra Scorpio S11 BSIV,2017.0,1500000.0,20000.0,Diesel,Individual,Manual,First Owner,9.0,Mahindra,2222.222222222222,Luxury
Hyundai i20 Active 1.2 SX,2017.0,700000.0,10000.0,Petrol,Individual,Manual,First Owner,9.0,Hyundai,1111.111111111111,Luxury
Maruti SX4 Celebration Diesel,2012.0,285000.0,80000.0,Diesel,Individual,Manual,Second Owner,14.0,Maruti,5714.285714285715,Mid-Range
Hyundai Grand i10 Magna,2015.0,390000.0,90000.0,Petrol,Individual,Manual,First Owner,11.0,Hyundai,8181.818181818182,Mid-Range
Maruti Alto LXi BSIII,2008.0,125000.0,80000.0,Petrol,Individual,Manual,First Owner,18.0,Maruti,4444.444444444444,Budget
Maruti SX4 Zxi with Leather BSIII,2008.0,225000.0,60000.0,Petrol,None,Manual,Second Owner,18.0,Maruti,3333.3333333333335,Budget
Hyundai i10 Era,2011.0,175000.0,139000.0,Petrol,Individual,Manual,Second Owner,15.0,Hyundai,9266.666666666666,Budget
Toyota Innova 2.5 V Diesel 7-seater,2011.0,1075000.0,160000.0,Diesel,Individual,Manual,Second Owner,15.0,Toyota,10666.666666666666,Luxury
Honda Mobilio V i DTEC,2014.0,300000.0,150000.0,Diesel,Individual,Manual,First Owner,12.0,Honda,12500.0,Mid-Range
Toyota Innova 2.5 G (Diesel) 7 Seater BS IV,2010.0,700000.0,163000.0,Diesel,Individual,Manual,Fourth & Above Owner,16.0,Toyota,10187.5,Luxury
Tata Indica Vista TDI LS,2011.0,120000.0,60000.0,Diesel,Individual,Manual,First Owner,15.0,Tata,4000.0,Budget
Chevrolet Beat Diesel LS,2012.0,220000.0,100000.0,Diesel,Individual,Manual,Second Owner,14.0,Chevrolet,7142.857142857143,Budget
Tata Zest Quadrajet 1.3 75PS XE,2015.0,300000.0,140000.0,Diesel,Dealer,Manual,First Owner,11.0,Tata,12727.272727272728,Mid-Range
Maruti 800 Std,2013.0,170000.0,70000.0,Petrol,Individual,Manual,First Owner,13.0,Maruti,5384.615384615385,Budget
Ford Figo Petrol Titanium,2015.0,300000.0,50000.0,Petrol,Individual,Manual,Second Owner,11.0,Ford,4545.454545454545,Mid-Range
Honda Mobilio V i DTEC,2014.0,300000.0,150000.0,Diesel,None,Manual,First Owner,12.0,Honda,12500.0,Mid-Range
Hyundai Grand i10 1.2 CRDi Asta,2018.0,465000.0,60000.0,Diesel,Individual,Manual,First Owner,8.0,Hyundai,7500.0,Mid-Range
Chevrolet Beat Diesel LT,2011.0,130000.0,80000.0,Diesel,Individual,Manual,Second Owner,15.0,Chevrolet,5333.333333333333,Budget
Datsun GO Plus T Option Petrol,2018.0,434999.0,10000.0,Petrol,Individual,Manual,First Owner,8.0,Datsun,1250.0,Mid-Range
Hyundai Grand i10 1.2 Kappa Asta,2018.0,500000.0,32000.0,Petrol,Individual,Manual,First Owner,8.0,Hyundai,4000.0,Mid-Range
Maruti Omni MPI STD BSIV,2018.0,200000.0,10000.0,None,Individual,Manual,First Owner,8.0,Maruti,1250.0,Budget
Maruti Baleno Alpha 1.2,2017.0,625000.0,52000.0,Petrol,Dealer,Manual,First Owner,9.0,Maruti,5777.777777777777,Luxury
Ford Fiesta Classic 1.4 SXI Duratorq,2006.0,110000.0,120000.0,Diesel,Individual,Manual,Third Owner,20.0,Ford,6000.0,Budget
Hyundai Elite i20 Asta Option BSIV,2019.0,800000.0,11240.0,Petrol,Individual,Manual,First Owner,7.0,Hyundai,1605.7142857142858,Luxury
Hyundai Grand i10 CRDi Magna,2017.0,490000.0,66000.0,Diesel,Dealer,Manual,First Owner,9.0,Hyundai,7333.333333333333,Mid-Range
Maruti Ertiga SHVS ZDI,2017.0,880000.0,64000.0,Diesel,Dealer,Manual,First Owner,9.0,Maruti,7111.111111111111,Luxury
Hyundai Santro Xing GL Plus,2013.0,290000.0,49000.0,Petrol,Individual,Manual,First Owner,13.0,Hyundai,3769.230769230769,Mid-Range
Tata Sumo GX TC 7 Str BSIII,2006.0,115999.0,100000.0,Diesel,Individual,Manual,Second Owner,20.0,Tata,5000.0,Budget
Renault KWID RXT,2018.0,360000.0,26500.0,Petrol,Individual,Manual,First Owner,8.0,Renault,3312.5,Mid-Range
Maruti 800 AC,2002.0,65000.0,100000.0,Petrol,Individual,Manual,Second Owner,24.0,Maruti,4166.666666666667,Budget
Maruti Vitara Brezza LDi Option,2017.0,685000.0,72000.0,None,Dealer,Manual,First Owner,9.0,Maruti,8000.0,Luxury
Honda Jazz S,2009.0,300000.0,60000.0,Petrol,Individual,Manual,First Owner,17.0,Honda,3529.4117647058824,Mid-Range
Hyundai i20 1.4 Sportz,2017.0,680000.0,44000.0,Diesel,Dealer,Manual,First Owner,9.0,Hyundai,4888.888888888889,Luxury
Maruti Ertiga SHVS ZDI Plus,2017.0,1000000.0,60000.0,Diesel,Individual,Manual,Second Owner,9.0,Maruti,6666.666666666667,Luxury
Tata Sumo SE Plus BSIII,2002.0,100000.0,120000.0,Diesel,Individual,Manual,First Owner,24.0,Tata,5000.0,Budget
Mahindra Xylo E4,2010.0,160000.0,130000.0,Diesel,Individual,Manual,First Owner,16.0,Mahindra,8125.0,Budget
Maruti Swift ZDi BSIV,2017.0,450000.0,70000.0,Diesel,Individual,Manual,First Owner,9.0,Maruti,7777.777777777777,Mid-Range
Maruti Ertiga VXI,2014.0,600000.0,20000.0,Petrol,Individual,Manual,First Owner,12.0,Maruti,1666.6666666666667,Mid-Range
Hyundai i20 1.4 Magna ABS,2009.0,180000.0,60000.0,Diesel,Individual,Manual,Second Owner,17.0,Hyundai,3529.4117647058824,Budget
Maruti Alto LXi,2007.0,100000.0,195000.0,Petrol,Individual,Manual,First Owner,19.0,Maruti,10263.157894736842,Budget
Maruti Alto LXi,2010.0,120000.0,90000.0,Petrol,Individual,Manual,Second Owner,16.0,Maruti,5625.0,Budget
Hyundai Getz GL,2014.0,130000.0,80000.0,Petrol,Individual,Manual,Third Owner,12.0,Hyundai,6666.666666666667,Budget
Mahindra Bolero Power Plus SLX,2019.0,860000.0,60000.0,Diesel,Individual,Manual,First Owner,7.0,Mahindra,8571.42857142857,Luxury
Hyundai i20 1.2 Spotz,2018.0,650000.0,20000.0,Petrol,Individual,Manual,Second Owner,8.0,Hyundai,2500.0,Luxury
Maruti Wagon R LXI Minor,2010.0,100000.0,80000.0,Petrol,Individual,Manual,Second Owner,16.0,Maruti,5000.0,Budget
Maruti Alto 800 VXI,2017.0,282000.0,20000.0,None,Individual,Manual,First Owner,9.0,Maruti,2222.222222222222,Mid-Range
Hyundai i20 Asta (o),2009.0,300000.0,50000.0,Petrol,Individual,Manual,First Owner,17.0,Hyundai,2941.176470588235,Mid-Range
Hyundai i20 Asta,2010.0,270000.0,110000.0,Petrol,Individual,Manual,Second Owner,16.0,Hyundai,6875.0,Mid-Range
Hyundai Verna 1.6 SX CRDi (O),2013.0,550000.0,29000.0,Diesel,Individual,Manual,First Owner,13.0,Hyundai,2230.769230769231,Mid-Range
Mahindra Xylo D2 BSIV,2013.0,450000.0,120000.0,Diesel,Individual,Manual,First Owner,13.0,Mahindra,9230.76923076923,Mid-Range
Mahindra Bolero SLX 2WD BSIII,2011.0,430000.0,70000.0,Diesel,Individual,Manual,Second Owner,15.0,Mahindra,4666.666666666667,Mid-Range
Maruti Ertiga VXI ABS,2013.0,350000.0,40000.0,Petrol,Individual,Manual,First Owner,13.0,Maruti,3076.923076923077,Mid-Range
Toyota Etios Liva G,2013.0,229999.0,50000.0,Petrol,Individual,Manual,Second Owner,13.0,Toyota,3846.153846153846,Budget
Maruti Swift Dzire 1.2 Vxi BSIV,2012.0,395000.0,49000.0,Petrol,Individual,Manual,Second Owner,14.0,Maruti,3500.0,Mid-Range
Mahindra Scorpio VLS AT 2.2 mHAWK,2011.0,650000.0,70000.0,Diesel,Individual,Automatic,Second Owner,15.0,Mahindra,4666.666666666667,Luxury
Mahindra Bolero SLX,2011.0,350000.0,90000.0,Diesel,Individual,Manual,Second Owner,15.0,Mahindra,6000.0,Mid-Range
Renault Duster 110PS Diesel RxL,2015.0,800000.0,15000.0,Diesel,Individual,Manual,First Owner,11.0,Renault,1363.6363636363637,Luxury
Hyundai EON Magna Plus,2018.0,229999.0,30000.0,Petrol,Individual,Manual,First Owner,8.0,Hyundai,3750.0,Budget
Maruti Wagon R VXI,2014.0,315000.0,41000.0,Petrol,Dealer,Manual,First Owner,12.0,Maruti,3416.6666666666665,Mid-Range
Chevrolet Spark 1.0 LT,2012.0,125000.0,28000.0,Petrol,Individual,Manual,First Owner,14.0,Chevrolet,2000.0,Budget
Maruti Baleno Alpha,2019.0,700000.0,16000.0,None,Individual,Manual,First Owner,7.0,Maruti,2285.714285714286,Luxury
Hyundai EON 1.0 Kappa Magna Plus,2015.0,160000.0,70000.0,Petrol,Individual,Manual,First Owner,11.0,Hyundai,6363.636363636364,Budget
Ford Figo Aspire 1.2 Ti-VCT Trend,2017.0,530000.0,10832.0,Petrol,Dealer,Manual,First Owner,9.0,Ford,1203.5555555555557,Mid-Range
Ford Figo Aspire Facelift,2018.0,624000.0,14681.0,Diesel,Dealer,Manual,First Owner,8.0,Ford,1835.125,Luxury
Mahindra Bolero SLX,2016.0,585000.0,51000.0,Diesel,None,Manual,First Owner,10.0,Mahindra,5100.0,Mid-Range
Hyundai Verna 1.4 VTVT,2015.0,500000.0,25000.0,Petrol,Individual,Manual,First Owner,11.0,Hyundai,2272.7272727272725,Mid-Range
Chevrolet Sail 1.2 LT ABS,2014.0,350000.0,30000.0,Petrol,Individual,Manual,First Owner,12.0,Chevrolet,2500.0,Mid-Range
Hyundai Grand i10 1.2 Kappa Asta,2017.0,500000.0,60000.0,Petrol,Individual,Manual,First Owner,9.0,Hyundai,6666.666666666667,Mid-Range
Mahindra Bolero Power Plus Plus AC BSIV PS,2015.0,430000.0,200000.0,Diesel,Individual,Manual,First Owner,11.0,Mahindra,18181.81818181818,Mid-Range
Hyundai Grand i10 1.2 Kappa Sportz Option,2013.0,345000.0,44000.0,Petrol,Dealer,Manual,First Owner,13.0,Hyundai,3384.6153846153848,Mid-Range
Maruti Baleno Sigma 1.2,2015.0,500000.0,10000.0,Petrol,Individual,Manual,First Owner,11.0,Maruti,909.0909090909091,Mid-Range
Tata Tiago 1.2 Revotron XZ,2019.0,425000.0,19600.0,Petrol,Individual,Manual,First Owner,7.0,Tata,2800.0,Mid-Range
Maruti Wagon R LXI,2014.0,80000.0,40000.0,None,Individual,Manual,Second Owner,12.0,Maruti,3333.3333333333335,Budget
Chevrolet Beat Diesel LS,2011.0,106000.0,50000.0,Diesel,Individual,Manual,First Owner,15.0,Chevrolet,3333.3333333333335,Budget
Datsun GO A,2015.0,250000.0,40000.0,Petrol,None,Manual,Second Owner,11.0,Datsun,3636.3636363636365,Mid-Range
Skoda Yeti Ambition 4WD,2011.0,350000.0,80000.0,Diesel,Individual,Manual,First Owner,15.0,Skoda,5333.333333333333,Mid-Range
Maruti Zen LXi BSII,2002.0,60000.0,80000.0,Petrol,Individual,Manual,Second Owner,24.0,Maruti,3333.3333333333335,Budget
Hyundai Verna CRDi 1.6 EX,2018.0,900000.0,24000.0,Diesel,Individual,Manual,First Owner,8.0,Hyundai,3000.0,Luxury
Ford Aspire Titanium Diesel BSIV,2017.0,700000.0,21170.0,Diesel,Dealer,Manual,First Owner,9.0,Ford,2352.222222222222,Luxury
BMW 3 Series 320d Sport,2013.0,2000000.0,167223.0,Diesel,Dealer,Automatic,First Owner,13.0,BMW,12863.307692307691,Luxury
Maruti Ertiga SHVS ZDI Plus,2017.0,1000000.0,40000.0,Diesel,Individual,Manual,First Owner,9.0,Maruti,4444.444444444444,Luxury
BMW X1 sDrive 20d Exclusive,2011.0,1375000.0,60000.0,Diesel,Individual,Automatic,First Owner,15.0,BMW,4000.0,Luxury
Toyota Innova Crysta 2.4 VX MT,2016.0,1800000.0,60000.0,Diesel,Dealer,Manual,First Owner,10.0,Toyota,6000.0,Luxury
Chevrolet Tavera Neo 3 10 Seats BSIV,2007.0,160000.0,120000.0,Diesel,Individual,Manual,Third Owner,19.0,Chevrolet,6315.789473684211,Budget
Mitsubishi Outlander 2.4,2012.0,525000.0,140000.0,Petrol,Individual,Automatic,First Owner,14.0,Mitsubishi,10000.0,Mid-Range
Mahindra XUV500 W8 2WD,2012.0,850000.0,212814.0,Diesel,Dealer,Manual,First Owner,14.0,Mahindra,15201.0,Luxury
Maruti Baleno Alpha 1.3,2019.0,800000.0,30000.0,Diesel,Individual,Manual,First Owner,7.0,Maruti,4285.714285714285,Luxury
Ford Figo Aspire 1.5 TDCi Titanium,2017.0,700000.0,88635.0,Diesel,Dealer,Manual,First Owner,9.0,Ford,9848.333333333334,Luxury
Maruti Swift Dzire VDI,2018.0,800000.0,25000.0,Diesel,Individual,Manual,First Owner,8.0,Maruti,3125.0,Luxury
Hyundai i20 1.2 Spotz,2017.0,575000.0,20000.0,Petrol,Individual,Manual,Second Owner,9.0,Hyundai,2222.222222222222,Mid-Range
Renault Duster 110PS Diesel RxZ,2012.0,350000.0,110000.0,Diesel,Individual,Manual,Second Owner,14.0,Renault,7857.142857142857,Mid-Range
Maruti Swift Vdi BSIII,2008.0,250000.0,120000.0,Diesel,None,Manual,Third Owner,18.0,Maruti,6666.666666666667,Mid-Range
Ford Endeavour Titanium 4X2,2011.0,600000.0,149674.0,Diesel,Dealer,Manual,First Owner,15.0,Ford,9978.266666666666,Mid-Range
Maruti Wagon R VXI BS IV,2014.0,300000.0,60000.0,Petrol,Individual,Manual,Second Owner,12.0,Maruti,5000.0,Mid-Range
Tata Indica LSI,2002.0,125000.0,40000.0,Petrol,Individual,Manual,First Owner,24.0,Tata,1666.6666666666667,Budget
Toyota Etios Liva GD,2012.0,300000.0,50000.0,Diesel,Individual,Manual,Second Owner,14.0,Toyota,3571.4285714285716,Mid-Range
Tata Nano STD,2013.0,55000.0,25000.0,Petrol,Individual,Manual,Fourth & Above Owner,13.0,Tata,1923.076923076923,Budget
Hyundai Grand i10 Sportz,2016.0,350000.0,25000.0,Petrol,Individual,Manual,First Owner,10.0,Hyundai,2500.0,Mid-Range
Hyundai Grand i10 1.2 CRDi Asta,2019.0,755000.0,8000.0,Diesel,Individual,Manual,First Owner,7.0,Hyundai,1142.857142857143,Luxury
Maruti Ertiga SHVS VDI,2017.0,720000.0,60000.0,Diesel,Individual,Manual,First Owner,9.0,Maruti,6666.666666666667,Luxury
Mahindra Bolero SLX,2006.0,229999.0,200000.0,Diesel,Individual,Manual,Third Owner,20.0,Mahindra,10000.0,Budget
Mahindra Scorpio S7 140 BSIV,2018.0,1100000.0,20000.0,Diesel,Individual,Manual,First Owner,8.0,Mahindra,2500.0,Luxury
Volkswagen Polo Petrol Comfortline 1.2L,2013.0,400000.0,100000.0,Petrol,Individual,Manual,First Owner,13.0,Volkswagen,7692.307692307692,Mid-Range
Chevrolet Beat Diesel PS,2012.0,159000.0,68000.0,Diesel,Dealer,Manual,First Owner,14.0,Chevrolet,4857.142857142857,Budget
Maruti Swift ZXi BSIV,2017.0,550000.0,38000.0,Petrol,Dealer,Manual,First Owner,9.0,Maruti,4222.222222222223,Mid-Range
Maruti Ritz VDi,2013.0,335000.0,80000.0,Diesel,Dealer,Manual,First Owner,13.0,Maruti,6153.846153846154,Mid-Range
Tata Indigo CS Emax CNG GLX,2014.0,185000.0,72000.0,CNG,Dealer,Manual,First Owner,12.0,Tata,6000.0,Budget
Maruti Eeco 5 STR With AC Plus HTR CNG,2012.0,229999.0,60000.0,CNG,Dealer,Manual,First Owner,14.0,Maruti,4285.714285714285,Budget
Maruti Estilo LXI,2014.0,225000.0,43000.0,Petrol,Dealer,Manual,First Owner,12.0,Maruti,3583.3333333333335,Budget
Maruti Swift VXI with ABS,2007.0,250000.0,120000.0,Petrol,Individual,Manual,Second Owner,19.0,Maruti,6315.789473684211,Mid-Range
Tata Zest Quadrajet 1.3 XM,2015.0,400000.0,100000.0,Diesel,Individual,Manual,First Owner,11.0,Tata,9090.90909090909,Mid-Range
Maruti Alto K10 VXI AGS Optional,2018.0,300000.0,25000.0,Petrol,Individual,Automatic,First Owner,8.0,Maruti,3125.0,Mid-Range
Maruti Alto LX,2011.0,145000.0,25000.0,Petrol,Individual,Manual,First Owner,15.0,Maruti,1666.6666666666667,Budget
Maruti SX4 Vxi BSIII,2007.0,100000.0,90000.0,Petrol,Individual,Manual,Second Owner,19.0,Maruti,4736.8421052631575,Budget
Mahindra Scorpio SLE BSIV,2014.0,500000.0,70000.0,Diesel,Individual,Manual,Second Owner,12.0,Mahindra,5833.333333333333,Mid-Range
Hyundai Santro Xing GLS CNG,2010.0,130000.0,98000.0,CNG,Individual,Manual,Second Owner,16.0,Hyundai,6125.0,Budget
Chevrolet Cruze LTZ,2010.0,240000.0,81925.0,Diesel,Individual,Manual,First Owner,16.0,Chevrolet,5120.3125,Budget
Ford Figo Diesel Celebration Edition,2013.0,150000.0,80000.0,Diesel,Individual,Manual,Second Owner,13.0,Ford,6153.846153846154,Budget
Renault KWID RXT Optional,2017.0,270000.0,40000.0,Petrol,Individual,Manual,First Owner,9.0,Renault,4444.444444444444,Mid-Range
Hyundai EON Era Plus,2012.0,200000.0,46000.0,Petrol,Individual,Manual,First Owner,14.0,Hyundai,3285.714285714286,Budget
Mahindra XUV500 W6 2WD,2012.0,550000.0,80000.0,Diesel,Individual,Manual,First Owner,14.0,Mahindra,5714.285714285715,Mid-Range
Renault KWID 1.0 RXT Optional,2018.0,325000.0,35000.0,Petrol,Individual,Manual,First Owner,8.0,Renault,4375.0,Mid-Range
Mahindra XUV500 W8 2WD,2012.0,600000.0,60000.0,Diesel,Individual,Manual,First Owner,14.0,Mahindra,4285.714285714285,Mid-Range
Chevrolet Tavera Neo 3 10 Seats BSIV,2010.0,300000.0,120000.0,Diesel,None,Manual,Third Owner,16.0,Chevrolet,7500.0,Mid-Range
Ford Fiesta 1.6 ZXi Duratec,2007.0,190000.0,60000.0,Petrol,Individual,Manual,Third Owner,19.0,Ford,3157.8947368421054,Budget
Maruti Ertiga VDI,2013.0,400000.0,110000.0,Diesel,Individual,Manual,First Owner,13.0,Maruti,8461.538461538461,Mid-Range
Tata Manza Aura Quadrajet BS IV,2011.0,260000.0,97000.0,Diesel,Individual,Manual,Second Owner,15.0,Tata,6466.666666666667,Mid-Range
Hyundai i20 Sportz Petrol,2010.0,250000.0,60000.0,Petrol,Individual,Manual,First Owner,16.0,Hyundai,3750.0,Mid-Range
Hyundai Grand i10 1.2 Kappa Asta,2019.0,600000.0,60000.0,Petrol,Individual,Manual,First Owner,7.0,Hyundai,8571.42857142857,Mid-Range
Maruti Zen Estilo VXI BSIV,2010.0,175000.0,52047.0,Petrol,Individual,Manual,First Owner,16.0,Maruti,3252.9375,Budget
Toyota Innova 2.5 G (Diesel) 8 Seater BS IV,2014.0,450000.0,200000.0,None,Individual,Manual,First Owner,12.0,Toyota,16666.666666666668,Mid-Range
Tata Tiago 1.2 Revotron XZA,2019.0,350000.0,15000.0,Petrol,Individual,Automatic,Second Owner,7.0,Tata,2142.8571428571427,Mid-Range
Maruti Vitara Brezza ZDi,2018.0,800000.0,50000.0,Diesel,Individual,Manual,First Owner,8.0,Maruti,6250.0,Luxury
Maruti Swift VXI BSIII,2011.0,250000.0,70000.0,Petrol,Individual,Manual,Second Owner,15.0,Maruti,4666.666666666667,Mid-Range
Maruti Swift VXI BSIV,2014.0,600000.0,10000.0,None,Individual,Manual,First Owner,12.0,Maruti,833.3333333333334,Mid-Range
Maruti Swift VDI BSIV,2017.0,600000.0,90000.0,Diesel,Individual,Manual,First Owner,9.0,Maruti,10000.0,Mid-Range
Maruti Alto 800 LXI,2016.0,130000.0,40000.0,Petrol,Individual,Manual,First Owner,10.0,Maruti,4000.0,Budget
Hyundai i20 Active 1.2 S,2017.0,595000.0,33100.0,Petrol,Individual,Manual,Second Owner,9.0,Hyundai,3677.777777777778,Mid-Range
Hyundai EON Era Plus,2014.0,190000.0,40000.0,Petrol,Individual,Manual,Second Owner,12.0,Hyundai,3333.3333333333335,Budget
Hyundai Santro GLS I - Euro I,2014.0,50000.0,120000.0,Petrol,Individual,Manual,Second Owner,12.0,Hyundai,10000.0,Budget
Maruti Wagon R LXI Minor,2007.0,95000.0,60000.0,Petrol,Individual,Manual,First Owner,19.0,Maruti,3157.8947368421054,Budget
Tata Safari Storme VX,2016.0,1000000.0,70000.0,Diesel,Individual,Manual,First Owner,10.0,Tata,7000.0,Luxury
Mahindra Scorpio REV 116,2006.0,220000.0,220000.0,Petrol,Individual,Manual,Second Owner,20.0,Mahindra,11000.0,Budget
Mahindra Bolero SLX,2010.0,400000.0,50000.0,Diesel,Individual,Manual,First Owner,16.0,Mahindra,3125.0,Mid-Range
Datsun GO Plus A,2015.0,315000.0,45000.0,Petrol,Individual,Manual,Second Owner,11.0,Datsun,4090.909090909091,Mid-Range
Toyota Fortuner 4x4 MT,2014.0,1000000.0,110000.0,Diesel,Individual,Manual,First Owner,12.0,Toyota,9166.666666666666,Luxury
Ford Ecosport 1.5 DV5 MT Titanium,2014.0,500000.0,49000.0,Diesel,Individual,Manual,First Owner,12.0,Ford,4083.3333333333335,Mid-Range
Mahindra XUV500 W11 AT BSIV,2018.0,1600000.0,35000.0,Diesel,Individual,Automatic,First Owner,8.0,Mahindra,4375.0,Luxury
Mahindra Supro VX 8 Str,2017.0,500000.0,160000.0,Diesel,None,Manual,First Owner,9.0,Mahindra,17777.777777777777,Mid-Range
Maruti Alto LX,2007.0,70000.0,180000.0,Petrol,Individual,Manual,Third Owner,19.0,Maruti,9473.684210526315,Budget
Maruti 800 AC,2014.0,105000.0,60000.0,Petrol,Individual,Manual,Second Owner,12.0,Maruti,5000.0,Budget
Ford Endeavour 2.5L 4X2 MT,2008.0,400000.0,110000.0,Diesel,Individual,Manual,First Owner,18.0,Ford,6111.111111111111,Mid-Range
Maruti Wagon R LXI,2004.0,80000.0,60000.0,Petrol,Individual,Manual,Third Owner,22.0,Maruti,2727.2727272727275,Budget
Maruti Alto 800 VXI,2014.0,300000.0,30000.0,Petrol,Individual,Manual,First Owner,12.0,Maruti,2500.0,Mid-Range
Mahindra KUV 100 D75 K2,2017.0,409999.0,40000.0,None,None,Manual,First Owner,9.0,Mahindra,4444.444444444444,Mid-Range
Tata New Safari DICOR 2.2 EX 4x2,2010.0,250000.0,120000.0,Diesel,Individual,Manual,Second Owner,16.0,Tata,7500.0,Mid-Range
Maruti Swift Dzire VDI,2012.0,215000.0,80000.0,Diesel,Individual,Manual,Third Owner,14.0,Maruti,5714.285714285715,Budget
Toyota Fortuner 4x4 MT,2015.0,1400000.0,120000.0,Diesel,Individual,Manual,First Owner,11.0,Toyota,10909.09090909091,Luxury
Honda Brio 1.2 VX MT,2018.0,475000.0,20000.0,Petrol,Individual,Manual,First Owner,8.0,Honda,2500.0,Mid-Range
Honda Brio 1.2 VX MT,2018.0,475000.0,22000.0,Petrol,Individual,Manual,First Owner,8.0,Honda,2750.0,Mid-Range
Chevrolet Spark 1.0 LS,2008.0,75000.0,35000.0,Petrol,Individual,Manual,Second Owner,18.0,Chevrolet,1944.4444444444443,Budget
Chevrolet Sail Hatchback LS ABS,2013.0,200000.0,120000.0,Diesel,Individual,Manual,Second Owner,13.0,Chevrolet,9230.76923076923,Budget
Tata Tiago NRG Petrol,2019.0,575000.0,8000.0,Petrol,Individual,Manual,First Owner,7.0,Tata,1142.857142857143,Mid-Range
Maruti Ritz VDi,2014.0,150000.0,40000.0,Diesel,Individual,Manual,Second Owner,12.0,Maruti,3333.3333333333335,Budget
Maruti Vitara Brezza ZDi Plus,2018.0,850000.0,10000.0,None,Individual,Manual,First Owner,8.0,Maruti,1250.0,Luxury
Hyundai Santro Era,2019.0,350000.0,30000.0,Petrol,Individual,Manual,First Owner,7.0,Hyundai,4285.714285714285,Mid-Range
Ford Endeavour 2.5L 4X2 MT,2011.0,550000.0,54000.0,Diesel,Individual,Manual,Second Owner,15.0,Ford,3600.0,Mid-Range
Hyundai Verna 1.4 VTVT,2017.0,330000.0,80577.0,Petrol,Individual,Manual,First Owner,9.0,Hyundai,8953.0,Mid-Range
Honda City i-DTEC V,2017.0,1044999.0,25000.0,Diesel,None,Manual,First Owner,9.0,Honda,2777.777777777778,Luxury
Hyundai Verna 1.6 CRDI,2011.0,300000.0,127500.0,Diesel,Individual,Manual,Second Owner,15.0,Hyundai,8500.0,Mid-Range
Hyundai EON D Lite Plus,2015.0,235000.0,40903.0,None,Dealer,Manual,First Owner,11.0,Hyundai,3718.4545454545455,Budget
Maruti Wagon R VXI,2004.0,130000.0,46000.0,Petrol,Individual,Manual,First Owner,22.0,Maruti,2090.909090909091,Budget
Ford Endeavour 4x4 XLT,2004.0,275000.0,22288.0,Diesel,Dealer,Manual,Second Owner,22.0,Ford,1013.0909090909091,Mid-Range
Volkswagen Jetta 2.0 TDI Trendline,2011.0,270000.0,180000.0,Diesel,Individual,Manual,First Owner,15.0,Volkswagen,12000.0,Mid-Range
Volkswagen Polo 1.5 TDI Highline,2015.0,500000.0,30000.0,Diesel,Individual,Manual,Second Owner,11.0,Volkswagen,2727.2727272727275,Mid-Range
Hyundai Grand i10 Sportz,2015.0,400000.0,61690.0,Petrol,Dealer,Manual,First Owner,11.0,Hyundai,5608.181818181818,Mid-Range
Hyundai i20 Asta 1.2,2014.0,600000.0,64484.0,Petrol,Dealer,Manual,First Owner,12.0,Hyundai,5373.666666666667,Mid-Range
Audi Q5 2.0 TDI,2012.0,1350000.0,90000.0,Diesel,Individual,Automatic,Second Owner,14.0,Audi,6428.571428571428,Luxury
Renault Duster 85PS Diesel RxE,2013.0,400000.0,75976.0,Diesel,Dealer,Manual,Second Owner,13.0,Renault,5844.307692307692,Mid-Range
Ford Figo Diesel Titanium,2011.0,220000.0,70000.0,Diesel,Individual,Manual,Second Owner,15.0,Ford,4666.666666666667,Budget
Honda Brio E MT,2012.0,300000.0,85962.0,Petrol,Dealer,Manual,Second Owner,14.0,Honda,6140.142857142857,Mid-Range
Maruti Omni E MPI STD BS IV,2018.0,250000.0,120000.0,None,Individual,Manual,First Owner,8.0,Maruti,15000.0,Mid-Range
Honda Mobilio V i DTEC,2014.0,600000.0,60000.0,Diesel,Individual,Manual,First Owner,12.0,Honda,5000.0,Mid-Range
Honda Brio S Option AT,2012.0,285000.0,75000.0,Petrol,Individual,Automatic,Second Owner,14.0,Honda,5357.142857142857,Mid-Range
Honda Accord 2.4 MT,2009.0,350000.0,57035.0,Petrol,Dealer,Manual,First Owner,17.0,Honda,3355.0,Mid-Range
Mahindra Bolero SLX,2011.0,170000.0,70000.0,Diesel,Individual,Manual,Third Owner,15.0,Mahindra,4666.666666666667,Budget
Ford Figo 1.2P Ambiente MT,2014.0,229999.0,45000.0,Petrol,Individual,Manual,First Owner,12.0,Ford,3750.0,Budget
Mahindra XUV500 W6 2WD,2013.0,500000.0,72104.0,Diesel,Dealer,Manual,Second Owner,13.0,Mahindra,5546.461538461538,Mid-Range
Tata Nano Lx,2011.0,75000.0,15000.0,Petrol,Individual,Manual,First Owner,15.0,Tata,1000.0,Budget
Hyundai i20 Active 1.2 SX,2016.0,600000.0,30000.0,Petrol,Individual,Manual,First Owner,10.0,Hyundai,3000.0,Mid-Range
Tata Indigo LS Dicor,2011.0,220000.0,80000.0,Diesel,Individual,Manual,First Owner,15.0,Tata,5333.333333333333,Budget
Tata Indica Vista Terra 1.4 TDI,2009.0,150000.0,164000.0,Diesel,Individual,Manual,Second Owner,17.0,Tata,9647.058823529413,Budget
Maruti Alto LX,2006.0,65000.0,124439.0,Petrol,Individual,Manual,Second Owner,20.0,Maruti,6221.95,Budget
Maruti Zen VXI,2006.0,120000.0,77000.0,Petrol,Individual,Manual,Second Owner,20.0,Maruti,3850.0,Budget
Maruti Swift Dzire VDI,2014.0,240000.0,90000.0,Diesel,Individual,Manual,First Owner,12.0,Maruti,7500.0,Budget
Renault KWID 1.0 RXT Optional,2017.0,390000.0,30000.0,Petrol,Individual,Manual,First Owner,9.0,Renault,3333.3333333333335,Mid-Range
Chevrolet Beat LS,2012.0,180000.0,50000.0,Petrol,Individual,Manual,First Owner,14.0,Chevrolet,3571.4285714285716,Budget
Maruti Swift VDI,2012.0,320000.0,80000.0,Diesel,Individual,Manual,Second Owner,14.0,Maruti,5714.285714285715,Mid-Range
Maruti Alto 800 LXI,2014.0,310000.0,5000.0,None,Individual,Manual,First Owner,12.0,Maruti,416.6666666666667,Mid-Range
Maruti Wagon R AMT VXI,2018.0,420000.0,24000.0,Petrol,Individual,Automatic,First Owner,8.0,Maruti,3000.0,Mid-Range
Tata Tiago NRG Petrol,2019.0,550000.0,10000.0,Petrol,Individual,Manual,First Owner,7.0,Tata,1428.5714285714287,Mid-Range
Maruti Ertiga SHVS VDI,2016.0,550000.0,60000.0,Diesel,Individual,Manual,Third Owner,10.0,Maruti,6000.0,Mid-Range
Maruti 800 AC BSII,2001.0,43000.0,100000.0,Petrol,Individual,Manual,Second Owner,25.0,Maruti,4000.0,Budget
Hyundai Santro Magna BSIV,2019.0,500000.0,1250.0,Petrol,Individual,Manual,First Owner,7.0,Hyundai,178.57142857142858,Mid-Range
Tata Zest Revotron 1.2 XT,2015.0,380000.0,17152.0,Petrol,Individual,Manual,First Owner,11.0,Tata,1559.2727272727273,Mid-Range
Mahindra XUV500 W11 Option AT AWD,2019.0,1850000.0,60000.0,Diesel,Individual,Automatic,First Owner,7.0,Mahindra,8571.42857142857,Luxury
Volkswagen Polo Diesel Trendline 1.2L,2012.0,350000.0,77000.0,Diesel,Individual,Manual,First Owner,14.0,Volkswagen,5500.0,Mid-Range
Hyundai Verna CRDi,2008.0,195000.0,90000.0,Diesel,Individual,Manual,Second Owner,18.0,Hyundai,5000.0,Budget
Chevrolet Beat LS,2011.0,225000.0,80000.0,Petrol,Individual,Manual,Second Owner,15.0,Chevrolet,5333.333333333333,Budget
Toyota Innova 2.5 G (Diesel) 7 Seater,2015.0,1125000.0,65000.0,Diesel,Individual,Manual,First Owner,11.0,Toyota,5909.090909090909,Luxury
Tata Indica Vista Quadrajet LX,2011.0,133000.0,80000.0,Diesel,Individual,Manual,First Owner,15.0,Tata,5333.333333333333,Budget
Hyundai EON Era Plus,2013.0,200000.0,24005.0,Petrol,Individual,Manual,First Owner,13.0,Hyundai,1846.5384615384614,Budget
Maruti Vitara Brezza ZDi Plus,2018.0,940000.0,20000.0,Diesel,Individual,Manual,First Owner,8.0,Maruti,2500.0,Luxury
Renault Duster 85PS Diesel RxL,2014.0,400000.0,120000.0,Diesel,Individual,Manual,First Owner,12.0,Renault,10000.0,Mid-Range
Maruti Swift Dzire ZDI,2015.0,625000.0,80000.0,Diesel,Individual,Manual,First Owner,11.0,Maruti,7272.727272727273,Luxury
Renault Duster 110PS Diesel RxZ,2012.0,490000.0,100000.0,Diesel,None,Manual,First Owner,14.0,Renault,7142.857142857143,Mid-Range
Maruti Alto LX,2009.0,140000.0,120000.0,Petrol,Individual,Manual,Second Owner,17.0,Maruti,7058.823529411765,Budget
Ford Figo Diesel ZXI,2011.0,175000.0,149000.0,Diesel,Individual,Manual,Second Owner,15.0,Ford,9933.333333333334,Budget
Maruti Wagon R LXI BSIII,2005.0,90000.0,65000.0,None,Individual,Manual,Second Owner,21.0,Maruti,3095.2380952380954,Budget
Maruti Swift Ldi BSIV,2009.0,275000.0,100000.0,Diesel,None,Manual,Second Owner,17.0,Maruti,5882.35294117647,Mid-Range
Volkswagen Vento Diesel Highline,2011.0,300000.0,65000.0,Diesel,Individual,Manual,Second Owner,15.0,Volkswagen,4333.333333333333,Mid-Range
Datsun GO Plus T Option BSIV,2018.0,270000.0,19000.0,Petrol,Individual,Manual,Second Owner,8.0,Datsun,2375.0,Mid-Range
Chevrolet Beat LT,2010.0,130000.0,80000.0,Petrol,Individual,Manual,Second Owner,16.0,Chevrolet,5000.0,Budget
Maruti Alto K10 VXI Airbag,2015.0,275000.0,30000.0,None,Individual,Manual,First Owner,11.0,Maruti,2727.2727272727275,Mid-Range
Maruti Swift VDI,2012.0,352000.0,109000.0,Diesel,Individual,Manual,First Owner,14.0,Maruti,7785.714285714285,Mid-Range
Hyundai EON LPG Magna Plus,2012.0,180000.0,60000.0,LPG,Individual,Manual,First Owner,14.0,Hyundai,4285.714285714285,Budget
Maruti Alto LX,2012.0,150000.0,90000.0,Petrol,Individual,Manual,First Owner,14.0,Maruti,6428.571428571428,Budget
Volkswagen Vento Diesel Highline,2011.0,300000.0,65000.0,Diesel,Individual,Manual,Second Owner,15.0,Volkswagen,4333.333333333333,Mid-Range
Mahindra Bolero DI DX 7 Seater,2007.0,225000.0,120000.0,Diesel,Individual,Manual,First Owner,19.0,Mahindra,6315.789473684211,Budget
Honda Mobilio V i DTEC,2014.0,600000.0,44000.0,Diesel,Individual,Manual,First Owner,12.0,Honda,3666.6666666666665,Mid-Range
Maruti Ertiga BSIV ZXI,2015.0,500000.0,80000.0,Petrol,Individual,Manual,First Owner,11.0,Maruti,7272.727272727273,Mid-Range
Honda BR-V i-VTEC S MT,2018.0,900000.0,5000.0,Petrol,Individual,Manual,First Owner,8.0,Honda,625.0,Luxury
Hyundai i20 Magna 1.2,2016.0,600000.0,61000.0,Petrol,Individual,Manual,First Owner,10.0,Hyundai,6100.0,Mid-Range
Hyundai i10 Era 1.1,2009.0,270000.0,27633.0,Petrol,Individual,Manual,First Owner,17.0,Hyundai,1625.4705882352941,Mid-Range
Maruti Swift Vdi BSIII,2010.0,310000.0,60000.0,Diesel,Individual,Manual,Third Owner,16.0,Maruti,3750.0,Mid-Range
Hyundai Santro Xing GLS Audio LPG,2012.0,250000.0,100000.0,LPG,Individual,Manual,First Owner,14.0,Hyundai,7142.857142857143,Mid-Range
Ford Figo 1.2P Titanium MT,2019.0,700000.0,12586.0,Petrol,Dealer,Manual,First Owner,7.0,Ford,1798.0,Luxury
Fiat Avventura Urban Cross 1.3 Multijet Emotion,2018.0,650000.0,38083.0,Diesel,Dealer,Manual,First Owner,8.0,Fiat,4760.375,Luxury
Ford Figo Diesel ZXI,2014.0,400000.0,55328.0,Diesel,Dealer,Manual,First Owner,12.0,Ford,4610.666666666667,Mid-Range
Ford Aspire Titanium Diesel BSIV,2016.0,600000.0,155201.0,Diesel,None,Manual,First Owner,10.0,Ford,15520.1,Mid-Range
Ford EcoSport 1.5 TDCi Titanium BSIV,2013.0,600000.0,93283.0,Diesel,Dealer,Manual,First Owner,13.0,Ford,7175.615384615385,Mid-Range
Maruti Swift Ldi BSIII,2009.0,300000.0,217871.0,Diesel,Dealer,Manual,First Owner,17.0,Maruti,12815.941176470587,Mid-Range
Ford Fiesta Classic 1.4 Duratorq CLXI,2014.0,450000.0,90165.0,Diesel,Dealer,Manual,First Owner,12.0,Ford,7513.75,Mid-Range
Ford Ecosport 1.5 DV5 MT Titanium,2014.0,750000.0,101504.0,Diesel,Dealer,Manual,First Owner,12.0,Ford,8458.666666666666,Luxury
Ford Figo Titanium Diesel BSIV,2010.0,325000.0,86017.0,None,None,Manual,Second Owner,16.0,Ford,5376.0625,Mid-Range
Mahindra XUV500 W8 2WD,2013.0,900000.0,85036.0,Diesel,Dealer,Manual,Second Owner,13.0,Mahindra,6541.2307692307695,Luxury
Fiat Punto 1.3 Emotion,2013.0,350000.0,160254.0,Diesel,Dealer,Manual,Second Owner,13.0,Fiat,12327.23076923077,Mid-Range
Ford EcoSport 1.5 TDCi Titanium BSIV,2013.0,600000.0,125531.0,Diesel,Dealer,Manual,Second Owner,13.0,Ford,9656.23076923077,Mid-Range
Honda WR-V i-DTEC V,2019.0,900000.0,60000.0,None,Individual,Manual,First Owner,7.0,Honda,8571.42857142857,Luxury
Maruti Ritz LDi,2013.0,280000.0,90000.0,Diesel,Individual,Manual,Third Owner,13.0,Maruti,6923.076923076923,Mid-Range
Mahindra Xylo D2,2009.0,225000.0,120000.0,Diesel,Individual,Manual,Second Owner,17.0,Mahindra,7058.823529411765,Budget
Maruti Baleno Alpha 1.2,2019.0,556000.0,24000.0,Petrol,None,Manual,First Owner,7.0,Maruti,3428.5714285714284,Mid-Range
Tata Indigo Grand Dicor,2014.0,225000.0,120000.0,Diesel,Individual,Manual,First Owner,12.0,Tata,10000.0,Budget
Honda Amaze EX i-Dtech,2013.0,325000.0,65000.0,Diesel,Dealer,Manual,First Owner,13.0,Honda,5000.0,Mid-Range
Maruti Swift VDI,2013.0,365000.0,65000.0,Diesel,Dealer,Manual,First Owner,13.0,Maruti,5000.0,Mid-Range
Hyundai Creta 1.6 CRDi SX Plus,2015.0,850000.0,84000.0,Diesel,Dealer,Manual,First Owner,11.0,Hyundai,7636.363636363636,Luxury
Toyota Etios GD SP,2013.0,350000.0,75000.0,Diesel,Dealer,Manual,First Owner,13.0,Toyota,5769.2307692307695,Mid-Range
Maruti Swift VDI,2014.0,225000.0,60000.0,Diesel,None,Manual,First Owner,12.0,Maruti,5000.0,Budget
Maruti Alto LX,2011.0,135000.0,50000.0,Petrol,Individual,Manual,First Owner,15.0,Maruti,3333.3333333333335,Budget
Maruti Wagon R LXI Minor,2007.0,140000.0,49000.0,Petrol,Dealer,Manual,First Owner,19.0,Maruti,2578.9473684210525,Budget
Maruti SX4 S Cross DDiS 320 Delta,2016.0,665000.0,560000.0,Diesel,Dealer,Manual,First Owner,10.0,Maruti,56000.0,Luxury
Renault KWID RXT,2015.0,275000.0,14365.0,Petrol,Dealer,Manual,First Owner,11.0,Renault,1305.909090909091,Mid-Range
Toyota Fortuner 2.8 4WD AT BSIV,2017.0,2750000.0,41000.0,Diesel,Individual,Automatic,First Owner,9.0,Toyota,4555.555555555556,Luxury
Maruti Ciaz VDi Option SHVS,2015.0,565000.0,65000.0,Diesel,Dealer,Manual,First Owner,11.0,Maruti,5909.090909090909,Mid-Range
Maruti Swift Dzire VDI,2013.0,425000.0,61083.0,Diesel,Dealer,Manual,First Owner,13.0,Maruti,4698.692307692308,Mid-Range
Toyota Innova 2.5 VX (Diesel) 8 Seater,2013.0,925000.0,75000.0,Diesel,Individual,Manual,First Owner,13.0,Toyota,5769.2307692307695,Luxury
Renault Duster 110PS Diesel RxL,2014.0,525000.0,65000.0,Diesel,Dealer,Manual,First Owner,12.0,Renault,5416.666666666667,Mid-Range
Hyundai EON Era Plus,2015.0,295000.0,21000.0,Petrol,Dealer,Manual,First Owner,11.0,Hyundai,1909.090909090909,Mid-Range
Jaguar XF 5.0 Litre V8 Petrol,2012.0,2050000.0,66363.0,Petrol,Dealer,Automatic,Second Owner,14.0,Jaguar,4740.214285714285,Luxury
Hyundai Creta 1.6 VTVT AT SX Plus,2018.0,1475000.0,11700.0,Petrol,Dealer,Automatic,First Owner,8.0,Hyundai,1462.5,Luxury
Hyundai Verna VTVT 1.6 AT SX Option,2017.0,1100000.0,10000.0,Petrol,Individual,Automatic,First Owner,9.0,Hyundai,1111.111111111111,Luxury
Mercedes-Benz GL-Class 350 CDI Blue Efficiency,2014.0,4400000.0,100000.0,Diesel,Individual,Automatic,Second Owner,12.0,Mercedes-Benz,8333.333333333334,Luxury
Maruti Swift ZXI BSIV,2016.0,670000.0,60000.0,None,Trustmark Dealer,Manual,First Owner,10.0,Maruti,6000.0,Luxury
Maruti S-Cross Zeta DDiS 200 SH,2015.0,750000.0,45974.0,Diesel,Trustmark Dealer,Manual,First Owner,11.0,Maruti,4179.454545454545,Luxury
Hyundai Verna 1.6 VTVT SX,2015.0,760000.0,55340.0,Petrol,Trustmark Dealer,Manual,First Owner,11.0,Hyundai,5030.909090909091,Luxury
Volkswagen Polo GTI,2017.0,850000.0,20000.0,None,Dealer,Automatic,Second Owner,9.0,Volkswagen,2222.222222222222,Luxury
Renault Pulse RxL,2015.0,390000.0,61585.0,Diesel,Trustmark Dealer,Manual,First Owner,11.0,Renault,5598.636363636364,Mid-Range
Maruti Celerio VXI AMT BSIV,2016.0,450000.0,39415.0,Petrol,Trustmark Dealer,Automatic,Second Owner,10.0,Maruti,3941.5,Mid-Range
Honda Brio V MT,2014.0,425000.0,29654.0,Petrol,Trustmark Dealer,Manual,First Owner,12.0,Honda,2471.1666666666665,Mid-Range
Maruti Baleno Alpha 1.3,2016.0,770000.0,64672.0,Diesel,Trustmark Dealer,Manual,First Owner,10.0,Maruti,6467.2,Luxury
Hyundai Creta 1.6 SX Automatic Diesel,2014.0,1150000.0,54634.0,Diesel,Trustmark Dealer,Automatic,Second Owner,12.0,Hyundai,4552.833333333333,Luxury
Honda City i VTEC V,2015.0,775000.0,66521.0,Petrol,None,Manual,First Owner,11.0,Honda,6047.363636363636,Luxury
Toyota Innova Crysta 2.4 GX AT,2018.0,1725000.0,23974.0,Diesel,Dealer,Automatic,Second Owner,8.0,Toyota,2996.75,Luxury
BMW 3 Series 320d Luxury Line,2014.0,2150000.0,60000.0,None,None,Automatic,First Owner,12.0,BMW,5000.0,Luxury
Renault Duster 85PS Diesel RxL,2013.0,450000.0,1000.0,Diesel,Dealer,Manual,Second Owner,13.0,Renault,76.92307692307692,Mid-Range
Mercedes-Benz C-Class Progressive C 220d,2018.0,3800000.0,10000.0,Diesel,Dealer,Automatic,First Owner,8.0,Mercedes-Benz,1250.0,Luxury
Audi A4 3.0 TDI Quattro,2013.0,1580000.0,86000.0,Diesel,Dealer,Manual,First Owner,13.0,Audi,6615.384615384615,Luxury
BMW X5 xDrive 30d xLine,2019.0,4950000.0,30000.0,Diesel,None,Automatic,First Owner,7.0,BMW,4285.714285714285,Luxury
Hyundai Grand i10 1.2 Kappa Magna AT,2017.0,550000.0,19890.0,Petrol,Dealer,Automatic,First Owner,9.0,Hyundai,2210.0,Mid-Range
Maruti Swift ZXI BSIV,2016.0,670000.0,7104.0,Petrol,Trustmark Dealer,Manual,First Owner,10.0,Maruti,710.4,Luxury
Maruti Ertiga VXI,2014.0,625000.0,11918.0,None,Trustmark Dealer,Manual,First Owner,12.0,Maruti,993.1666666666666,Luxury
Hyundai Grand i10 Magna AT,2017.0,520000.0,10510.0,Petrol,Dealer,Automatic,First Owner,9.0,Hyundai,1167.7777777777778,Mid-Range
Chevrolet Beat LT Option,2016.0,239000.0,41000.0,Petrol,Dealer,Manual,First Owner,10.0,Chevrolet,4100.0,Budget
Maruti S-Cross Zeta DDiS 200 SH,2015.0,750000.0,45974.0,Diesel,Trustmark Dealer,Manual,First Owner,11.0,Maruti,4179.454545454545,Luxury
Hyundai i10 Magna,2012.0,229999.0,60000.0,Petrol,Dealer,Manual,First Owner,14.0,Hyundai,4285.714285714285,Budget
Audi A6 2.0 TDI Premium Plus,2013.0,1300000.0,58500.0,Diesel,Dealer,Automatic,First Owner,13.0,Audi,4500.0,Luxury
Hyundai Santro GS,2005.0,80000.0,56580.0,None,Dealer,Manual,First Owner,21.0,Hyundai,2694.285714285714,Budget
Skoda Laura Ambiente 2.0 TDI CR MT,2012.0,385000.0,60000.0,Diesel,Dealer,Manual,First Owner,14.0,Skoda,4285.714285714285,Mid-Range
Hyundai Verna 1.6 VTVT SX,2015.0,760000.0,55340.0,Petrol,Trustmark Dealer,Manual,First Owner,11.0,Hyundai,5030.909090909091,Luxury
Renault Duster 85PS Diesel RxL,2013.0,450000.0,1000.0,Diesel,Dealer,Manual,Second Owner,13.0,Renault,76.92307692307692,Mid-Range
Mercedes-Benz C-Class Progressive C 220d,2018.0,3800000.0,10000.0,Diesel,Dealer,Automatic,First Owner,8.0,Mercedes-Benz,1250.0,Luxury
Audi A4 3.0 TDI Quattro,2013.0,1580000.0,86000.0,Diesel,Dealer,Automatic,First Owner,13.0,Audi,6615.384615384615,Luxury
BMW X5 xDrive 30d xLine,2019.0,4950000.0,30000.0,Diesel,Dealer,Automatic,First Owner,7.0,BMW,4285.714285714285,Luxury
Hyundai Creta 1.6 CRDi SX,2016.0,535000.0,52600.0,Diesel,Individual,Manual,First Owner,10.0,Hyundai,5260.0,Mid-Range
Maruti SX4 Vxi BSIV,2012.0,225000.0,110000.0,Petrol,Individual,Manual,Second Owner,14.0,Maruti,7857.142857142857,Budget
Hyundai Grand i10 1.2 Kappa Magna AT,2017.0,550000.0,19890.0,Petrol,Dealer,Manual,First Owner,9.0,Hyundai,2210.0,Mid-Range
Maruti Swift ZXI BSIV,2016.0,670000.0,60000.0,Petrol,Trustmark Dealer,Manual,First Owner,10.0,Maruti,6000.0,Luxury
Maruti Ertiga VXI,2015.0,625000.0,11918.0,Petrol,Trustmark Dealer,Manual,First Owner,11.0,Maruti,1083.4545454545455,Luxury
Hyundai Grand i10 Magna AT,2017.0,520000.0,10510.0,Petrol,Dealer,Automatic,First Owner,9.0,Hyundai,1167.7777777777778,Mid-Range
Chevrolet Beat LT Option,2016.0,239000.0,41000.0,Petrol,Dealer,Manual,First Owner,10.0,Chevrolet,4100.0,Budget
Toyota Fortuner 4x2 AT,2017.0,2600000.0,47162.0,Diesel,Trustmark Dealer,Automatic,First Owner,9.0,Toyota,5240.222222222223,Luxury
Maruti S-Cross Zeta DDiS 200 SH,2015.0,750000.0,45974.0,Diesel,Trustmark Dealer,Manual,First Owner,11.0,Maruti,4179.454545454545,Luxury
Hyundai i10 Magna,2014.0,229999.0,60000.0,Petrol,Dealer,Manual,First Owner,12.0,Hyundai,5000.0,Budget
Hyundai Santro GS,2005.0,80000.0,56580.0,Petrol,Dealer,Manual,First Owner,21.0,Hyundai,2694.285714285714,Budget
Skoda Laura Ambiente 2.0 TDI CR MT,2012.0,385000.0,52000.0,Diesel,Dealer,Manual,First Owner,14.0,Skoda,3714.285714285714,Mid-Range
Hyundai Verna 1.6 VTVT SX,2015.0,760000.0,55340.0,Petrol,Trustmark Dealer,Manual,First Owner,11.0,Hyundai,5030.909090909091,Luxury
Maruti Swift Dzire VDI,2017.0,600000.0,46507.0,Diesel,Trustmark Dealer,Manual,First Owner,9.0,Maruti,5167.444444444444,Mid-Range
Renault Duster 85PS Diesel RxL,2013.0,450000.0,1000.0,Diesel,Dealer,Manual,Second Owner,13.0,Renault,76.92307692307692,Mid-Range
Mercedes-Benz C-Class Progressive C 220d,2018.0,3800000.0,10000.0,Diesel,Dealer,Automatic,First Owner,8.0,Mercedes-Benz,1250.0,Luxury
Audi A4 3.0 TDI Quattro,2013.0,1580000.0,86000.0,None,Dealer,Automatic,First Owner,13.0,Audi,6615.384615384615,Luxury
BMW X5 xDrive 30d xLine,2019.0,4950000.0,30000.0,Diesel,Dealer,Automatic,First Owner,7.0,BMW,4285.714285714285,Luxury
Hyundai Creta 1.6 CRDi SX,2016.0,535000.0,52600.0,Diesel,Individual,Manual,First Owner,10.0,Hyundai,5260.0,Mid-Range
Maruti SX4 Vxi BSIV,2012.0,225000.0,110000.0,Petrol,Individual,Manual,Second Owner,14.0,Maruti,7857.142857142857,Budget
Hyundai Grand i10 1.2 Kappa Magna AT,2017.0,550000.0,19890.0,Petrol,Dealer,Automatic,First Owner,9.0,Hyundai,2210.0,Mid-Range
Maruti Swift ZXI BSIV,2016.0,670000.0,7104.0,Petrol,Trustmark Dealer,Manual,First Owner,10.0,Maruti,710.4,Luxury
Chevrolet Beat LT Option,2016.0,239000.0,41000.0,Petrol,Dealer,Manual,First Owner,10.0,Chevrolet,4100.0,Budget
Toyota Fortuner 4x2 AT,2017.0,2600000.0,47162.0,None,Trustmark Dealer,Automatic,First Owner,9.0,Toyota,5240.222222222223,Luxury
Maruti S-Cross Zeta DDiS 200 SH,2015.0,750000.0,45974.0,Diesel,Trustmark Dealer,Manual,First Owner,11.0,Maruti,4179.454545454545,Luxury
Hyundai i10 Magna,2012.0,229999.0,49824.0,Petrol,Dealer,Manual,First Owner,14.0,Hyundai,3558.8571428571427,Budget
Audi A6 2.0 TDI Premium Plus,2013.0,1300000.0,58500.0,Diesel,Dealer,Automatic,First Owner,13.0,Audi,4500.0,Luxury
Hyundai Santro GS,2005.0,80000.0,56580.0,Petrol,Dealer,Manual,First Owner,21.0,Hyundai,2694.285714285714,Budget
Skoda Laura Ambiente 2.0 TDI CR MT,2012.0,385000.0,52000.0,Diesel,Dealer,Manual,First Owner,14.0,Skoda,3714.285714285714,Mid-Range
Hyundai Verna 1.6 VTVT SX,2015.0,760000.0,60000.0,Petrol,None,Manual,First Owner,11.0,Hyundai,5454.545454545455,Luxury
Maruti Swift Dzire VDI,2017.0,600000.0,46507.0,Diesel,Trustmark Dealer,Manual,First Owner,9.0,Maruti,5167.444444444444,Mid-Range
Renault Duster 85PS Diesel RxL,2013.0,450000.0,1000.0,Diesel,Dealer,Manual,Second Owner,13.0,Renault,76.92307692307692,Mid-Range
Audi A4 3.0 TDI Quattro,2014.0,1580000.0,86000.0,Diesel,Dealer,Automatic,First Owner,12.0,Audi,7166.666666666667,Luxury
BMW X5 xDrive 30d xLine,2019.0,4950000.0,30000.0,None,Dealer,Automatic,First Owner,7.0,BMW,4285.714285714285,Luxury
Hyundai Creta 1.6 CRDi SX,2016.0,535000.0,52600.0,Diesel,Individual,Manual,First Owner,10.0,Hyundai,5260.0,Mid-Range
Maruti SX4 Vxi BSIV,2012.0,225000.0,110000.0,Petrol,Individual,Manual,Second Owner,14.0,Maruti,7857.142857142857,Budget
Hyundai Grand i10 1.2 Kappa Magna AT,2017.0,550000.0,19890.0,Petrol,Dealer,Automatic,First Owner,9.0,Hyundai,2210.0,Mid-Range
Maruti Ertiga VXI,2015.0,625000.0,11918.0,Petrol,Trustmark Dealer,Manual,First Owner,11.0,Maruti,1083.4545454545455,Luxury
Hyundai Grand i10 Magna AT,2017.0,520000.0,10510.0,Petrol,Dealer,Automatic,First Owner,9.0,Hyundai,1167.7777777777778,Mid-Range
Chevrolet Beat LT Option,2016.0,239000.0,41000.0,Petrol,Dealer,Manual,First Owner,10.0,Chevrolet,4100.0,Budget
Toyota Fortuner 4x2 AT,2017.0,2600000.0,47162.0,Diesel,Trustmark Dealer,Automatic,First Owner,9.0,Toyota,5240.222222222223,Luxury
Maruti S-Cross Zeta DDiS 200 SH,2015.0,750000.0,45974.0,Diesel,Trustmark Dealer,Manual,First Owner,11.0,Maruti,4179.454545454545,Luxury
Hyundai i10 Magna,2012.0,229999.0,49824.0,Petrol,Dealer,Manual,First Owner,14.0,Hyundai,3558.8571428571427,Budget
Audi A6 2.0 TDI Premium Plus,2013.0,1300000.0,58500.0,Diesel,Dealer,Automatic,First Owner,13.0,Audi,4500.0,Luxury
Hyundai Santro GS,2005.0,80000.0,56580.0,Petrol,Dealer,Manual,First Owner,21.0,Hyundai,2694.285714285714,Budget
Skoda Laura Ambiente 2.0 TDI CR MT,2012.0,385000.0,52000.0,Diesel,Dealer,Manual,First Owner,14.0,Skoda,3714.285714285714,Mid-Range
Hyundai Verna 1.6 VTVT SX,2015.0,760000.0,55340.0,Petrol,Trustmark Dealer,Manual,First Owner,11.0,Hyundai,5030.909090909091,Luxury
Maruti Swift Dzire VDI,2017.0,600000.0,46507.0,Diesel,Trustmark Dealer,Manual,First Owner,9.0,Maruti,5167.444444444444,Mid-Range
Maruti Alto 800 LXI,2014.0,114999.0,30000.0,None,Individual,Manual,First Owner,12.0,Maruti,2500.0,Budget
Hyundai i20 Sportz 1.2,2013.0,380000.0,50000.0,Petrol,Individual,Manual,Second Owner,13.0,Hyundai,3846.153846153846,Mid-Range
Maruti Gypsy E MG410W ST,1995.0,95000.0,100000.0,Petrol,Individual,Manual,Second Owner,31.0,Maruti,3225.8064516129034,Budget
Mahindra Scorpio 1.99 S6 Plus,2016.0,900000.0,60000.0,None,Individual,Manual,First Owner,10.0,Mahindra,6000.0,Luxury
Chevrolet Beat LT,2012.0,200999.0,90000.0,Petrol,Individual,Manual,Second Owner,14.0,Chevrolet,6428.571428571428,Budget
Maruti Omni E MPI STD BS IV,2014.0,229999.0,11451.0,Petrol,Individual,Manual,First Owner,12.0,Maruti,954.25,Budget
Tata Nexon 1.5 Revotorq XZ,2019.0,800000.0,60000.0,Diesel,Individual,Manual,First Owner,7.0,Tata,8571.42857142857,Luxury
Mahindra Verito 1.5 D4 BSIV,2012.0,150000.0,172000.0,Diesel,Individual,Manual,Second Owner,14.0,Mahindra,12285.714285714286,Budget
Maruti Swift VDI,2018.0,600000.0,60000.0,Diesel,Individual,Manual,First Owner,8.0,Maruti,7500.0,Mid-Range
Chevrolet Tavera LS B3 7 Seats BSII,2014.0,150000.0,150000.0,Diesel,Individual,Manual,First Owner,12.0,Chevrolet,12500.0,Budget
Chevrolet Optra Magnum 2.0 LS,2014.0,150000.0,66000.0,Diesel,Individual,Manual,First Owner,12.0,Chevrolet,5500.0,Budget
Maruti Swift 1.3 VXi,2006.0,80000.0,66508.0,Petrol,Individual,Manual,Second Owner,20.0,Maruti,3325.4,Budget
Honda Civic 1.8 MT Sport,2007.0,225000.0,55000.0,Petrol,Individual,Manual,Second Owner,19.0,Honda,2894.7368421052633,Budget
Tata Nano Lx BSIV,2012.0,75000.0,29900.0,Petrol,Individual,Manual,First Owner,14.0,Tata,2135.714285714286,Budget
Tata Hexa XT 4X4,2017.0,1600000.0,3000.0,Diesel,Individual,Manual,First Owner,9.0,Tata,333.3333333333333,Luxury
Tata Indica Vista Quadrajet VX,2012.0,185000.0,85000.0,Diesel,None,Manual,First Owner,14.0,Tata,6071.428571428572,Budget
Mahindra Scorpio 2.6 CRDe SLE,2011.0,425000.0,50000.0,Diesel,Individual,Manual,First Owner,15.0,Mahindra,3333.3333333333335,Mid-Range
Tata Indica Vista Aqua 1.4 TDI,2010.0,100000.0,120000.0,Diesel,Individual,Manual,Second Owner,16.0,Tata,7500.0,Budget
Maruti Zen Estilo LXI BSIII,2008.0,140000.0,90000.0,Petrol,Individual,Manual,Third Owner,18.0,Maruti,5000.0,Budget
Maruti Swift Dzire AMT ZXI Plus BS IV,2017.0,710000.0,8000.0,Petrol,Individual,Automatic,First Owner,9.0,Maruti,888.8888888888889,Luxury
Honda Amaze S AT i-Vtech,2015.0,450000.0,7900.0,Petrol,Individual,Automatic,First Owner,11.0,Honda,718.1818181818181,Mid-Range
Datsun RediGO T Option,2017.0,210000.0,60000.0,Petrol,Individual,Manual,First Owner,9.0,Datsun,6666.666666666667,Budget
Maruti Alto K10 VXI,2016.0,270000.0,25000.0,Petrol,Individual,Manual,First Owner,10.0,Maruti,2500.0,Mid-Range
Maruti Alto LXi,2009.0,110000.0,20000.0,Petrol,Individual,Manual,First Owner,17.0,Maruti,1176.4705882352941,Budget
Maruti Swift VXI,2014.0,540000.0,17500.0,Petrol,Individual,Manual,First Owner,12.0,Maruti,1458.3333333333333,Mid-Range
Mahindra Renault Logan 1.4 GLX Petrol,2008.0,145000.0,25000.0,Petrol,Individual,Manual,First Owner,18.0,Mahindra,1388.888888888889,Budget
Tata Safari Storme VX,2013.0,360000.0,206500.0,Diesel,Individual,Manual,First Owner,13.0,Tata,15884.615384615385,Mid-Range
Hyundai i10 Magna LPG,2013.0,250000.0,88600.0,LPG,Individual,Manual,First Owner,13.0,Hyundai,6815.384615384615,Mid-Range
Tata Venture EX,2012.0,110000.0,80000.0,Diesel,Individual,Manual,First Owner,14.0,Tata,5714.285714285715,Budget
Chevrolet Captiva LT,2008.0,250000.0,100000.0,None,Individual,Manual,Fourth & Above Owner,18.0,Chevrolet,5555.555555555556,Mid-Range
Ford Fiesta Classic 1.4 Duratorq CLXI,2011.0,150000.0,186000.0,Diesel,Individual,Manual,Second Owner,15.0,Ford,12400.0,Budget
Chevrolet Aveo U-VA 1.2 LS,2010.0,140000.0,60000.0,Petrol,Individual,Manual,First Owner,16.0,Chevrolet,3750.0,Budget
Maruti Ciaz Zeta BSIV,2019.0,925000.0,11000.0,Petrol,Individual,Manual,First Owner,7.0,Maruti,1571.4285714285713,Luxury
Tata Hexa XM,2017.0,969999.0,60000.0,Diesel,Individual,Manual,First Owner,9.0,Tata,6666.666666666667,Luxury
Hyundai Santro GLS I - Euro I,2001.0,55000.0,60000.0,Petrol,Individual,Manual,Third Owner,25.0,Hyundai,2400.0,Budget
Hyundai Verna CRDi,2007.0,155000.0,100000.0,Diesel,Individual,Manual,Fourth & Above Owner,19.0,Hyundai,5263.1578947368425,Budget
Mahindra Thar CRDe ABS,2019.0,900000.0,15000.0,Diesel,Individual,Manual,First Owner,7.0,Mahindra,2142.8571428571427,Luxury
Maruti Alto K10 2010-2014 VXI,2011.0,135000.0,90000.0,Petrol,Individual,Manual,First Owner,15.0,Maruti,6000.0,Budget
Maruti 800 AC,2012.0,180000.0,120000.0,Petrol,Individual,Manual,First Owner,14.0,Maruti,8571.42857142857,Budget
Hyundai Verna 1.6 SX,2013.0,495000.0,100000.0,Diesel,None,Manual,Second Owner,13.0,Hyundai,7692.307692307692,Mid-Range
Toyota Innova 2.5 V Diesel 8-seater,2009.0,400000.0,60000.0,Diesel,Individual,Manual,Third Owner,17.0,Toyota,3529.4117647058824,Mid-Range
Hyundai Verna CRDi,2008.0,250000.0,110000.0,Diesel,Individual,Manual,Second Owner,18.0,Hyundai,6111.111111111111,Mid-Range
Maruti Alto K10 LXI,2015.0,138000.0,120000.0,Petrol,Individual,Manual,Fourth & Above Owner,11.0,Maruti,10909.09090909091,Budget
Honda City 1.5 V AT,2011.0,311000.0,70000.0,Petrol,Individual,Automatic,Second Owner,15.0,Honda,4666.666666666667,Mid-Range
Maruti Alto 800 VXI,2015.0,190000.0,70000.0,Petrol,Individual,Manual,First Owner,11.0,Maruti,6363.636363636364,Budget
Mahindra Bolero SLX,2014.0,311000.0,140000.0,Diesel,None,Manual,First Owner,12.0,Mahindra,11666.666666666666,Mid-Range
Maruti Ritz LXI,2009.0,300000.0,15000.0,Petrol,Individual,Manual,First Owner,17.0,Maruti,882.3529411764706,Mid-Range
Honda Jazz VX,2018.0,600000.0,20000.0,Petrol,Individual,Manual,First Owner,8.0,Honda,2500.0,Mid-Range
Mahindra Scorpio SLE BSIII,2009.0,550000.0,100000.0,Diesel,Individual,Manual,First Owner,17.0,Mahindra,5882.35294117647,Mid-Range
Skoda Rapid 1.6 MPI AT Elegance Plus,2015.0,600000.0,70000.0,Petrol,Individual,Automatic,First Owner,11.0,Skoda,6363.636363636364,Mid-Range
Maruti Alto 800 VXI,2018.0,195000.0,5000.0,Petrol,Individual,Manual,First Owner,8.0,Maruti,625.0,Budget
Tata Nano LX,2013.0,58000.0,27974.0,Petrol,Individual,Manual,First Owner,13.0,Tata,2151.846153846154,Budget
Maruti Alto 800 VXI,2018.0,183000.0,40000.0,None,Individual,Manual,First Owner,8.0,Maruti,5000.0,Budget
Maruti Zen Estilo 1.1 VXI BSIII,2007.0,95000.0,80000.0,Petrol,Individual,Manual,First Owner,19.0,Maruti,4210.526315789473,Budget
Maruti Wagon R LX Minor,2013.0,250000.0,38000.0,Petrol,Individual,Manual,First Owner,13.0,Maruti,2923.076923076923,Mid-Range
Maruti Wagon R LX Minor,2013.0,250000.0,38000.0,Petrol,Individual,Manual,First Owner,13.0,Maruti,2923.076923076923,Mid-Range
Tata Zest Revotron 1.2 XT,2014.0,400000.0,35000.0,Petrol,Individual,Manual,First Owner,12.0,Tata,2916.6666666666665,Mid-Range
Hyundai Verna 1.6 SX CRDi (O),2012.0,409999.0,60000.0,None,Individual,Manual,Second Owner,14.0,Hyundai,4285.714285714285,Mid-Range
Skoda Octavia Classic 1.9 TDI MT,2004.0,120000.0,120000.0,Diesel,None,Manual,Second Owner,22.0,Skoda,5454.545454545455,Budget
Maruti Swift AMT VXI,2018.0,600000.0,18000.0,Petrol,None,Automatic,First Owner,8.0,Maruti,2250.0,Mid-Range
Honda Amaze SX i-VTEC,2016.0,600000.0,10000.0,Petrol,Individual,Manual,First Owner,10.0,Honda,1000.0,Mid-Range
Toyota Etios GD,2016.0,625000.0,80000.0,Diesel,Individual,Manual,Second Owner,10.0,Toyota,8000.0,Luxury
Hyundai Grand i10 Nios Magna CRDi,2020.0,700000.0,1400.0,Diesel,Individual,Manual,First Owner,6.0,Hyundai,233.33333333333334,Luxury
Chevrolet Beat LS,2011.0,160000.0,60000.0,Petrol,Individual,Manual,First Owner,15.0,Chevrolet,4000.0,Budget
Maruti Alto LX,2011.0,114999.0,60000.0,Petrol,Individual,Manual,Third Owner,15.0,Maruti,4000.0,Budget
Maruti Wagon R LXI Minor,2009.0,150000.0,53000.0,Petrol,None,Manual,First Owner,17.0,Maruti,3117.6470588235293,Budget
Volkswagen Jetta 1.9 L TDI,2010.0,250000.0,100000.0,Diesel,Dealer,Manual,First Owner,16.0,Volkswagen,6250.0,Mid-Range
Hyundai Verna 1.6 SX,2012.0,390000.0,86000.0,Diesel,Dealer,Manual,Second Owner,14.0,Hyundai,6142.857142857143,Mid-Range
Hyundai i20 1.2 Sportz,2011.0,250000.0,120000.0,Petrol,Individual,Manual,First Owner,15.0,Hyundai,8000.0,Mid-Range
Hyundai Santro Xing GL Plus LPG,2011.0,229999.0,60000.0,LPG,Individual,Manual,Second Owner,15.0,Hyundai,4000.0,Budget
Chevrolet Cruze LTZ,2010.0,330000.0,124000.0,Diesel,Individual,Manual,Second Owner,16.0,Chevrolet,7750.0,Mid-Range
Hyundai Accent Executive,2012.0,180000.0,100000.0,Petrol,Individual,Manual,Third Owner,14.0,Hyundai,7142.857142857143,Budget
Hyundai Grand i10 1.2 Kappa Asta,2017.0,475000.0,42000.0,Petrol,Individual,Manual,First Owner,9.0,Hyundai,4666.666666666667,Mid-Range
Hyundai Grand i10 CRDi Sportz,2015.0,325000.0,100000.0,Diesel,Individual,Manual,First Owner,11.0,Hyundai,9090.90909090909,Mid-Range
Honda City i VTEC V,2016.0,639000.0,28205.0,Petrol,Dealer,Manual,First Owner,10.0,Honda,2820.5,Luxury
Maruti Celerio VXI AT,2017.0,415000.0,32670.0,Petrol,Dealer,Automatic,First Owner,9.0,Maruti,3630.0,Mid-Range
Hyundai Creta 1.6 CRDi AT SX Plus,2016.0,1199000.0,30093.0,Diesel,Dealer,Automatic,First Owner,10.0,Hyundai,3009.3,Luxury
Maruti Ertiga VXI CNG,2013.0,525000.0,56228.0,CNG,Dealer,Manual,First Owner,13.0,Maruti,4325.2307692307695,Mid-Range
Hyundai Verna 1.6 SX VTVT,2013.0,425000.0,59319.0,Petrol,Dealer,Manual,First Owner,13.0,Hyundai,4563.0,Mid-Range
Maruti Vitara Brezza VDi,2016.0,699000.0,39503.0,None,Dealer,Manual,First Owner,10.0,Maruti,3950.3,Luxury
Volkswagen Vento Petrol Highline AT,2011.0,269000.0,76259.0,Petrol,Dealer,Automatic,First Owner,15.0,Volkswagen,5083.933333333333,Mid-Range
Volkswagen Polo Diesel Highline 1.2L,2013.0,399000.0,44049.0,None,Dealer,Manual,First Owner,13.0,Volkswagen,3388.3846153846152,Mid-Range
Toyota Etios V,2011.0,249000.0,41125.0,Petrol,None,Manual,First Owner,15.0,Toyota,2741.6666666666665,Budget
Audi A4 New  2.0 TDI Multitronic,2014.0,1549000.0,42215.0,Diesel,Dealer,Automatic,First Owner,12.0,Audi,3517.9166666666665,Luxury
Skoda Rapid 1.6 MPI Active,2012.0,269000.0,52547.0,Petrol,Dealer,Manual,First Owner,14.0,Skoda,3753.3571428571427,Mid-Range
Maruti Ertiga ZDI,2014.0,665000.0,59110.0,Diesel,None,Manual,First Owner,12.0,Maruti,4925.833333333333,Luxury
Maruti Wagon R Stingray LXI,2014.0,299000.0,54565.0,Petrol,None,Manual,First Owner,12.0,Maruti,4547.083333333333,Mid-Range
Hyundai i20 Asta,2010.0,265000.0,47564.0,Petrol,Dealer,Manual,Second Owner,16.0,Hyundai,2972.75,Mid-Range
Volkswagen Polo Petrol Highline 1.2L,2010.0,211000.0,45143.0,Petrol,Dealer,Manual,Second Owner,16.0,Volkswagen,2821.4375,Budget
Skoda Superb 1.8 TSI,2013.0,599000.0,61624.0,Petrol,Dealer,Automatic,Second Owner,13.0,Skoda,4740.307692307692,Mid-Range
Tata Indigo LS,2014.0,55000.0,195000.0,Diesel,Individual,Manual,Third Owner,12.0,Tata,16250.0,Budget
Hyundai Verna 1.6 SX CRDi (O),2014.0,550000.0,50000.0,Diesel,Individual,Manual,First Owner,12.0,Hyundai,4166.666666666667,Mid-Range
Land Rover Discovery Sport TD4 HSE 7S,2018.0,4000000.0,68000.0,Diesel,Individual,Automatic,First Owner,8.0,Land,8500.0,Luxury
Tata Sumo GX TC 8 Str,2010.0,220000.0,120000.0,Diesel,None,Manual,Second Owner,16.0,Tata,7500.0,Budget
Maruti Swift VXI,2019.0,500000.0,20000.0,Petrol,Individual,Manual,First Owner,7.0,Maruti,2857.1428571428573,Mid-Range
Maruti Alto LXi,2010.0,140000.0,30000.0,Petrol,None,Manual,First Owner,16.0,Maruti,1875.0,Budget
Maruti Swift VDI,2013.0,325000.0,60000.0,Diesel,Individual,Manual,First Owner,13.0,Maruti,4615.384615384615,Mid-Range
Hyundai i20 Magna,2010.0,210000.0,90000.0,None,Individual,Manual,Third Owner,16.0,Hyundai,5625.0,Budget
Maruti Alto LXi,2008.0,110000.0,90000.0,Petrol,Individual,Manual,Second Owner,18.0,Maruti,5000.0,Budget
Hyundai Verna CRDi 1.6 SX Option,2019.0,1200000.0,25000.0,Diesel,Individual,Manual,First Owner,7.0,Hyundai,3571.4285714285716,Luxury
Maruti Alto 800 VXI,2017.0,229999.0,40000.0,None,Individual,Manual,First Owner,9.0,Maruti,4444.444444444444,Budget
Maruti SX4 Vxi BSIV,2012.0,225000.0,60000.0,Petrol,Individual,Manual,Second Owner,14.0,Maruti,4285.714285714285,Budget
Maruti Alto 800 LXI,2006.0,165000.0,132000.0,Petrol,Individual,Manual,First Owner,20.0,Maruti,6600.0,Budget
Tata Tiago XZA AMT,2018.0,525000.0,60000.0,Petrol,Dealer,Automatic,First Owner,8.0,Tata,7500.0,Mid-Range
Hyundai EON Era Plus,2018.0,325000.0,20629.0,None,Dealer,Manual,First Owner,8.0,Hyundai,2578.625,Mid-Range
Toyota Innova Crysta 2.4 VX MT BSIV,2018.0,1500000.0,50000.0,Diesel,Individual,Manual,First Owner,8.0,Toyota,6250.0,Luxury
Hyundai Grand i10 AT Asta,2015.0,400000.0,30000.0,Petrol,Individual,Automatic,First Owner,11.0,Hyundai,2727.2727272727275,Mid-Range
Maruti Ciaz VXi,2015.0,550000.0,69782.0,Petrol,Dealer,Manual,First Owner,11.0,Maruti,6343.818181818182,Mid-Range
Maruti 800 Std,2014.0,98000.0,54000.0,Petrol,Individual,Manual,First Owner,12.0,Maruti,4500.0,Budget
Mahindra XUV500 W8 4WD,2013.0,900000.0,63654.0,Diesel,Dealer,Manual,First Owner,13.0,Mahindra,4896.461538461538,Luxury
Renault Lodgy 85PS RxL,2017.0,700000.0,60000.0,Diesel,Individual,Manual,First Owner,9.0,Renault,6666.666666666667,Luxury
Mahindra Scorpio S6 Plus 7 Seater,2014.0,890000.0,52000.0,Diesel,Dealer,Manual,First Owner,12.0,Mahindra,4333.333333333333,Luxury
Maruti Swift LDI BSIV,2014.0,490000.0,59385.0,Diesel,Dealer,Manual,First Owner,12.0,Maruti,4948.75,Mid-Range
Hyundai i20 2015-2017 Magna 1.2,2015.0,525000.0,70378.0,None,Dealer,Manual,First Owner,11.0,Hyundai,6398.0,Mid-Range
Maruti Wagon R LXI BS IV,2013.0,330000.0,55425.0,Petrol,Dealer,Manual,First Owner,13.0,Maruti,4263.461538461538,Mid-Range
Mahindra Bolero 2011-2019 SLX 2WD BSIII,2014.0,550000.0,78413.0,Diesel,Dealer,Manual,Second Owner,12.0,Mahindra,6534.416666666667,Mid-Range
Mahindra Bolero Power Plus SLX,2018.0,790000.0,40890.0,Diesel,Dealer,Manual,First Owner,8.0,Mahindra,5111.25,Luxury
Honda Brio S MT,2015.0,350000.0,34823.0,Petrol,Dealer,Manual,Second Owner,11.0,Honda,3165.7272727272725,Mid-Range
Toyota Innova Crysta 2.8 ZX AT BSIV,2017.0,1700000.0,75000.0,Diesel,Individual,Automatic,First Owner,9.0,Toyota,8333.333333333334,Luxury
Honda Amaze EX i-Dtech,2014.0,409999.0,56541.0,Diesel,Dealer,Manual,First Owner,12.0,Honda,4711.75,Mid-Range
Hyundai EON Magna Plus,2016.0,220000.0,43700.0,Petrol,Individual,Manual,First Owner,10.0,Hyundai,4370.0,Budget
Tata Indica GLS BS IV,2009.0,68000.0,60000.0,Petrol,Individual,Manual,Second Owner,17.0,Tata,3529.4117647058824,Budget
Hyundai EON Era Plus,2017.0,290000.0,20000.0,Petrol,Individual,Manual,First Owner,9.0,Hyundai,2222.222222222222,Mid-Range
Honda City i DTec SV,2014.0,600000.0,27483.0,Diesel,Dealer,Manual,First Owner,12.0,Honda,2290.25,Mid-Range
Maruti Alto 800 LXI,2014.0,180000.0,56207.0,Petrol,Dealer,Manual,Second Owner,12.0,Maruti,4683.916666666667,Budget
Maruti Zen LXI,2006.0,80000.0,70000.0,Petrol,Individual,Manual,First Owner,20.0,Maruti,3500.0,Budget
Honda WR-V i-VTEC VX,2018.0,875000.0,1440.0,Petrol,Individual,Manual,First Owner,8.0,Honda,180.0,Luxury
Maruti Alto 800 LXI,2019.0,300000.0,50000.0,Petrol,Individual,Manual,First Owner,7.0,Maruti,7142.857142857143,Mid-Range
Toyota Fortuner 2.8 2WD AT BSIV,2017.0,2800000.0,20000.0,Diesel,Individual,Automatic,First Owner,9.0,Toyota,2222.222222222222,Luxury
Toyota Innova Crysta 2.4 ZX MT,2017.0,1330000.0,91195.0,Diesel,Dealer,Manual,First Owner,9.0,Toyota,10132.777777777777,Luxury
Volkswagen Polo 1.5 TDI Trendline,2011.0,220000.0,63657.0,Diesel,Dealer,Manual,First Owner,15.0,Volkswagen,4243.8,Budget
Mahindra Verito Vibe 1.5 dCi D4,2013.0,250000.0,60000.0,Diesel,Individual,Manual,First Owner,13.0,Mahindra,4615.384615384615,Mid-Range
Toyota Innova 2.5 G (Diesel) 7 Seater,2016.0,919999.0,75000.0,Diesel,Dealer,Manual,First Owner,10.0,Toyota,7500.0,Luxury
Volkswagen Vento Magnific 1.6 Highline,2013.0,380000.0,97248.0,Petrol,Dealer,Manual,First Owner,13.0,Volkswagen,7480.615384615385,Mid-Range
Maruti Swift VDI,2012.0,450000.0,46000.0,Diesel,Individual,Manual,First Owner,14.0,Maruti,3285.714285714286,Mid-Range
Hyundai Verna 1.6 VTVT AT S Option,2016.0,770000.0,10000.0,Petrol,Individual,Automatic,First Owner,10.0,Hyundai,1000.0,Luxury
Maruti Swift Dzire LDI,2018.0,550000.0,80000.0,Diesel,Individual,Manual,First Owner,8.0,Maruti,10000.0,Mid-Range
Tata New Safari DICOR 2.2 GX 4x2,2011.0,320000.0,100000.0,Diesel,Individual,Manual,Second Owner,15.0,Tata,6666.666666666667,Mid-Range
Maruti SX4 Vxi BSIV,2013.0,400000.0,35000.0,Petrol,Individual,Manual,First Owner,13.0,Maruti,2692.3076923076924,Mid-Range
Maruti SX4 ZDI,2014.0,220000.0,90000.0,Diesel,Individual,Manual,Third Owner,12.0,Maruti,7500.0,Budget
Mahindra XUV500 W8 2WD,2012.0,400000.0,150000.0,Diesel,None,Manual,Second Owner,14.0,Mahindra,10714.285714285714,Mid-Range
Hyundai Verna 1.6 SX VTVT (O),2013.0,530000.0,89000.0,None,Individual,Manual,Second Owner,13.0,Hyundai,6846.153846153846,Mid-Range
Maruti Swift Dzire VDI,2014.0,390000.0,60000.0,Diesel,Individual,Manual,Second Owner,12.0,Maruti,5000.0,Mid-Range
Fiat Grande Punto 1.3 Dynamic (Diesel),2012.0,185000.0,100000.0,Diesel,Individual,Manual,First Owner,14.0,Fiat,7142.857142857143,Budget
Maruti SX4 Vxi BSIV,2012.0,300000.0,100000.0,Petrol,Individual,Manual,Second Owner,14.0,Maruti,7142.857142857143,Mid-Range
Maruti Swift VDI BSIV,2014.0,575000.0,90000.0,Diesel,Individual,Manual,Second Owner,12.0,Maruti,7500.0,Mid-Range
Maruti Wagon R Stingray VXI,2014.0,300000.0,75000.0,Petrol,Individual,Manual,First Owner,12.0,Maruti,6250.0,Mid-Range
Toyota Etios Liva 1.4 VD,2017.0,425000.0,36000.0,Diesel,Dealer,Manual,First Owner,9.0,Toyota,4000.0,Mid-Range
Hyundai Xcent 1.2 Kappa SX,2016.0,350000.0,60000.0,Petrol,Individual,Manual,First Owner,10.0,Hyundai,6000.0,Mid-Range
Honda Amaze VX O iDTEC,2017.0,550000.0,12997.0,Diesel,Dealer,Manual,First Owner,9.0,Honda,1444.111111111111,Mid-Range
Maruti Ciaz 1.4 AT Zeta,2014.0,500000.0,40000.0,Petrol,Individual,Automatic,First Owner,12.0,Maruti,3333.3333333333335,Mid-Range
Mahindra Quanto C8,2013.0,300000.0,25000.0,Diesel,Individual,Manual,Second Owner,13.0,Mahindra,1923.076923076923,Mid-Range
Hyundai Verna CRDi 1.6 SX Option,2018.0,1150000.0,26430.0,Diesel,Dealer,Manual,First Owner,8.0,Hyundai,3303.75,Luxury
Maruti Swift 1.3 VXI ABS,2015.0,475000.0,24600.0,None,Dealer,Manual,First Owner,11.0,Maruti,2236.3636363636365,Mid-Range
Maruti Wagon R LXI,2011.0,260000.0,28481.0,Petrol,Dealer,Manual,First Owner,15.0,Maruti,1898.7333333333333,Mid-Range
Ford Ecosport 1.0 Ecoboost Titanium Optional,2013.0,350000.0,100000.0,Petrol,Individual,Manual,First Owner,13.0,Ford,7692.307692307692,Mid-Range
Mahindra XUV500 W8 2WD,2013.0,750000.0,41988.0,Diesel,Dealer,Manual,First Owner,13.0,Mahindra,3229.846153846154,Luxury
Maruti Wagon R LXI,2009.0,180000.0,30375.0,Petrol,Dealer,Manual,First Owner,17.0,Maruti,1786.764705882353,Budget
Renault KWID Climber 1.0 AMT BSIV,2017.0,350000.0,7658.0,Petrol,Dealer,Automatic,First Owner,9.0,Renault,850.8888888888889,Mid-Range
Maruti Swift Dzire VDI,2017.0,611000.0,34400.0,Diesel,Dealer,Manual,First Owner,9.0,Maruti,3822.222222222222,Luxury
Renault KWID RXL BSIV,2017.0,325000.0,18500.0,Petrol,Dealer,Manual,First Owner,9.0,Renault,2055.5555555555557,Mid-Range
Hyundai EON 1.0 Era Plus,2012.0,225000.0,48000.0,Petrol,Dealer,Manual,First Owner,14.0,Hyundai,3428.5714285714284,Budget
Mahindra Bolero Power Plus SLX,2017.0,400000.0,50000.0,Diesel,Individual,Manual,Second Owner,9.0,Mahindra,5555.555555555556,Mid-Range
Mahindra XUV500 W8 2WD,2012.0,711000.0,60000.0,Diesel,Dealer,Manual,First Owner,14.0,Mahindra,4285.714285714285,Luxury
Toyota Innova 2.5 G (Diesel) 8 Seater,2015.0,851000.0,53652.0,Diesel,Dealer,Manual,First Owner,11.0,Toyota,4877.454545454545,Luxury
Maruti Ertiga VXI,2014.0,500000.0,25000.0,Petrol,Individual,Manual,First Owner,12.0,Maruti,2083.3333333333335,Mid-Range
Maruti Alto 800 VXI,2017.0,150000.0,50000.0,Petrol,Individual,Manual,First Owner,9.0,Maruti,5555.555555555556,Budget
Mahindra Scorpio 1.99 S10,2016.0,610000.0,15000.0,Diesel,Individual,Manual,Second Owner,10.0,Mahindra,1500.0,Luxury
Mahindra KUV 100 G80 K2,2018.0,450000.0,5000.0,Petrol,Individual,Manual,First Owner,8.0,Mahindra,625.0,Mid-Range
Hyundai i20 1.4 Asta Option,2017.0,744000.0,106000.0,Diesel,Individual,Manual,First Owner,9.0,Hyundai,11777.777777777777,Luxury
Chevrolet Spark 1.0,2008.0,120000.0,100000.0,Petrol,Individual,Manual,Third Owner,18.0,Chevrolet,5555.555555555556,Budget
Renault KWID RXL,2016.0,220000.0,60000.0,Petrol,Individual,Manual,Third Owner,10.0,Renault,6000.0,Budget
Maruti Celerio ZXI Optional AMT BSIV,2017.0,370000.0,82000.0,Petrol,Individual,Automatic,First Owner,9.0,Maruti,9111.111111111111,Mid-Range
Fiat Palio D 1.9 EL PS,2003.0,55000.0,35000.0,Diesel,Individual,Manual,Second Owner,23.0,Fiat,1521.7391304347825,Budget
Hyundai Verna 1.6 CRDI,2011.0,260000.0,125000.0,None,Individual,Manual,Third Owner,15.0,Hyundai,8333.333333333334,Mid-Range
Fiat Linea Classic 1.3 Multijet,2015.0,350000.0,130000.0,Diesel,Individual,Manual,First Owner,11.0,Fiat,11818.181818181818,Mid-Range
Maruti Alto 800 CNG LXI,2012.0,170000.0,97000.0,CNG,Individual,Manual,Second Owner,14.0,Maruti,6928.571428571428,Budget
Hyundai Grand i10 Sportz,2015.0,350000.0,90000.0,Petrol,Individual,Manual,Second Owner,11.0,Hyundai,8181.818181818182,Mid-Range
Maruti Swift Dzire VXi,2009.0,250000.0,60000.0,None,Individual,Manual,Third Owner,17.0,Maruti,3529.4117647058824,Mid-Range
Tata Indigo CR4,2013.0,170000.0,60000.0,Diesel,Individual,Manual,First Owner,13.0,Tata,4615.384615384615,Budget
Mahindra Scorpio S11 BSIV,2018.0,1300000.0,35000.0,Diesel,Individual,Manual,First Owner,8.0,Mahindra,4375.0,Luxury
Hyundai Grand i10 1.2 Kappa Sportz BSIV,2019.0,550000.0,25000.0,Petrol,Individual,Manual,First Owner,7.0,Hyundai,3571.4285714285716,Mid-Range
Honda Brio 1.2 S MT,2017.0,400000.0,15000.0,Petrol,Individual,Manual,First Owner,9.0,Honda,1666.6666666666667,Mid-Range
Tata Nano Lx,2011.0,120000.0,20000.0,Petrol,Individual,Manual,First Owner,15.0,Tata,1333.3333333333333,Budget
Tata Nano Lx,2014.0,120000.0,20000.0,Petrol,Individual,Manual,First Owner,12.0,Tata,1666.6666666666667,Budget
Ford Figo Petrol Titanium,2014.0,275000.0,70000.0,Petrol,Individual,Manual,First Owner,12.0,Ford,5833.333333333333,Mid-Range
Tata Zest Revotron 1.2T XE,2016.0,285000.0,90000.0,Petrol,Individual,Manual,First Owner,10.0,Tata,9000.0,Mid-Range
Hyundai Creta 1.4 CRDi Base,2016.0,900000.0,80000.0,Diesel,Individual,Manual,First Owner,10.0,Hyundai,8000.0,Luxury
Mercedes-Benz M-Class ML 350 CDI,2014.0,2500000.0,79500.0,Diesel,Individual,Automatic,Second Owner,12.0,Mercedes-Benz,6625.0,Luxury
Hyundai Verna 1.6 SX CRDi (O),2013.0,620000.0,70000.0,Diesel,Individual,Manual,Second Owner,13.0,Hyundai,5384.615384615385,Luxury
Toyota Innova Crysta 2.4 GX MT 8S BSIV,2018.0,1700000.0,5000.0,Diesel,Individual,Manual,First Owner,8.0,Toyota,625.0,Luxury
Ford Figo Aspire 1.2 Ti-VCT Titanium Plus,2018.0,650000.0,15000.0,Petrol,None,Manual,First Owner,8.0,Ford,1875.0,Luxury
Tata New Safari DICOR 2.2 EX 4x4,2009.0,250000.0,120000.0,Diesel,Individual,Manual,Second Owner,17.0,Tata,7058.823529411765,Mid-Range
Mahindra Marazzo M4,2018.0,950000.0,15000.0,Diesel,Individual,Manual,Second Owner,8.0,Mahindra,1875.0,Luxury
Toyota Etios Cross 1.2L G,2015.0,320000.0,60000.0,Petrol,Individual,Manual,First Owner,11.0,Toyota,5454.545454545455,Mid-Range
Renault Duster 110PS Diesel RxZ,2013.0,450000.0,120000.0,None,Individual,Manual,First Owner,13.0,Renault,9230.76923076923,Mid-Range
Mahindra KUV 100 mFALCON D75 K8 AW,2016.0,350000.0,90000.0,Diesel,Individual,Manual,First Owner,10.0,Mahindra,9000.0,Mid-Range
Maruti Swift Dzire VXI,2015.0,400000.0,90000.0,Petrol,Individual,Manual,First Owner,11.0,Maruti,8181.818181818182,Mid-Range
Maruti Omni MPI STD BSIV,2018.0,200000.0,10000.0,Petrol,Individual,Manual,First Owner,8.0,Maruti,1250.0,Budget
Hyundai i20 Asta 1.4 CRDi (Diesel),2009.0,250000.0,72000.0,Diesel,Individual,Manual,Second Owner,17.0,Hyundai,4235.294117647059,Mid-Range
Toyota Innova 2.0 GX 8 STR BSIV,2011.0,550000.0,197000.0,Petrol,Individual,Manual,Second Owner,15.0,Toyota,13133.333333333334,Mid-Range
Hyundai Santro LP zipPlus,2001.0,52000.0,50000.0,Petrol,Individual,Manual,Third Owner,25.0,Hyundai,2000.0,Budget
Tata Hexa XTA,2017.0,1200000.0,50000.0,None,Individual,Automatic,First Owner,9.0,Tata,5555.555555555556,Luxury
Maruti Swift Dzire VXI 1.2 BS IV,2018.0,615000.0,40000.0,Petrol,Individual,Manual,First Owner,8.0,Maruti,5000.0,Luxury
Maruti SX4 ZDI Leather,2012.0,400000.0,60000.0,Diesel,Individual,Manual,First Owner,14.0,Maruti,4285.714285714285,Mid-Range
Maruti Ignis 1.2 Alpha BSIV,2014.0,500000.0,9161.0,None,Individual,Manual,First Owner,12.0,Maruti,763.4166666666666,Mid-Range
Hyundai Santro Xing GL Plus,2013.0,175000.0,80000.0,Petrol,Individual,Manual,First Owner,13.0,Hyundai,6153.846153846154,Budget
Ford Fiesta Titanium 1.5 TDCi,2011.0,325000.0,100000.0,Diesel,Individual,Manual,Second Owner,15.0,Ford,6666.666666666667,Mid-Range
Maruti Swift Dzire LDI,2017.0,425000.0,90000.0,Diesel,Individual,Manual,First Owner,9.0,Maruti,10000.0,Mid-Range
Hyundai Accent GLE CNG,2009.0,160000.0,70000.0,CNG,Individual,Manual,Third Owner,17.0,Hyundai,4117.64705882353,Budget
Maruti Zen Estilo LXI BSIII,2007.0,100000.0,80000.0,Petrol,Individual,Manual,Third Owner,19.0,Maruti,4210.526315789473,Budget
Maruti Swift Dzire LDI,2014.0,390000.0,110000.0,Diesel,Individual,Manual,Second Owner,12.0,Maruti,9166.666666666666,Mid-Range
Hyundai i20 1.2 Spotz,2017.0,400000.0,50000.0,Petrol,None,Manual,First Owner,9.0,Hyundai,5555.555555555556,Mid-Range
Hyundai i10 Magna 1.1,2008.0,150000.0,90000.0,Petrol,Individual,Manual,Third Owner,18.0,Hyundai,5000.0,Budget
Hyundai Santro Xing GLS,2009.0,110000.0,120000.0,Petrol,Individual,Manual,First Owner,17.0,Hyundai,7058.823529411765,Budget
Nissan Sunny Diesel XV,2013.0,450000.0,80000.0,Diesel,Individual,Manual,First Owner,13.0,Nissan,6153.846153846154,Mid-Range
Hyundai i20 1.2 Spotz,2017.0,400000.0,38000.0,Petrol,Individual,Manual,Second Owner,9.0,Hyundai,4222.222222222223,Mid-Range
Hyundai Santro Xing GLS,2009.0,140000.0,120000.0,Petrol,Individual,Manual,First Owner,17.0,Hyundai,7058.823529411765,Budget
Tata Indigo CR4,2011.0,130000.0,90000.0,Diesel,Individual,Manual,First Owner,15.0,Tata,6000.0,Budget
Maruti Alto 800 LXI,2016.0,150000.0,60000.0,Petrol,Individual,Manual,First Owner,10.0,Maruti,6000.0,Budget
Mahindra XUV500 W8 2WD,2013.0,500000.0,100000.0,Diesel,Individual,Manual,Second Owner,13.0,Mahindra,7692.307692307692,Mid-Range
Tata Nano Std,2011.0,40000.0,19000.0,Petrol,Individual,Manual,First Owner,15.0,Tata,1266.6666666666667,Budget
Mahindra Verito 1.5 D2 BSIV,2014.0,227000.0,70000.0,Diesel,Individual,Manual,Second Owner,12.0,Mahindra,5833.333333333333,Budget
Maruti Swift VDI,2011.0,285000.0,50000.0,Diesel,Individual,Manual,Second Owner,15.0,Maruti,3333.3333333333335,Mid-Range
Maruti Alto LX,2012.0,155000.0,19077.0,Petrol,Individual,Manual,Second Owner,14.0,Maruti,1362.642857142857,Budget
Maruti Alto LXi,2009.0,140000.0,80000.0,Petrol,Individual,Manual,Second Owner,17.0,Maruti,4705.882352941177,Budget
Toyota Innova 2.5 GX (Diesel) 7 Seater,2015.0,940000.0,128000.0,Diesel,Individual,Manual,First Owner,11.0,Toyota,11636.363636363636,Luxury
Nissan Terrano XV Premium 110 PS,2014.0,750000.0,80000.0,Diesel,Individual,Manual,First Owner,12.0,Nissan,6666.666666666667,Luxury
Maruti Baleno Alpha 1.3,2016.0,610000.0,100000.0,Diesel,Individual,Manual,First Owner,10.0,Maruti,10000.0,Luxury
Nissan Sunny XV D Premium Leather,2015.0,450000.0,60000.0,Diesel,Individual,Manual,First Owner,11.0,Nissan,5454.545454545455,Mid-Range
Toyota Etios Liva GD,2012.0,409999.0,56000.0,Diesel,Individual,Manual,First Owner,14.0,Toyota,4000.0,Mid-Range
Hyundai EON 1.0 Era Plus,2018.0,100000.0,21302.0,Petrol,Individual,Manual,First Owner,8.0,Hyundai,2662.75,Budget
Renault KWID 1.0 RXT Optional,2018.0,300000.0,10500.0,Petrol,Individual,Manual,First Owner,8.0,Renault,1312.5,Mid-Range
Mahindra Bolero 2011-2019 SLX,2013.0,400000.0,107000.0,None,Individual,Manual,First Owner,13.0,Mahindra,8230.76923076923,Mid-Range
Maruti Wagon R LXI BS IV,2010.0,222000.0,70000.0,Petrol,Individual,Manual,First Owner,16.0,Maruti,4375.0,Budget
Maruti Alto 800 LXI,2014.0,240000.0,50000.0,Petrol,None,Manual,Second Owner,12.0,Maruti,4166.666666666667,Budget
Toyota Etios Liva GD,2013.0,450000.0,70000.0,Diesel,Individual,Manual,Second Owner,13.0,Toyota,5384.615384615385,Mid-Range
Renault Duster 85PS Diesel RxL,2013.0,450000.0,1000.0,Diesel,Dealer,Manual,Second Owner,13.0,Renault,76.92307692307692,Mid-Range
Audi A4 3.0 TDI Quattro,2013.0,1580000.0,86000.0,Diesel,Dealer,Automatic,First Owner,13.0,Audi,6615.384615384615,Luxury
BMW X5 xDrive 30d xLine,2019.0,4950000.0,30000.0,Diesel,Dealer,Automatic,First Owner,7.0,BMW,4285.714285714285,Luxury
Maruti SX4 Vxi BSIV,2012.0,225000.0,110000.0,Petrol,Individual,Manual,Second Owner,14.0,Maruti,7857.142857142857,Budget
Hyundai Grand i10 1.2 Kappa Magna AT,2017.0,550000.0,19890.0,Petrol,Dealer,Automatic,First Owner,9.0,Hyundai,2210.0,Mid-Range
Maruti Swift ZXI BSIV,2016.0,670000.0,7104.0,Petrol,Trustmark Dealer,Manual,First Owner,10.0,Maruti,710.4,Luxury
Maruti Ertiga VXI,2015.0,625000.0,11918.0,Petrol,Trustmark Dealer,Manual,First Owner,11.0,Maruti,1083.4545454545455,Luxury
Hyundai Grand i10 Magna AT,2017.0,520000.0,60000.0,Petrol,Dealer,Automatic,First Owner,9.0,Hyundai,6666.666666666667,Mid-Range
Chevrolet Beat LT Option,2016.0,239000.0,60000.0,Petrol,Dealer,Manual,First Owner,10.0,Chevrolet,6000.0,Budget
Toyota Fortuner 4x2 AT,2017.0,2600000.0,47162.0,Diesel,Trustmark Dealer,Manual,First Owner,9.0,Toyota,5240.222222222223,Luxury
Maruti S-Cross Zeta DDiS 200 SH,2015.0,750000.0,45974.0,Diesel,Trustmark Dealer,Manual,First Owner,11.0,Maruti,4179.454545454545,Luxury
Hyundai i10 Magna,2012.0,229999.0,49824.0,Petrol,Dealer,Manual,First Owner,14.0,Hyundai,3558.8571428571427,Budget
Audi A6 2.0 TDI Premium Plus,2013.0,1300000.0,58500.0,Diesel,Dealer,Automatic,First Owner,13.0,Audi,4500.0,Luxury
Hyundai Santro GS,2005.0,80000.0,56580.0,Petrol,Dealer,Manual,First Owner,21.0,Hyundai,2694.285714285714,Budget
Skoda Laura Ambiente 2.0 TDI CR MT,2012.0,385000.0,52000.0,Diesel,None,Manual,First Owner,14.0,Skoda,3714.285714285714,Mid-Range
Hyundai Verna 1.6 VTVT SX,2015.0,760000.0,55340.0,Petrol,Trustmark Dealer,Manual,First Owner,11.0,Hyundai,5030.909090909091,Luxury
Maruti Swift Dzire VDI,2017.0,600000.0,46507.0,Diesel,Trustmark Dealer,Manual,First Owner,9.0,Maruti,5167.444444444444,Mid-Range
Renault Duster 85PS Diesel RxL,2014.0,450000.0,1000.0,Diesel,Dealer,Manual,Second Owner,12.0,Renault,83.33333333333333,Mid-Range
Mercedes-Benz C-Class Progressive C 220d,2018.0,3800000.0,10000.0,Diesel,Dealer,Automatic,First Owner,8.0,Mercedes-Benz,1250.0,Luxury
Audi A4 3.0 TDI Quattro,2013.0,1580000.0,86000.0,None,Dealer,Automatic,First Owner,13.0,Audi,6615.384615384615,Luxury
BMW X5 xDrive 30d xLine,2019.0,4950000.0,30000.0,Diesel,Dealer,Automatic,First Owner,7.0,BMW,4285.714285714285,Luxury
Maruti SX4 Vxi BSIV,2012.0,225000.0,110000.0,Petrol,Individual,Manual,Second Owner,14.0,Maruti,7857.142857142857,Budget
Hyundai Grand i10 1.2 Kappa Magna AT,2017.0,550000.0,19890.0,Petrol,Dealer,Automatic,First Owner,9.0,Hyundai,2210.0,Mid-Range
Maruti Ertiga VXI,2015.0,625000.0,11918.0,Petrol,None,Manual,First Owner,11.0,Maruti,1083.4545454545455,Luxury
Chevrolet Beat LT Option,2016.0,239000.0,41000.0,None,Dealer,Manual,First Owner,10.0,Chevrolet,4100.0,Budget
Toyota Fortuner 4x2 AT,2017.0,2600000.0,47162.0,Diesel,Trustmark Dealer,Automatic,First Owner,9.0,Toyota,5240.222222222223,Luxury
Maruti S-Cross Zeta DDiS 200 SH,2015.0,750000.0,45974.0,Diesel,Trustmark Dealer,Manual,First Owner,11.0,Maruti,4179.454545454545,Luxury
Hyundai i10 Magna,2012.0,229999.0,49824.0,Petrol,None,Manual,First Owner,14.0,Hyundai,3558.8571428571427,Budget
Audi A6 2.0 TDI Premium Plus,2013.0,1300000.0,58500.0,Diesel,Dealer,Automatic,First Owner,13.0,Audi,4500.0,Luxury
Hyundai Santro GS,2005.0,80000.0,56580.0,Petrol,Dealer,Manual,First Owner,21.0,Hyundai,2694.285714285714,Budget
Skoda Laura Ambiente 2.0 TDI CR MT,2012.0,385000.0,52000.0,Diesel,Dealer,Manual,First Owner,14.0,Skoda,3714.285714285714,Mid-Range
Hyundai Verna 1.6 VTVT SX,2015.0,760000.0,55340.0,Petrol,Trustmark Dealer,Manual,First Owner,11.0,Hyundai,5030.909090909091,Luxury
Maruti Swift Dzire VDI,2017.0,600000.0,46507.0,Diesel,Trustmark Dealer,Manual,First Owner,9.0,Maruti,5167.444444444444,Mid-Range
Volkswagen Jetta 2.0L TDI Highline AT,2012.0,735000.0,55300.0,Diesel,Dealer,Automatic,First Owner,14.0,Volkswagen,3950.0,Luxury
Honda City VX MT,2010.0,350000.0,48781.0,Petrol,Dealer,Manual,First Owner,16.0,Honda,3048.8125,Mid-Range
Volkswagen Jetta 1.9 Highline TDI,2010.0,290000.0,87620.0,Diesel,Dealer,Automatic,First Owner,16.0,Volkswagen,5476.25,Mid-Range
Volkswagen Vento 1.5 TDI Highline Plus AT,2017.0,890000.0,40219.0,Diesel,Dealer,Automatic,First Owner,9.0,Volkswagen,4468.777777777777,Luxury
Honda Jazz VX,2011.0,385000.0,11473.0,Petrol,Dealer,Manual,First Owner,15.0,Honda,764.8666666666667,Mid-Range
Maruti Eeco 5 Seater AC BSIV,2017.0,425000.0,8352.0,Petrol,Dealer,Manual,First Owner,9.0,Maruti,928.0,Mid-Range
Maruti Wagon R VXI AMT1.2BSIV,2017.0,525000.0,9745.0,Petrol,Dealer,Manual,First Owner,9.0,Maruti,1082.7777777777778,Mid-Range
Hyundai Grand i10 Asta,2017.0,550000.0,60000.0,Petrol,None,Manual,First Owner,9.0,Hyundai,6666.666666666667,Mid-Range
Volkswagen Polo 1.0 MPI Trendline,2012.0,271000.0,49000.0,Petrol,Dealer,Manual,First Owner,14.0,Volkswagen,3500.0,Mid-Range
Hyundai Grand i10 Asta Option,2015.0,490000.0,31080.0,Petrol,Dealer,Manual,First Owner,11.0,Hyundai,2825.4545454545455,Mid-Range
Hyundai EON Era Plus,2014.0,260000.0,37605.0,Petrol,Dealer,Manual,First Owner,12.0,Hyundai,3133.75,Mid-Range
Tata Nano Lx BSIV,2010.0,75000.0,58850.0,Petrol,Dealer,Manual,First Owner,16.0,Tata,3678.125,Budget
Toyota Etios Cross 1.2L G,2015.0,421000.0,23839.0,Petrol,None,Manual,First Owner,11.0,Toyota,2167.181818181818,Mid-Range
Maruti Swift DDiS LDI,2016.0,550000.0,54000.0,Diesel,Dealer,Manual,First Owner,10.0,Maruti,5400.0,Mid-Range
Hyundai i10 Sportz 1.2 AT,2014.0,330000.0,38000.0,Petrol,Dealer,Automatic,First Owner,12.0,Hyundai,3166.6666666666665,Mid-Range
Volkswagen Vento 1.5 TDI Comfortline,2014.0,390000.0,45454.0,Diesel,Dealer,Manual,First Owner,12.0,Volkswagen,3787.8333333333335,Mid-Range
Skoda Rapid 1.5 TDI AT Ambition,2015.0,599000.0,46957.0,Diesel,Dealer,Automatic,First Owner,11.0,Skoda,4268.818181818182,Mid-Range
Hyundai Getz GLE,2007.0,110000.0,60000.0,Petrol,Individual,Manual,Fourth & Above Owner,19.0,Hyundai,3157.8947368421054,Budget
Renault KWID RXT Optional,2016.0,250000.0,25000.0,None,Individual,Manual,First Owner,10.0,Renault,2500.0,Mid-Range
Ford Endeavour XLT TDCi 4X2,2008.0,280000.0,60000.0,Diesel,Individual,Manual,Second Owner,18.0,Ford,3333.3333333333335,Mid-Range
Mahindra Renault Logan 1.4 GLX Petrol,2008.0,80000.0,90000.0,Petrol,Individual,Manual,First Owner,18.0,Mahindra,5000.0,Budget
Maruti Alto K10 VXI,2014.0,350000.0,5000.0,Petrol,Individual,Manual,First Owner,12.0,Maruti,416.6666666666667,Mid-Range
Maruti Swift VDI BSIV,2015.0,475000.0,60000.0,Diesel,Individual,Manual,First Owner,11.0,Maruti,5454.545454545455,Mid-Range
Audi A5 Sportback,2020.0,4700000.0,1500.0,Diesel,Individual,Automatic,First Owner,6.0,Audi,250.0,Luxury
Maruti Swift Dzire VDI,2018.0,500000.0,50000.0,Diesel,Individual,Manual,First Owner,8.0,Maruti,6250.0,Mid-Range
Chevrolet Sail Hatchback 1.3 TCDi LT ABS,2014.0,250000.0,120000.0,Diesel,Individual,Manual,First Owner,12.0,Chevrolet,10000.0,Mid-Range
Hyundai Accent CRDi,2005.0,100000.0,60000.0,Diesel,Individual,Manual,Second Owner,21.0,Hyundai,2857.1428571428573,Budget
Maruti Alto K10 VXI Airbag,2019.0,350000.0,5000.0,Petrol,Individual,Manual,First Owner,7.0,Maruti,714.2857142857143,Mid-Range
BMW 7 Series Signature 730Ld,2014.0,4000000.0,47000.0,Diesel,Individual,Automatic,First Owner,12.0,BMW,3916.6666666666665,Luxury
Toyota Camry 2.5 Hybrid,2017.0,1900000.0,20000.0,Petrol,Individual,Automatic,First Owner,9.0,Toyota,2222.222222222222,Luxury
Hyundai Santro Xing XG,2005.0,95000.0,120000.0,Petrol,Individual,Manual,Second Owner,21.0,Hyundai,5714.285714285715,Budget
Hyundai Grand i10 CRDi Sportz,2015.0,409999.0,58000.0,Diesel,Individual,Manual,First Owner,11.0,Hyundai,5272.727272727273,Mid-Range
Mahindra XUV500 W5 BSIV,2018.0,1050000.0,35000.0,Diesel,Individual,Manual,First Owner,8.0,Mahindra,4375.0,Luxury
Maruti Alto K10 VXI,2017.0,320000.0,30000.0,Petrol,Individual,Manual,First Owner,9.0,Maruti,3333.3333333333335,Mid-Range
Toyota Innova Crysta 2.4 VX MT BSIV,2017.0,1770000.0,25000.0,Diesel,Individual,Manual,First Owner,9.0,Toyota,2777.777777777778,Luxury
Mahindra Thar CRDe,2018.0,950000.0,20000.0,Diesel,Individual,Manual,First Owner,8.0,Mahindra,2500.0,Luxury
Hyundai EON Magna Plus,2014.0,220000.0,42000.0,Petrol,Individual,Manual,First Owner,12.0,Hyundai,3500.0,Budget
Tata Hexa XM,2017.0,1000000.0,50000.0,Diesel,Individual,Manual,First Owner,9.0,Tata,5555.555555555556,Luxury
Honda Mobilio E i DTEC,2017.0,660000.0,116000.0,Diesel,Individual,Manual,First Owner,9.0,Honda,12888.888888888889,Luxury
Maruti Ertiga ZDI,2015.0,716000.0,100000.0,Diesel,Individual,Manual,First Owner,11.0,Maruti,9090.90909090909,Luxury
Maruti Ciaz ZXi Plus,2015.0,675000.0,66000.0,Petrol,Individual,Manual,First Owner,11.0,Maruti,6000.0,Luxury
Fiat Grande Punto EVO 1.3 Dynamic,2014.0,325000.0,70000.0,Diesel,Individual,Manual,First Owner,12.0,Fiat,5833.333333333333,Mid-Range
Hyundai Creta 1.6 CRDi SX Option,2015.0,950000.0,60000.0,Diesel,Individual,Manual,First Owner,11.0,Hyundai,5454.545454545455,Luxury
Tata Indica Vista TDI LS,2014.0,250000.0,25000.0,Diesel,Individual,Manual,First Owner,12.0,Tata,2083.3333333333335,Mid-Range
Land Rover Discovery S 2.0 SD4,2018.0,4000000.0,68000.0,Petrol,Individual,Automatic,First Owner,8.0,Land,8500.0,Luxury
Maruti Alto 800 LXI,2014.0,210000.0,20000.0,Petrol,Individual,Manual,First Owner,12.0,Maruti,1666.6666666666667,Budget
Hyundai i10 Era 1.1 iTech SE,2011.0,147000.0,110000.0,Petrol,Individual,Manual,Second Owner,15.0,Hyundai,7333.333333333333,Budget
Maruti Vitara Brezza VDi Option,2018.0,725000.0,26350.0,Diesel,Individual,Manual,First Owner,8.0,Maruti,3293.75,Luxury
Mahindra Scorpio SLE BSIV,2012.0,550000.0,90000.0,Diesel,Individual,Manual,First Owner,14.0,Mahindra,6428.571428571428,Mid-Range
Hyundai i20 Sportz Option 1.2,2016.0,475000.0,25000.0,Petrol,Individual,Manual,First Owner,10.0,Hyundai,2500.0,Mid-Range
Hyundai Santro Xing GLS,2014.0,250000.0,50000.0,None,Individual,Manual,Second Owner,12.0,Hyundai,4166.666666666667,Mid-Range
Tata Indica LSI,2006.0,70000.0,60000.0,Petrol,Individual,Manual,Second Owner,20.0,Tata,3000.0,Budget
Hyundai EON Era Plus,2012.0,160000.0,70000.0,Petrol,Individual,Manual,Third Owner,14.0,Hyundai,5000.0,Budget
Hyundai Santro LE zipPlus,2001.0,68000.0,70000.0,Petrol,Individual,Manual,First Owner,25.0,Hyundai,2800.0,Budget
Hyundai Grand i10 1.2 Kappa Asta,2014.0,500000.0,26500.0,Petrol,Individual,Manual,First Owner,12.0,Hyundai,2208.3333333333335,Mid-Range
Tata Indigo CR4,2013.0,170000.0,60000.0,None,Individual,Manual,First Owner,13.0,Tata,4615.384615384615,Budget
Hyundai Creta 1.4 EX Diesel,2020.0,1050000.0,10000.0,Diesel,Individual,Manual,First Owner,6.0,Hyundai,1666.6666666666667,Luxury
Maruti Ritz LXI,2009.0,300000.0,15000.0,Petrol,Individual,Manual,First Owner,17.0,Maruti,882.3529411764706,Mid-Range
Hyundai i20 Magna 1.2,2016.0,600000.0,25000.0,Petrol,Individual,Manual,First Owner,10.0,Hyundai,2500.0,Mid-Range
Hyundai Verna CRDi 1.6 SX,2017.0,900000.0,50000.0,Diesel,Individual,Manual,First Owner,9.0,Hyundai,5555.555555555556,Luxury
Hyundai Grand i10 1.2 Kappa Sportz BSIV,2014.0,550000.0,25000.0,Petrol,Individual,Manual,First Owner,12.0,Hyundai,2083.3333333333335,Mid-Range
Maruti Alto LX,2007.0,100000.0,60000.0,Petrol,Individual,Manual,Second Owner,19.0,Maruti,3157.8947368421054,Budget
Honda Brio 1.2 S MT,2017.0,400000.0,60000.0,Petrol,Individual,Manual,First Owner,9.0,Honda,6666.666666666667,Mid-Range
Tata Nano Lx,2011.0,120000.0,20000.0,Petrol,Individual,Manual,First Owner,15.0,Tata,1333.3333333333333,Budget
Hyundai i20 Asta 1.4 CRDi,2013.0,300000.0,90000.0,Diesel,Individual,Manual,First Owner,13.0,Hyundai,6923.076923076923,Mid-Range
Tata Indigo LX,2011.0,140000.0,60000.0,Diesel,Individual,Manual,Second Owner,15.0,Tata,4000.0,Budget
Skoda Rapid 1.6 MPI Ambition With Alloy Wheel,2015.0,640000.0,23000.0,Petrol,Individual,Manual,First Owner,11.0,Skoda,2090.909090909091,Luxury
Tata Nano Lx,2011.0,120000.0,20000.0,Petrol,None,Manual,First Owner,15.0,Tata,1333.3333333333333,Budget
Maruti Ciaz 1.4 Delta,2018.0,650000.0,70000.0,Petrol,Individual,Manual,First Owner,8.0,Maruti,8750.0,Luxury
Maruti Alto LX,2009.0,150000.0,60000.0,Petrol,Individual,Manual,Second Owner,17.0,Maruti,3529.4117647058824,Budget
Ford Figo Aspire 1.2 Ti-VCT Trend,2018.0,550000.0,35000.0,Petrol,Individual,Manual,First Owner,8.0,Ford,4375.0,Mid-Range
Mahindra XUV500 W8 4WD,2012.0,650000.0,71042.0,Diesel,Dealer,Manual,First Owner,14.0,Mahindra,5074.428571428572,Luxury
Ford Fiesta 1.5 TDCi Titanium,2011.0,195000.0,60000.0,None,Dealer,Manual,First Owner,15.0,Ford,4000.0,Budget
Mercedes-Benz C-Class Progressive C 220d,2018.0,3800000.0,10000.0,Diesel,Dealer,Automatic,First Owner,8.0,Mercedes-Benz,1250.0,Luxury
BMW 3 Series 320d Sport,2013.0,1490000.0,40000.0,Diesel,Dealer,Automatic,First Owner,13.0,BMW,3076.923076923077,Luxury
BMW X5 xDrive 30d xLine,2019.0,4950000.0,30000.0,Diesel,Dealer,Automatic,First Owner,7.0,BMW,4285.714285714285,Luxury
Honda City i-VTEC CVT ZX,2018.0,1140000.0,23038.0,Petrol,Trustmark Dealer,Automatic,First Owner,8.0,Honda,2879.75,Luxury
Chevrolet Beat Diesel LS,2011.0,95000.0,70000.0,Diesel,Individual,Manual,First Owner,15.0,Chevrolet,4666.666666666667,Budget
Hyundai Grand i10 1.2 Kappa Magna AT,2017.0,550000.0,19890.0,None,Dealer,Automatic,First Owner,9.0,Hyundai,2210.0,Mid-Range
Maruti Ertiga VXI,2015.0,625000.0,11918.0,Petrol,Trustmark Dealer,Manual,First Owner,11.0,Maruti,1083.4545454545455,Luxury
Hyundai Grand i10 Magna AT,2017.0,520000.0,60000.0,Petrol,Dealer,Automatic,First Owner,9.0,Hyundai,6666.666666666667,Mid-Range
Toyota Fortuner 4x2 AT,2017.0,2600000.0,47162.0,Diesel,Trustmark Dealer,Automatic,First Owner,9.0,Toyota,5240.222222222223,Luxury
Hyundai i10 Magna,2012.0,229999.0,49824.0,Petrol,Dealer,Manual,First Owner,14.0,Hyundai,3558.8571428571427,Budget
Audi A6 2.0 TDI Premium Plus,2013.0,1300000.0,58500.0,Diesel,Dealer,Automatic,First Owner,13.0,Audi,4500.0,Luxury
Maruti Baleno Delta 1.2,2017.0,585000.0,43608.0,Petrol,Trustmark Dealer,Manual,First Owner,9.0,Maruti,4845.333333333333,Mid-Range
Maruti Baleno Alpha CVT,2018.0,825000.0,11212.0,Petrol,None,Automatic,First Owner,8.0,Maruti,1401.5,Luxury
Hyundai i20 1.4 Magna Executive,2013.0,280000.0,52000.0,Diesel,Dealer,Manual,First Owner,13.0,Hyundai,4000.0,Mid-Range
Maruti Baleno Zeta,2016.0,725000.0,49217.0,Petrol,Trustmark Dealer,Manual,First Owner,10.0,Maruti,4921.7,Luxury
Hyundai Xcent 1.2 Kappa S,2015.0,375000.0,70000.0,None,Individual,Manual,First Owner,11.0,Hyundai,6363.636363636364,Mid-Range
Honda City VTEC,2003.0,310000.0,90000.0,Petrol,Individual,Manual,First Owner,23.0,Honda,3913.0434782608695,Mid-Range
Maruti Swift Dzire VDi,2011.0,375000.0,190000.0,Diesel,Individual,Manual,Third Owner,15.0,Maruti,12666.666666666666,Mid-Range
Ford Endeavour 3.2 Titanium AT 4X4,2016.0,1950000.0,106000.0,Diesel,Individual,Automatic,First Owner,10.0,Ford,10600.0,Luxury
Tata Xenon XT EX 4X2,2014.0,400000.0,80000.0,Diesel,Individual,Manual,Second Owner,12.0,Tata,6666.666666666667,Mid-Range
Nissan Terrano XL Plus 85 PS,2014.0,550000.0,80000.0,None,Individual,Manual,Second Owner,12.0,Nissan,6666.666666666667,Mid-Range
Maruti Eeco 7 Seater Standard BSIV,2018.0,270000.0,20000.0,None,Individual,Manual,First Owner,8.0,Maruti,2500.0,Mid-Range
Maruti Ertiga ZDI,2012.0,555000.0,110000.0,Diesel,Individual,Manual,Second Owner,14.0,Maruti,7857.142857142857,Mid-Range
Skoda Laura Elegance 1.9 TDI  AT,2010.0,400000.0,130000.0,Diesel,Individual,Automatic,Second Owner,16.0,Skoda,8125.0,Mid-Range
Tata Indica GLS BS IV,2008.0,80000.0,200000.0,Petrol,Individual,Manual,First Owner,18.0,Tata,11111.111111111111,Budget
Tata Indica DLS,2006.0,55000.0,100000.0,Diesel,Individual,Manual,First Owner,20.0,Tata,5000.0,Budget
Maruti Alto 800 LXI Airbag,2014.0,250000.0,50000.0,Petrol,Individual,Manual,First Owner,12.0,Maruti,4166.666666666667,Mid-Range
Mahindra Bolero SLX 2WD,2010.0,250000.0,190000.0,Diesel,Individual,Manual,First Owner,16.0,Mahindra,11875.0,Mid-Range
Mahindra Jeep MM 540,2007.0,95000.0,100000.0,Diesel,Individual,Manual,Second Owner,19.0,Mahindra,5263.1578947368425,Budget
Mahindra Scorpio 1.99 S10,2014.0,725000.0,135000.0,Diesel,Individual,Manual,Second Owner,12.0,Mahindra,11250.0,Luxury
Mahindra Bolero Power Plus Plus AC BSIV PS,2015.0,320000.0,50000.0,Diesel,Individual,Manual,First Owner,11.0,Mahindra,4545.454545454545,Mid-Range
Chevrolet Beat Diesel LS,2012.0,160000.0,50000.0,Diesel,None,Manual,First Owner,14.0,Chevrolet,3571.4285714285716,Budget
Honda Jazz 1.5 VX i DTEC,2018.0,790000.0,19571.0,Diesel,Dealer,Manual,First Owner,8.0,Honda,2446.375,Luxury
Maruti Vitara Brezza ZDi Plus AMT Dual Tone,2018.0,950000.0,15000.0,Diesel,Individual,Automatic,First Owner,8.0,Maruti,1875.0,Luxury
Maruti Celerio LXI MT BSIV,2019.0,340000.0,50000.0,Petrol,Individual,Manual,First Owner,7.0,Maruti,7142.857142857143,Mid-Range
Renault Captur 1.5 Diesel RXT,2017.0,825000.0,13500.0,Diesel,Individual,Manual,First Owner,9.0,Renault,1500.0,Luxury
Audi A4 30 TFSI Technology,2018.0,3100000.0,22000.0,Petrol,Individual,Automatic,First Owner,8.0,Audi,2750.0,Luxury
Honda Amaze VX Diesel BSIV,2018.0,780000.0,25000.0,Diesel,None,Manual,First Owner,8.0,Honda,3125.0,Luxury
Toyota Corolla Altis 1.8 VL AT,2010.0,350000.0,80000.0,Petrol,None,Automatic,Third Owner,16.0,Toyota,5000.0,Mid-Range
Maruti Alto 800 VXI,2016.0,245000.0,60000.0,Petrol,Individual,Manual,First Owner,10.0,Maruti,6000.0,Budget
Honda Amaze VX Diesel BSIV,2018.0,790000.0,49000.0,Diesel,Dealer,Manual,First Owner,8.0,Honda,6125.0,Luxury
Honda Amaze VX i-VTEC,2018.0,680000.0,48600.0,Petrol,Dealer,Manual,First Owner,8.0,Honda,6075.0,Luxury
Maruti Zen Estilo Sports,2014.0,140000.0,120000.0,Petrol,Individual,Manual,First Owner,12.0,Maruti,10000.0,Budget
Maruti Ertiga ZDI Plus,2019.0,1100000.0,30000.0,None,Individual,Manual,First Owner,7.0,Maruti,4285.714285714285,Luxury
Renault Lodgy 85PS RxL,2015.0,715000.0,35000.0,Diesel,Individual,Manual,First Owner,11.0,Renault,3181.818181818182,Luxury
Audi A4 3.0 TDI Quattro,2013.0,1580000.0,86000.0,Diesel,Dealer,Automatic,First Owner,13.0,Audi,6615.384615384615,Luxury
Audi Q3 2.0 TDI Quattro Premium Plus,2015.0,1750000.0,127643.0,Diesel,Dealer,Automatic,First Owner,11.0,Audi,11603.90909090909,Luxury
Tata Zest Revotron 1.2T XMS,2018.0,400000.0,54000.0,Petrol,Dealer,Manual,Second Owner,8.0,Tata,6750.0,Mid-Range
Audi A6 2.0 TDI  Design Edition,2014.0,1750000.0,102354.0,Diesel,Dealer,Automatic,First Owner,12.0,Audi,8529.5,Luxury
Audi Q5 2.0 TFSI Quattro Premium Plus,2014.0,1850000.0,62237.0,Petrol,Dealer,Automatic,First Owner,12.0,Audi,5186.416666666667,Luxury
Hyundai Santro Xing XL eRLX Euro III,2005.0,114999.0,90000.0,Petrol,Dealer,Manual,Second Owner,21.0,Hyundai,4285.714285714285,Budget
Ford EcoSport 1.5 TDCi Titanium BSIV,2018.0,950000.0,21394.0,Diesel,Dealer,Manual,First Owner,8.0,Ford,2674.25,Luxury
Datsun GO T Petrol,2015.0,310000.0,32686.0,Petrol,Dealer,Manual,First Owner,11.0,Datsun,2971.4545454545455,Mid-Range
Mahindra Jeep CJ 500 DI,2006.0,575000.0,1001.0,Diesel,Dealer,Manual,First Owner,20.0,Mahindra,50.05,Mid-Range
Renault Pulse RxZ,2017.0,490000.0,22000.0,Diesel,Dealer,Manual,First Owner,9.0,Renault,2444.4444444444443,Mid-Range
Hyundai Grand i10 Magna,2017.0,480000.0,53261.0,Petrol,Dealer,Manual,First Owner,9.0,Hyundai,5917.888888888889,Mid-Range
Land Rover Discovery Sport SD4 HSE Luxury,2016.0,3500000.0,53000.0,Diesel,Dealer,Automatic,First Owner,10.0,Land,5300.0,Luxury
Renault KWID 1.0 RXT Optional,2018.0,370000.0,10000.0,Petrol,Dealer,Manual,First Owner,8.0,Renault,1250.0,Mid-Range
Maruti Baleno Alpha 1.3,2017.0,835000.0,14000.0,Diesel,Dealer,Manual,First Owner,9.0,Maruti,1555.5555555555557,Luxury
Volkswagen Polo 2015-2019 1.2 MPI Highline,2017.0,650000.0,44000.0,Petrol,Dealer,Manual,First Owner,9.0,Volkswagen,4888.888888888889,Luxury
Toyota Etios VD,2014.0,670000.0,39895.0,Diesel,Dealer,Manual,First Owner,12.0,Toyota,3324.5833333333335,Luxury
Chevrolet Cruze LTZ AT,2014.0,950000.0,73000.0,None,Dealer,Automatic,First Owner,12.0,Chevrolet,6083.333333333333,Luxury
Honda City i-VTEC SV,2014.0,690000.0,17000.0,Petrol,Dealer,Manual,First Owner,12.0,Honda,1416.6666666666667,Luxury
Volkswagen Polo 2015-2019 1.2 MPI Highline,2017.0,670000.0,18591.0,Petrol,Dealer,Manual,First Owner,9.0,Volkswagen,2065.6666666666665,Luxury
Tata Nexon 1.5 Revotorq XZ,2017.0,925000.0,26766.0,Diesel,Dealer,Manual,First Owner,9.0,Tata,2974.0,Luxury
Hyundai EON Magna Plus,2015.0,250000.0,60000.0,Petrol,None,Manual,First Owner,11.0,Hyundai,5454.545454545455,Mid-Range
Tata Sumo Gold EX,2014.0,509999.0,42000.0,Diesel,Individual,Manual,First Owner,12.0,Tata,3500.0,Mid-Range
Honda City i DTEC VX,2014.0,520000.0,60000.0,Diesel,Individual,Manual,First Owner,12.0,Honda,5000.0,Mid-Range
Tata Indica DLS,2006.0,85000.0,300000.0,Diesel,Individual,Manual,Second Owner,20.0,Tata,15000.0,Budget
Tata Indigo LX,2009.0,130000.0,110000.0,Diesel,Individual,Manual,Third Owner,17.0,Tata,6470.588235294118,Budget
Ford EcoSport 1.5 TDCi Titanium BSIV,2018.0,950000.0,27620.0,Diesel,Dealer,Manual,First Owner,8.0,Ford,3452.5,Luxury
Ford Figo Aspire 1.2 Ti-VCT Titanium Plus,2015.0,450000.0,70000.0,Petrol,Individual,Manual,First Owner,11.0,Ford,6363.636363636364,Mid-Range
Honda City S,2012.0,320000.0,50000.0,Petrol,Individual,Manual,Second Owner,14.0,Honda,3571.4285714285716,Mid-Range
Maruti Swift Dzire VDI,2015.0,480000.0,50000.0,Diesel,Individual,Manual,First Owner,11.0,Maruti,4545.454545454545,Mid-Range
Mercedes-Benz New C-Class C 220 CDI Grand Edition,2014.0,2490000.0,46000.0,Diesel,Individual,Automatic,First Owner,12.0,Mercedes-Benz,3833.3333333333335,Luxury
Toyota Innova 2.5 VX 8 STR,2012.0,790000.0,82000.0,Diesel,Individual,Manual,First Owner,14.0,Toyota,5857.142857142857,Luxury
Maruti Alto LXi,2006.0,75000.0,60000.0,Petrol,Individual,Manual,Third Owner,20.0,Maruti,3000.0,Budget
Tata Indica GLS BS IV,2010.0,99000.0,70000.0,Petrol,Individual,Manual,First Owner,16.0,Tata,4375.0,Budget
Mahindra Xylo D4 BSIV,2013.0,250000.0,200000.0,Diesel,Individual,Manual,First Owner,13.0,Mahindra,15384.615384615385,Mid-Range
Toyota Innova Crysta 2.5 VX BS IV,2011.0,520000.0,120000.0,Diesel,Individual,Manual,First Owner,15.0,Toyota,8000.0,Mid-Range
Hyundai Verna CRDi 1.6 AT SX Option,2018.0,1100000.0,30000.0,Diesel,Individual,Automatic,First Owner,8.0,Hyundai,3750.0,Luxury
Toyota Innova 2.5 V Diesel 7-seater,2005.0,200000.0,223000.0,Diesel,Individual,Manual,First Owner,21.0,Toyota,10619.047619047618,Budget
Maruti Swift Dzire VDI,2016.0,525000.0,60000.0,Diesel,Individual,Manual,First Owner,10.0,Maruti,6000.0,Mid-Range
Hyundai i20 Asta 1.2,2016.0,500000.0,40000.0,Petrol,Individual,Manual,First Owner,10.0,Hyundai,4000.0,Mid-Range
Mahindra Scorpio S2 7 Seater,2016.0,675000.0,161327.0,Diesel,Individual,Manual,First Owner,10.0,Mahindra,16132.7,Luxury
Hyundai i10 Magna 1.2 iTech SE,2009.0,150000.0,60000.0,Petrol,Individual,Manual,Third Owner,17.0,Hyundai,3529.4117647058824,Budget
Mahindra Bolero DI,2007.0,250000.0,50000.0,Diesel,Individual,Manual,First Owner,19.0,Mahindra,2631.5789473684213,Mid-Range
Hyundai Grand i10 1.2 Kappa Sportz BSIV,2014.0,450000.0,6000.0,Petrol,Individual,Manual,First Owner,12.0,Hyundai,500.0,Mid-Range
Hyundai Santro Xing XS,2009.0,150000.0,68000.0,Petrol,Individual,Manual,First Owner,17.0,Hyundai,4000.0,Budget
Chevrolet Beat Diesel LS,2012.0,200000.0,85000.0,Diesel,Individual,Manual,First Owner,14.0,Chevrolet,6071.428571428572,Budget
Mahindra Scorpio VLS AT 2.2 mHAWK,2011.0,525000.0,70000.0,Diesel,Individual,Automatic,First Owner,15.0,Mahindra,4666.666666666667,Mid-Range
Maruti Esteem VX,1999.0,60000.0,35000.0,Petrol,Individual,Manual,Second Owner,27.0,Maruti,1296.2962962962963,Budget
Maruti Swift Vdi BSIII,2010.0,180000.0,100000.0,Diesel,Individual,Manual,Second Owner,16.0,Maruti,6250.0,Budget
Honda Amaze S i-Dtech,2015.0,475000.0,110000.0,Diesel,Individual,Manual,First Owner,11.0,Honda,10000.0,Mid-Range
Mahindra Scorpio VLS AT 2.2 mHAWK,2010.0,380000.0,195000.0,Diesel,Individual,Automatic,Second Owner,16.0,Mahindra,12187.5,Mid-Range
Maruti Alto 800 LXI,2015.0,285000.0,46000.0,Petrol,Individual,Manual,Second Owner,11.0,Maruti,4181.818181818182,Mid-Range
Maruti Alto LXi BSIII,2008.0,91200.0,60000.0,Petrol,Individual,Manual,Second Owner,18.0,Maruti,3333.3333333333335,Budget
Datsun RediGO T Option,2014.0,250000.0,46000.0,Petrol,Individual,Manual,First Owner,12.0,Datsun,3833.3333333333335,Mid-Range
Hyundai Grand i10 CRDi Sportz,2015.0,400000.0,42000.0,Diesel,Individual,Manual,First Owner,11.0,Hyundai,3818.181818181818,Mid-Range
Hyundai Santro Xing XG AT,2014.0,160000.0,90000.0,Petrol,Individual,Automatic,Second Owner,12.0,Hyundai,7500.0,Budget
Skoda Yeti Ambition 4X2,2012.0,650000.0,85000.0,Diesel,Individual,Manual,First Owner,14.0,Skoda,6071.428571428572,Luxury
Hyundai Verna 1.6 SX,2012.0,409999.0,120000.0,Diesel,None,Manual,Third Owner,14.0,Hyundai,8571.42857142857,Mid-Range
Ford Ecosport 1.5 DV5 MT Titanium,2013.0,425000.0,72000.0,Diesel,Individual,Manual,First Owner,13.0,Ford,5538.461538461538,Mid-Range
Maruti Wagon R LXI CNG,2013.0,250000.0,71000.0,CNG,Individual,Manual,Second Owner,13.0,Maruti,5461.538461538462,Mid-Range
Maruti Swift Dzire VXi,2009.0,200000.0,60000.0,Petrol,Individual,Manual,Fourth & Above Owner,17.0,Maruti,3529.4117647058824,Budget
Maruti Wagon R LXI CNG,2013.0,250000.0,71000.0,CNG,Individual,Manual,Second Owner,13.0,Maruti,5461.538461538462,Mid-Range
Volkswagen Polo Diesel Trendline 1.2L,2010.0,130000.0,144000.0,Diesel,Individual,Manual,Fourth & Above Owner,16.0,Volkswagen,9000.0,Budget
Maruti Eeco 5 Seater AC BSIV,2017.0,260000.0,30000.0,Petrol,Dealer,Manual,First Owner,9.0,Maruti,3333.3333333333335,Mid-Range
Hyundai Verna SX,2007.0,155000.0,60000.0,Petrol,Dealer,Manual,First Owner,19.0,Hyundai,3157.8947368421054,Budget
Honda Jazz 1.5 VX i DTEC,2015.0,450000.0,38000.0,Diesel,Individual,Manual,First Owner,11.0,Honda,3454.5454545454545,Mid-Range
Maruti SX4 Celebration Petrol,2012.0,220000.0,90000.0,Petrol,Individual,Manual,Second Owner,14.0,Maruti,6428.571428571428,Budget
Hyundai i20 Active S Diesel,2018.0,650000.0,37000.0,Diesel,Dealer,Manual,First Owner,8.0,Hyundai,4625.0,Luxury
Maruti Alto 800 LXI,2018.0,285000.0,30000.0,Petrol,Dealer,Manual,First Owner,8.0,Maruti,3750.0,Mid-Range
Honda Amaze V CVT Petrol BSIV,2018.0,725000.0,26000.0,Petrol,Dealer,Automatic,First Owner,8.0,Honda,3250.0,Luxury
Maruti Ciaz ZXi,2016.0,625000.0,30000.0,Petrol,Dealer,Manual,First Owner,10.0,Maruti,3000.0,Luxury
Hyundai i20 Active SX Petrol,2016.0,550000.0,23000.0,Petrol,Dealer,Manual,First Owner,10.0,Hyundai,2300.0,Mid-Range
Hyundai i10 Magna,2012.0,240000.0,60000.0,Petrol,None,Manual,First Owner,14.0,Hyundai,4285.714285714285,Budget
Nissan Terrano XL 85 PS,2014.0,600000.0,27000.0,Diesel,Dealer,Manual,First Owner,12.0,Nissan,2250.0,Mid-Range
Tata New Safari DICOR 2.2 EX 4x2,2012.0,350000.0,65000.0,Diesel,Dealer,Manual,First Owner,14.0,Tata,4642.857142857143,Mid-Range
Hyundai EON Magna Plus,2015.0,245000.0,32000.0,Petrol,Dealer,Manual,First Owner,11.0,Hyundai,2909.090909090909,Budget
BMW X1 sDrive 20d xLine,2017.0,2400000.0,30000.0,Diesel,Individual,Automatic,First Owner,9.0,BMW,3333.3333333333335,Luxury
Mahindra Scorpio SLE BS IV,2014.0,620000.0,80000.0,Diesel,Dealer,Manual,First Owner,12.0,Mahindra,6666.666666666667,Luxury
Maruti Swift Dzire 1.2 Vxi BSIV,2014.0,395000.0,52000.0,Petrol,Dealer,Manual,Second Owner,12.0,Maruti,4333.333333333333,Mid-Range
Maruti Alto LX,2011.0,180000.0,36000.0,Petrol,Dealer,Manual,First Owner,15.0,Maruti,2400.0,Budget
Maruti Swift ZDI Plus,2014.0,484999.0,73000.0,Diesel,Dealer,Manual,Second Owner,12.0,Maruti,6083.333333333333,Mid-Range
Maruti Alto LX,2004.0,110000.0,60000.0,Petrol,Individual,Manual,First Owner,22.0,Maruti,2727.2727272727275,Budget
Maruti Wagon R VXI BSIII,2006.0,150000.0,60000.0,Petrol,Individual,Manual,Second Owner,20.0,Maruti,3000.0,Budget
Chevrolet Tavera Neo 2 LT L 9 Str,2012.0,400000.0,110000.0,Diesel,Individual,Manual,First Owner,14.0,Chevrolet,7857.142857142857,Mid-Range
Tata Indica Vista Aura Plus 1.3 Quadrajet,2012.0,200000.0,70000.0,Diesel,Individual,Manual,Second Owner,14.0,Tata,5000.0,Budget
Renault Duster 85PS Diesel RxL Plus,2013.0,302000.0,60000.0,Diesel,Individual,Manual,Second Owner,13.0,Renault,4615.384615384615,Mid-Range
Maruti Swift Dzire Vdi BSIV,2011.0,215000.0,90000.0,Diesel,Individual,Manual,Fourth & Above Owner,15.0,Maruti,6000.0,Budget
Toyota Innova 2.5 G (Diesel) 8 Seater,2014.0,1000000.0,101000.0,Diesel,Individual,Manual,Second Owner,12.0,Toyota,8416.666666666666,Luxury
Mahindra Bolero Power Plus SLX,2018.0,550000.0,44000.0,None,Individual,Manual,First Owner,8.0,Mahindra,5500.0,Mid-Range
Maruti Swift 1.3 VXi,2006.0,200000.0,60000.0,Petrol,Individual,Manual,First Owner,20.0,Maruti,3000.0,Budget
Maruti Zen LXI,2005.0,90000.0,90000.0,Petrol,Individual,Manual,Second Owner,21.0,Maruti,4285.714285714285,Budget
Maruti Wagon R LXI Minor,2007.0,80000.0,120000.0,Petrol,Individual,Manual,Second Owner,19.0,Maruti,6315.789473684211,Budget
Hyundai EON D Lite Plus,2013.0,229999.0,60000.0,Petrol,Individual,Manual,First Owner,13.0,Hyundai,4615.384615384615,Budget
Renault KWID 1.0 RXT Optional,2017.0,350000.0,10000.0,Petrol,Individual,Manual,First Owner,9.0,Renault,1111.111111111111,Mid-Range
Hyundai Grand i10 Magna,2015.0,325000.0,25000.0,Petrol,Individual,Manual,First Owner,11.0,Hyundai,2272.7272727272725,Mid-Range
Tata Tigor 1.2 Revotron XT,2018.0,450000.0,8500.0,Petrol,Individual,Manual,First Owner,8.0,Tata,1062.5,Mid-Range
Maruti SX4 Celebration Diesel,2012.0,250000.0,120000.0,Diesel,Individual,Manual,First Owner,14.0,Maruti,8571.42857142857,Mid-Range
Volkswagen Polo Diesel Comfortline 1.2L,2012.0,225000.0,120000.0,Diesel,Individual,Manual,First Owner,14.0,Volkswagen,8571.42857142857,Budget
Maruti Alto LXi,2009.0,150000.0,90246.0,Petrol,Individual,Manual,First Owner,17.0,Maruti,5308.588235294118,Budget
Maruti Alto LX BSIII,2008.0,110000.0,90000.0,Petrol,Individual,Manual,Second Owner,18.0,Maruti,5000.0,Budget
Maruti Alto LXi BSIII,2010.0,150000.0,40000.0,Petrol,Individual,Manual,Second Owner,16.0,Maruti,2500.0,Budget
Maruti Gypsy King Hard Top,2000.0,165000.0,60000.0,Petrol,Individual,Manual,Fourth & Above Owner,26.0,Maruti,2307.6923076923076,Budget
Tata Manza Club Class Quadrajet90 VX,2013.0,170000.0,60400.0,Diesel,Individual,Manual,First Owner,13.0,Tata,4646.153846153846,Budget
Hyundai i20 Asta 1.4 CRDi,2013.0,300000.0,90000.0,Diesel,Individual,Manual,First Owner,13.0,Hyundai,6923.076923076923,Mid-Range
Hyundai Xcent 1.1 CRDi Base,2015.0,375000.0,60000.0,None,Individual,Manual,First Owner,11.0,Hyundai,5454.545454545455,Mid-Range
Hyundai i20 Active 1.2 S,2017.0,600000.0,10000.0,Petrol,Individual,Manual,First Owner,9.0,Hyundai,1111.111111111111,Mid-Range
Maruti Alto 800 LXI,2014.0,204999.0,25000.0,Petrol,Individual,Manual,Second Owner,12.0,Maruti,2083.3333333333335,Budget
Hyundai Verna CRDi,2009.0,270000.0,80000.0,Diesel,Individual,Manual,Second Owner,17.0,Hyundai,4705.882352941177,Mid-Range
Maruti Baleno Zeta,2020.0,700000.0,1100.0,Petrol,Individual,Manual,First Owner,6.0,Maruti,183.33333333333334,Luxury
Hyundai i10 Sportz 1.1L,2017.0,375000.0,10000.0,Petrol,Individual,Manual,First Owner,9.0,Hyundai,1111.111111111111,Mid-Range
Hyundai Grand i10 Asta,2014.0,341000.0,31491.0,Petrol,None,Manual,First Owner,12.0,Hyundai,2624.25,Mid-Range
Maruti Swift Dzire VDI,2014.0,200000.0,107143.0,Diesel,Individual,Manual,Second Owner,12.0,Maruti,8928.583333333334,Budget
Maruti Ignis 1.2 AMT Delta BSIV,2017.0,450000.0,15000.0,Petrol,Individual,Manual,First Owner,9.0,Maruti,1666.6666666666667,Mid-Range
Mahindra Bolero Power Plus LX,2016.0,500000.0,60000.0,Diesel,Individual,Manual,First Owner,10.0,Mahindra,6000.0,Mid-Range
Maruti Swift 1.2 DLX,2014.0,351000.0,40000.0,Petrol,Individual,Manual,First Owner,12.0,Maruti,3333.3333333333335,Mid-Range
Hyundai i10 Magna 1.2 iTech SE,2011.0,195000.0,80000.0,Petrol,Individual,Manual,Second Owner,15.0,Hyundai,5333.333333333333,Budget
Maruti Swift Dzire VDi,2014.0,250000.0,60000.0,Diesel,Individual,Manual,Second Owner,12.0,Maruti,5000.0,Mid-Range
Maruti Zen Estilo 1.1 VXI BSIII,2008.0,120000.0,60000.0,Petrol,Individual,Manual,Second Owner,18.0,Maruti,3333.3333333333335,Budget
Maruti A-Star Vxi,2009.0,180000.0,70000.0,Petrol,Individual,Manual,Third Owner,17.0,Maruti,4117.64705882353,Budget
Mahindra KUV 100 mFALCON D75 K6,2016.0,430000.0,20000.0,Diesel,Individual,Manual,First Owner,10.0,Mahindra,2000.0,Mid-Range
Tata Nano Cx BSIV,2012.0,75000.0,35000.0,Petrol,Individual,Manual,Second Owner,14.0,Tata,2500.0,Budget
Mahindra Xylo D4,2017.0,750000.0,80000.0,Diesel,Individual,Manual,First Owner,9.0,Mahindra,8888.888888888889,Luxury
Tata Nano Lx,2011.0,60000.0,40000.0,Petrol,Individual,Manual,First Owner,15.0,Tata,2666.6666666666665,Budget
Toyota Innova 2.5 VX (Diesel) 8 Seater,2015.0,1500000.0,46412.0,Diesel,Individual,Manual,First Owner,11.0,Toyota,4219.272727272727,Luxury
Mahindra Bolero SLX 2WD BSIII,2011.0,390000.0,150000.0,Diesel,Individual,Manual,Fourth & Above Owner,15.0,Mahindra,10000.0,Mid-Range
Mahindra TUV 300 T4,2016.0,630000.0,50000.0,Diesel,Individual,Manual,First Owner,10.0,Mahindra,5000.0,Luxury
Tata Safari Storme VX Varicor 400,2018.0,1085000.0,15000.0,Diesel,Individual,Manual,First Owner,8.0,Tata,1875.0,Luxury
Hyundai i10 Magna 1.2 iTech SE,2012.0,190000.0,60000.0,Petrol,Individual,Manual,Second Owner,14.0,Hyundai,4285.714285714285,Budget
Chevrolet Spark 1.0 LT,2011.0,165000.0,60000.0,Petrol,Individual,Manual,First Owner,15.0,Chevrolet,4000.0,Budget
Ford Figo Diesel Celebration Edition,2013.0,260000.0,65000.0,Diesel,None,Manual,First Owner,13.0,Ford,5000.0,Mid-Range
Maruti Alto LX,2011.0,151000.0,40000.0,Petrol,Individual,Manual,First Owner,15.0,Maruti,2666.6666666666665,Budget
Maruti Vitara Brezza VDi,2018.0,780000.0,50000.0,Diesel,Individual,Manual,First Owner,8.0,Maruti,6250.0,Luxury
Tata Indica Vista Quadrajet LX,2014.0,175000.0,80000.0,Diesel,Individual,Manual,Third Owner,12.0,Tata,6666.666666666667,Budget
Tata Indica Vista TDI LS,2010.0,170000.0,60000.0,Diesel,Dealer,Manual,First Owner,16.0,Tata,3750.0,Budget
Maruti Alto LXi,2007.0,90000.0,43826.0,Petrol,Dealer,Manual,Second Owner,19.0,Maruti,2306.6315789473683,Budget
Maruti Swift VDI BSIV,2007.0,195000.0,112880.0,Diesel,Dealer,Manual,First Owner,19.0,Maruti,5941.0526315789475,Budget
Tata Indica Vista Terra Quadrajet 1.3L,2014.0,140000.0,90000.0,Diesel,None,Manual,Third Owner,12.0,Tata,7500.0,Budget
Nissan Sunny XL,2012.0,350000.0,40000.0,Petrol,Individual,Manual,First Owner,14.0,Nissan,2857.1428571428573,Mid-Range
Renault KWID 1.0 RXT Optional,2017.0,300000.0,30300.0,Petrol,Individual,Manual,First Owner,9.0,Renault,3366.6666666666665,Mid-Range
Volkswagen Vento Diesel Style Limited Edition,2013.0,340000.0,85000.0,Diesel,Individual,Manual,First Owner,13.0,Volkswagen,6538.461538461538,Mid-Range
Maruti Swift Dzire VXi,2009.0,250000.0,80659.0,None,Dealer,Manual,First Owner,17.0,Maruti,4744.64705882353,Mid-Range
Chevrolet Aveo 1.4 LS,2008.0,170000.0,81324.0,None,Dealer,Manual,First Owner,18.0,Chevrolet,4518.0,Budget
Chevrolet Beat PS,2015.0,200000.0,50000.0,Petrol,Individual,Manual,First Owner,11.0,Chevrolet,4545.454545454545,Budget
Chevrolet Beat PS,2014.0,300000.0,25000.0,Petrol,Individual,Manual,First Owner,12.0,Chevrolet,2083.3333333333335,Mid-Range
Honda Amaze S i-Dtech,2015.0,300000.0,66755.0,Diesel,Dealer,Manual,First Owner,11.0,Honda,6068.636363636364,Mid-Range
Honda City E,2013.0,380000.0,123084.0,Petrol,Dealer,Manual,First Owner,13.0,Honda,9468.0,Mid-Range
Maruti Swift VXI BSIII,2009.0,250000.0,806599.0,Petrol,Dealer,Manual,First Owner,17.0,Maruti,47447.0,Mid-Range
Honda Amaze S i-Dtech,2013.0,310000.0,95851.0,Diesel,Dealer,Manual,First Owner,13.0,Honda,7373.153846153846,Mid-Range
Maruti Wagon R VXI Minor ABS,2014.0,260000.0,50000.0,Petrol,Individual,Manual,First Owner,12.0,Maruti,4166.666666666667,Mid-Range
Maruti Omni BSIII 8-STR W/ IMMOBILISER,2008.0,150000.0,50000.0,Petrol,Individual,Manual,Second Owner,18.0,Maruti,2777.777777777778,Budget
Maruti Alto 800 LXI,2015.0,280000.0,15000.0,Petrol,Individual,Manual,Second Owner,11.0,Maruti,1363.6363636363637,Mid-Range
Mahindra Xylo H4 ABS,2016.0,850000.0,40000.0,Diesel,Individual,Manual,First Owner,10.0,Mahindra,4000.0,Luxury
Datsun GO Plus T Option BSIV,2017.0,375000.0,20000.0,Petrol,Individual,Manual,First Owner,9.0,Datsun,2222.222222222222,Mid-Range
Hyundai Elantra CRDi (Leather Option),2006.0,125000.0,120000.0,Diesel,Individual,Manual,Third Owner,20.0,Hyundai,6000.0,Budget
Chevrolet Beat Diesel LT,2014.0,250000.0,110000.0,Diesel,Individual,Manual,First Owner,12.0,Chevrolet,9166.666666666666,Mid-Range
Hyundai i20 1.4 CRDi Era,2011.0,220000.0,70000.0,Diesel,Individual,Manual,First Owner,15.0,Hyundai,4666.666666666667,Budget
Tata Indica Vista Aqua 1.3 Quadrajet,2010.0,110000.0,110000.0,Diesel,Individual,Manual,Second Owner,16.0,Tata,6875.0,Budget
Hyundai Verna XXi (Petrol),2007.0,150000.0,84000.0,Petrol,Individual,Manual,Second Owner,19.0,Hyundai,4421.0526315789475,Budget
Nissan Sunny Diesel XV,2012.0,300000.0,170000.0,Diesel,Individual,Manual,First Owner,14.0,Nissan,12142.857142857143,Mid-Range
Maruti Wagon R LX,2006.0,75000.0,96000.0,Petrol,Individual,Manual,Second Owner,20.0,Maruti,4800.0,Budget
Tata Indigo LS,2009.0,100000.0,20000.0,Diesel,Individual,Manual,First Owner,17.0,Tata,1176.4705882352941,Budget
Volkswagen Passat 1.8 TSI MT,2010.0,480000.0,80000.0,Petrol,Individual,Manual,Second Owner,16.0,Volkswagen,5000.0,Mid-Range
Chevrolet Beat Diesel LS,2013.0,190000.0,70000.0,Diesel,Individual,Manual,First Owner,13.0,Chevrolet,5384.615384615385,Budget
Ford Figo Diesel LXI,2012.0,190000.0,60000.0,Diesel,Individual,Manual,Second Owner,14.0,Ford,4285.714285714285,Budget
Ford EcoSport 1.5 Ti VCT MT Trend BSIV,2017.0,650000.0,19014.0,Petrol,Dealer,Manual,First Owner,9.0,Ford,2112.6666666666665,Luxury
Toyota Corolla Executive (HE),2009.0,300000.0,23262.0,Petrol,Dealer,Manual,First Owner,17.0,Toyota,1368.3529411764705,Mid-Range
Ford Freestyle Titanium Diesel BSIV,2016.0,700000.0,29600.0,Diesel,Dealer,Manual,First Owner,10.0,Ford,2960.0,Luxury
Hyundai i10 Sportz 1.1L,2015.0,310000.0,35925.0,Petrol,Dealer,Manual,First Owner,11.0,Hyundai,3265.909090909091,Mid-Range
Maruti Ignis 1.2 Zeta BSIV,2018.0,500000.0,60000.0,Petrol,Individual,Manual,First Owner,8.0,Maruti,7500.0,Mid-Range
Toyota Etios V,2013.0,415000.0,40771.0,Petrol,None,Manual,First Owner,13.0,Toyota,3136.230769230769,Mid-Range
Toyota Etios Liva 1.2 G,2014.0,430000.0,42000.0,Petrol,Dealer,Manual,Second Owner,12.0,Toyota,3500.0,Mid-Range
Toyota Corolla H6,2007.0,215000.0,55800.0,Petrol,Dealer,Manual,Second Owner,19.0,Toyota,2936.842105263158,Budget
Renault Duster RXL AWD,2014.0,550000.0,66569.0,Diesel,Dealer,Manual,First Owner,12.0,Renault,5547.416666666667,Mid-Range
Volkswagen Polo 1.5 TDI Trendline,2014.0,415000.0,60000.0,Diesel,Dealer,Manual,First Owner,12.0,Volkswagen,5000.0,Mid-Range
Volkswagen Polo 1.5 TDI Comfortline,2015.0,450000.0,82695.0,Diesel,Dealer,Manual,First Owner,11.0,Volkswagen,7517.727272727273,Mid-Range
Ford Figo Diesel EXI,2014.0,285000.0,68293.0,Diesel,Dealer,Manual,Second Owner,12.0,Ford,5691.083333333333,Mid-Range
Honda Jazz VX CVT,2016.0,580000.0,32000.0,Petrol,Dealer,Automatic,First Owner,10.0,Honda,3200.0,Mid-Range
Maruti Swift Dzire Tour LDI,2014.0,300000.0,190621.0,Diesel,Dealer,Manual,First Owner,12.0,Maruti,15885.083333333334,Mid-Range
Hyundai Verna CRDi 1.6 SX Option,2018.0,1200000.0,60000.0,Diesel,Individual,Manual,First Owner,8.0,Hyundai,7500.0,Luxury
Maruti 800 AC,2014.0,65000.0,100000.0,Petrol,Individual,Manual,Second Owner,12.0,Maruti,8333.333333333334,Budget
Tata Zest Quadrajet 1.3 75PS XE,2016.0,400000.0,88470.0,Diesel,Individual,Manual,First Owner,10.0,Tata,8847.0,Mid-Range
Hyundai Verna 1.6 CRDI SX Option,2016.0,850000.0,75000.0,Diesel,Individual,Manual,First Owner,10.0,Hyundai,7500.0,Luxury
Volkswagen Vento Diesel Highline,2013.0,450000.0,120000.0,Diesel,None,Manual,Second Owner,13.0,Volkswagen,9230.76923076923,Mid-Range
Toyota Etios 1.4 VXD,2017.0,780000.0,70000.0,Diesel,Individual,Manual,First Owner,9.0,Toyota,7777.777777777777,Luxury
Maruti Alto 800 VXI,2020.0,350000.0,1000.0,Petrol,Individual,Manual,First Owner,6.0,Maruti,166.66666666666666,Mid-Range
Mahindra Quanto C6,2013.0,285000.0,120000.0,Diesel,None,Manual,Second Owner,13.0,Mahindra,9230.76923076923,Mid-Range
Maruti Ciaz ZDi,2014.0,550000.0,90000.0,Diesel,Dealer,Manual,Second Owner,12.0,Maruti,7500.0,Mid-Range
Volkswagen Ameo 1.5 TDI Comfortline,2014.0,580000.0,70000.0,Diesel,Individual,Manual,First Owner,12.0,Volkswagen,5833.333333333333,Mid-Range
Tata Nano CX SE,2013.0,75000.0,25000.0,Petrol,Individual,Manual,Third Owner,13.0,Tata,1923.076923076923,Budget
Tata Manza Aura Quadrajet,2009.0,185000.0,60000.0,Diesel,Individual,Manual,Third Owner,17.0,Tata,3529.4117647058824,Budget
Maruti Omni E 8 Str STD,2014.0,110000.0,90000.0,Petrol,Individual,Manual,Fourth & Above Owner,12.0,Maruti,7500.0,Budget
Honda City 1.5 EXI,2014.0,180000.0,200000.0,Petrol,Individual,Manual,Second Owner,12.0,Honda,16666.666666666668,Budget
Chevrolet Optra 1.6 LS,2005.0,60000.0,60000.0,Petrol,Individual,Manual,Second Owner,21.0,Chevrolet,2857.1428571428573,Budget
Mahindra Alturas G4 4X2 AT BSIV,2019.0,2700000.0,5000.0,Diesel,Individual,Automatic,First Owner,7.0,Mahindra,714.2857142857143,Luxury
Maruti Zen Estilo LX BSIII,2007.0,135000.0,74183.0,Petrol,Individual,Manual,First Owner,19.0,Maruti,3904.3684210526317,Budget
Mahindra Bolero Power Plus Plus AC BSIV PS,2015.0,640000.0,70000.0,Diesel,Individual,Manual,Second Owner,11.0,Mahindra,6363.636363636364,Luxury
Maruti Alto 800 VXI,2014.0,160000.0,90000.0,Petrol,Individual,Manual,First Owner,12.0,Maruti,7500.0,Budget
Tata Indica LXI,2004.0,80000.0,46000.0,Petrol,Individual,Manual,Second Owner,22.0,Tata,2090.909090909091,Budget
Maruti Ritz VDi,2012.0,110000.0,80000.0,Diesel,Individual,Manual,Second Owner,14.0,Maruti,5714.285714285715,Budget
Tata Sumo Gold EX,2013.0,250000.0,90000.0,Diesel,Individual,Manual,Second Owner,13.0,Tata,6923.076923076923,Mid-Range
Toyota Innova Crysta 2.4 VX MT BSIV,2017.0,1300000.0,70000.0,Diesel,Individual,Manual,First Owner,9.0,Toyota,7777.777777777777,Luxury
Mahindra Quanto C6,2014.0,250000.0,1.0,Diesel,Individual,Manual,Second Owner,12.0,Mahindra,0.08333333333333333,Mid-Range
Toyota Innova 2.5 G (Diesel) 8 Seater BS IV,2009.0,450000.0,192000.0,Diesel,Individual,Manual,First Owner,17.0,Toyota,11294.117647058823,Mid-Range
Maruti Wagon R LX Minor,2013.0,240000.0,70000.0,Petrol,Individual,Manual,Fourth & Above Owner,13.0,Maruti,5384.615384615385,Budget
Mahindra Bolero DI DX 7 Seater,2007.0,225000.0,120000.0,Diesel,Individual,Manual,Second Owner,19.0,Mahindra,6315.789473684211,Budget
Maruti Wagon R VXI Optional,2015.0,275000.0,60000.0,Petrol,Individual,Manual,Second Owner,11.0,Maruti,5454.545454545455,Mid-Range
Tata Sumo Victa CX 7/9 Str BSII,2012.0,320000.0,120000.0,Diesel,Individual,Manual,Second Owner,14.0,Tata,8571.42857142857,Mid-Range
Maruti Alto LX BSIII,2008.0,75000.0,120000.0,Petrol,Individual,Manual,First Owner,18.0,Maruti,6666.666666666667,Budget
Tata Indica Vista Aqua TDI BSIII,2009.0,90000.0,120000.0,Diesel,Individual,Manual,First Owner,17.0,Tata,7058.823529411765,Budget
Maruti Wagon R LXI Minor,2007.0,85000.0,80000.0,Petrol,Individual,Manual,Second Owner,19.0,Maruti,4210.526315789473,Budget
Mahindra Scorpio M2DI,2008.0,350000.0,80000.0,Diesel,Individual,Manual,Second Owner,18.0,Mahindra,4444.444444444444,Mid-Range
Skoda Superb Elegance 2.0 TDI CR AT,2009.0,355000.0,100000.0,Diesel,Individual,Automatic,Second Owner,17.0,Skoda,5882.35294117647,Mid-Range
Maruti Swift VXI,2020.0,619000.0,1500.0,Petrol,Individual,Manual,First Owner,6.0,Maruti,250.0,Luxury
Jeep Compass 2.0 Longitude Option BSIV,2018.0,1700000.0,60000.0,Diesel,Individual,Manual,First Owner,8.0,Jeep,7500.0,Luxury
Ford Fiesta 1.6 ZXi Leather,2006.0,95000.0,83411.0,Petrol,Individual,Manual,First Owner,20.0,Ford,4170.55,Budget
Volkswagen Vento Diesel Highline,2014.0,300000.0,120000.0,Diesel,None,Manual,Second Owner,12.0,Volkswagen,10000.0,Mid-Range
Ford Fiesta 1.6 ZXi Leather,2006.0,81000.0,60000.0,Petrol,Individual,Manual,First Owner,20.0,Ford,3000.0,Budget
Skoda Superb Elegance 2.0 TDI CR AT,2015.0,1000000.0,80000.0,Diesel,Individual,Automatic,Second Owner,11.0,Skoda,7272.727272727273,Luxury
Maruti Ertiga VDI,2019.0,925000.0,50000.0,Diesel,Individual,Manual,First Owner,7.0,Maruti,7142.857142857143,Luxury
Mahindra Bolero Power Plus Plus AC BSIV PS,2015.0,450000.0,40000.0,Diesel,Individual,Manual,First Owner,11.0,Mahindra,3636.3636363636365,Mid-Range
Mahindra Scorpio EX,2014.0,600000.0,13270.0,Diesel,Individual,Manual,First Owner,12.0,Mahindra,1105.8333333333333,Mid-Range
Hyundai Santro Xing XL AT eRLX Euro III,2006.0,85000.0,100000.0,Petrol,Individual,Manual,Third Owner,20.0,Hyundai,5000.0,Budget
Maruti Swift VDI,2013.0,400000.0,90000.0,Diesel,Individual,Manual,First Owner,13.0,Maruti,6923.076923076923,Mid-Range
Ford Fiesta 1.4 Duratec ZXI,2008.0,120000.0,100000.0,Petrol,Individual,Manual,Third Owner,18.0,Ford,5555.555555555556,Budget
Hyundai i20 Asta Option 1.4 CRDi,2016.0,580000.0,57000.0,Diesel,Individual,Manual,First Owner,10.0,Hyundai,5700.0,Mid-Range
Maruti Wagon R VXI BS IV with ABS,2015.0,229999.0,100000.0,Petrol,Individual,Manual,Third Owner,11.0,Maruti,9090.90909090909,Budget
Maruti Swift Dzire VDI,2017.0,600000.0,60000.0,None,Individual,Manual,First Owner,9.0,Maruti,6666.666666666667,Mid-Range
Maruti A-Star Vxi,2009.0,120000.0,76000.0,Petrol,Individual,Manual,Second Owner,17.0,Maruti,4470.588235294118,Budget
Ford Figo Diesel Titanium,2010.0,200000.0,100000.0,Diesel,Individual,Manual,Second Owner,16.0,Ford,6250.0,Budget
Hyundai Verna 1.6 SX CRDi (O),2012.0,450000.0,110000.0,Diesel,Individual,Manual,Second Owner,14.0,Hyundai,7857.142857142857,Mid-Range
Hyundai Verna 1.6 SX CRDi (O),2012.0,550000.0,80000.0,Diesel,Individual,Manual,Second Owner,14.0,Hyundai,5714.285714285715,Mid-Range
Renault KWID Climber 1.0 AMT,2017.0,300000.0,20000.0,Petrol,Individual,Automatic,First Owner,9.0,Renault,2222.222222222222,Mid-Range
Mahindra Bolero Power Plus SLE,2018.0,630000.0,40000.0,Diesel,Individual,Manual,First Owner,8.0,Mahindra,5000.0,Luxury
Maruti Swift Dzire VDI,2017.0,610000.0,40000.0,Diesel,Individual,Manual,Second Owner,9.0,Maruti,4444.444444444444,Luxury
Hyundai Xcent 1.2 VTVT S,2019.0,660000.0,7000.0,Petrol,Individual,Manual,Second Owner,7.0,Hyundai,1000.0,Luxury
Maruti Wagon R LXI LPG BSIV,2012.0,220000.0,80000.0,LPG,Individual,Manual,Second Owner,14.0,Maruti,5714.285714285715,Budget
Nissan Micra Diesel XV Premium,2011.0,138000.0,90000.0,Diesel,Individual,Manual,Second Owner,15.0,Nissan,6000.0,Budget
Nissan Micra Diesel XV Premium,2013.0,210000.0,13770.0,None,Individual,Manual,First Owner,13.0,Nissan,1059.2307692307693,Budget
Maruti Zen LXi - BS III,2005.0,125000.0,34000.0,Petrol,Dealer,Manual,First Owner,21.0,Maruti,1619.047619047619,Budget
Maruti Alto LXi BSIII,2008.0,125000.0,60000.0,Petrol,Dealer,Manual,First Owner,18.0,Maruti,3333.3333333333335,Budget
Honda City i DTEC SV,2014.0,725000.0,110000.0,Diesel,Individual,Manual,First Owner,12.0,Honda,9166.666666666666,Luxury
Maruti Alto K10 2010-2014 VXI,2011.0,170000.0,90000.0,Petrol,Individual,Manual,Second Owner,15.0,Maruti,6000.0,Budget
Toyota Innova 2.5 VX (Diesel) 7 Seater,2015.0,1200000.0,70000.0,Diesel,Individual,Manual,Third Owner,11.0,Toyota,6363.636363636364,Luxury
Maruti Wagon R VXI BSIII,2003.0,70000.0,90000.0,Petrol,Individual,Manual,Second Owner,23.0,Maruti,3913.0434782608695,Budget
Maruti Alto LXi,2007.0,100000.0,70000.0,None,None,Manual,Second Owner,19.0,Maruti,3684.2105263157896,Budget
Honda Civic 1.8 (E) MT,2006.0,300000.0,80000.0,Petrol,Individual,Manual,Second Owner,20.0,Honda,4000.0,Mid-Range
Maruti Swift VDI,2013.0,450000.0,100000.0,None,Individual,Manual,Second Owner,13.0,Maruti,7692.307692307692,Mid-Range
Maruti Zen Estilo 1.1 LXI BSIII,2007.0,100000.0,143000.0,Petrol,Individual,Manual,Third Owner,19.0,Maruti,7526.315789473684,Budget
Honda City 1.5 V MT,2010.0,350000.0,115000.0,Petrol,Individual,Manual,Second Owner,16.0,Honda,7187.5,Mid-Range
Tata Manza ELAN Quadrajet BS IV,2011.0,165000.0,60000.0,Diesel,Individual,Manual,Second Owner,15.0,Tata,4000.0,Budget
Maruti Swift Dzire ZDI,2019.0,475000.0,120000.0,Diesel,Individual,Manual,Second Owner,7.0,Maruti,17142.85714285714,Mid-Range
Mahindra Xylo E4 ABS BS IV,2013.0,350000.0,42000.0,Diesel,Individual,Manual,First Owner,13.0,Mahindra,3230.769230769231,Mid-Range
Renault KWID RXL,2016.0,229999.0,38000.0,Petrol,Individual,Manual,First Owner,10.0,Renault,3800.0,Budget
Honda WR-V i-DTEC VX,2018.0,800000.0,35000.0,Diesel,Individual,Manual,First Owner,8.0,Honda,4375.0,Luxury
Maruti Swift Dzire ZDI,2014.0,475000.0,120000.0,Diesel,Individual,Manual,Second Owner,12.0,Maruti,10000.0,Mid-Range
Nissan Terrano XL 110 PS,2014.0,425000.0,136906.0,Diesel,Individual,Manual,First Owner,12.0,Nissan,11408.833333333334,Mid-Range
Maruti Ciaz VDi Plus,2015.0,660000.0,60000.0,Diesel,Individual,Manual,Second Owner,11.0,Maruti,5454.545454545455,Luxury
Honda Amaze S CVT Petrol,2019.0,610000.0,10000.0,Petrol,Individual,Automatic,First Owner,7.0,Honda,1428.5714285714287,Luxury
Honda Brio S MT,2013.0,240000.0,60000.0,Petrol,Individual,Manual,Third Owner,13.0,Honda,4615.384615384615,Budget
Maruti Esteem Lxi,2005.0,70000.0,60000.0,Petrol,Individual,Manual,Second Owner,21.0,Maruti,2857.1428571428573,Budget
Tata Indica Vista Aura 1.2 Safire,2010.0,100000.0,60000.0,Petrol,Individual,Manual,Second Owner,16.0,Tata,3750.0,Budget
Mahindra Bolero SLE,2010.0,350000.0,90000.0,Diesel,Individual,Manual,Second Owner,16.0,Mahindra,5625.0,Mid-Range
Hyundai EON Era Plus,2013.0,200000.0,120000.0,None,Individual,Manual,First Owner,13.0,Hyundai,9230.76923076923,Budget
Hyundai Elite i20 Asta Option CVT BSIV,2019.0,720000.0,60000.0,Petrol,Individual,Automatic,First Owner,7.0,Hyundai,8571.42857142857,Luxury
Maruti Ritz VDi,2014.0,350000.0,60000.0,None,Individual,Manual,First Owner,12.0,Maruti,5000.0,Mid-Range
Maruti Wagon R VXI BS IV,2016.0,400000.0,25000.0,Petrol,Individual,Manual,First Owner,10.0,Maruti,2500.0,Mid-Range
Hyundai i20 Active 1.2 S,2017.0,570000.0,35000.0,Petrol,Individual,Manual,First Owner,9.0,Hyundai,3888.8888888888887,Mid-Range
Maruti Omni MPI STD BSIV,2015.0,130000.0,70000.0,Petrol,Individual,Manual,First Owner,11.0,Maruti,6363.636363636364,Budget
Maruti Alto 800 LXI,2016.0,210000.0,52000.0,None,Individual,Manual,First Owner,10.0,Maruti,5200.0,Budget
Hyundai Creta 1.4 E Plus,2018.0,800000.0,52000.0,Diesel,None,Manual,First Owner,8.0,Hyundai,6500.0,Luxury
Honda Jazz 1.5 E i DTEC,2017.0,700000.0,39000.0,Diesel,Individual,Manual,First Owner,9.0,Honda,4333.333333333333,Luxury
Tata Indica Vista Quadrajet VX,2011.0,200000.0,28689.0,Diesel,Individual,Manual,First Owner,15.0,Tata,1912.6,Budget
Tata Aria Pure LX 4x2,2014.0,495000.0,90000.0,Diesel,Individual,Manual,Second Owner,12.0,Tata,7500.0,Mid-Range
Ford Fiesta Classic 1.4 Duratorq CLXI,2014.0,325000.0,80322.0,Diesel,None,Manual,First Owner,12.0,Ford,6693.5,Mid-Range
Ford Freestyle Trend Petrol BSIV,2019.0,650000.0,8000.0,Petrol,Individual,Manual,First Owner,7.0,Ford,1142.857142857143,Luxury
Mahindra Jeep MM 775 XDB,2000.0,155000.0,50000.0,Diesel,Individual,Manual,Second Owner,26.0,Mahindra,1923.076923076923,Budget
Hyundai Grand i10 1.2 CRDi Magna,2015.0,350000.0,61658.0,Diesel,Dealer,Manual,First Owner,11.0,Hyundai,5605.272727272727,Mid-Range
Maruti Zen Estilo LX BSIV,2010.0,90000.0,50000.0,None,Individual,Manual,Third Owner,16.0,Maruti,3125.0,Budget
Maruti Ertiga SHVS VDI,2016.0,600000.0,80000.0,Diesel,Individual,Manual,First Owner,10.0,Maruti,8000.0,Mid-Range
Maruti Swift VDI BSIV,2014.0,370000.0,57000.0,Diesel,Individual,Manual,Second Owner,12.0,Maruti,4750.0,Mid-Range
Honda City 1.5 GXI,2004.0,125000.0,120000.0,Petrol,Individual,Manual,Second Owner,22.0,Honda,5454.545454545455,Budget
Honda CR-V Diesel 4WD,2018.0,1800000.0,26000.0,Diesel,Individual,Automatic,First Owner,8.0,Honda,3250.0,Luxury
Hyundai Grand i10 1.2 Kappa Magna AT,2019.0,650000.0,60000.0,Petrol,Individual,Automatic,First Owner,7.0,Hyundai,8571.42857142857,Luxury
Maruti Ertiga BSIV VXI AT,2017.0,800000.0,30600.0,Petrol,Individual,Manual,First Owner,9.0,Maruti,3400.0,Luxury
Volkswagen Polo 1.0 TSI Highline Plus,2020.0,802000.0,5000.0,Petrol,Individual,Manual,First Owner,6.0,Volkswagen,833.3333333333334,Luxury
Audi A4 35 TDI Premium,2015.0,2300000.0,35000.0,Diesel,Individual,Automatic,Third Owner,11.0,Audi,3181.818181818182,Luxury
Hyundai Xcent 1.1 CRDi SX,2016.0,430000.0,35000.0,Diesel,Individual,Manual,First Owner,10.0,Hyundai,3500.0,Mid-Range
Hyundai Verna 1.6 SX VTVT,2017.0,650000.0,60000.0,Petrol,Individual,Manual,First Owner,9.0,Hyundai,6666.666666666667,Luxury
Skoda Superb Elegance 2.0 TDI CR AT,2011.0,450000.0,235000.0,Diesel,Individual,Automatic,First Owner,15.0,Skoda,15666.666666666666,Mid-Range
Maruti Alto 800 LXI,2013.0,250000.0,87000.0,Petrol,Individual,Manual,First Owner,13.0,Maruti,6692.307692307692,Mid-Range
Jaguar XF 3.0 Litre S Premium Luxury,2013.0,2000000.0,64000.0,Diesel,Individual,Automatic,Second Owner,13.0,Jaguar,4923.076923076923,Luxury
Maruti Zen Estilo VXI BSIII,2007.0,140000.0,100000.0,Petrol,Individual,Manual,Second Owner,19.0,Maruti,5263.1578947368425,Budget
Chevrolet Beat LT,2012.0,155000.0,12000.0,Petrol,Individual,Manual,First Owner,14.0,Chevrolet,857.1428571428571,Budget
Hyundai Accent Executive,2010.0,120000.0,67000.0,Petrol,Individual,Manual,Third Owner,16.0,Hyundai,4187.5,Budget
Toyota Innova 2.5 E 8 STR,2012.0,287000.0,70000.0,Diesel,Individual,Manual,First Owner,14.0,Toyota,5000.0,Mid-Range
Hyundai i10 Magna 1.2 iTech SE,2011.0,235000.0,74500.0,Petrol,Individual,Manual,Second Owner,15.0,Hyundai,4966.666666666667,Budget
Hyundai i20 1.4 CRDi Asta,2011.0,300000.0,118700.0,Diesel,None,Manual,Second Owner,15.0,Hyundai,7913.333333333333,Mid-Range
Nissan Micra XL CVT,2015.0,434999.0,40000.0,Petrol,Individual,Automatic,Second Owner,11.0,Nissan,3636.3636363636365,Mid-Range
Toyota Corolla AE,2014.0,160000.0,140000.0,Petrol,Individual,Manual,Second Owner,12.0,Toyota,11666.666666666666,Budget
Hyundai Grand i10 Nios Sportz,2020.0,600000.0,5000.0,Petrol,Individual,Manual,First Owner,6.0,Hyundai,833.3333333333334,Mid-Range
Chevrolet Tavera Neo 3 LT 9 Seats BSIII,2016.0,470000.0,100000.0,Diesel,Individual,Manual,Second Owner,10.0,Chevrolet,10000.0,Mid-Range
Maruti Swift Dzire VXi,2011.0,300000.0,100000.0,Petrol,Individual,Manual,Second Owner,15.0,Maruti,6666.666666666667,Mid-Range
Hyundai Grand i10 Nios AMT Magna,2020.0,640000.0,4000.0,Petrol,Individual,Automatic,First Owner,6.0,Hyundai,666.6666666666666,Luxury
Tata Indica DLS,2006.0,50000.0,120000.0,Diesel,Individual,Manual,Fourth & Above Owner,20.0,Tata,6000.0,Budget
Hyundai Verna 1.6 VTVT S,2014.0,600000.0,35000.0,Petrol,Individual,Manual,First Owner,12.0,Hyundai,2916.6666666666665,Mid-Range
Hyundai Verna 1.6 VTVT S,2015.0,600000.0,30000.0,Petrol,Individual,Manual,First Owner,11.0,Hyundai,2727.2727272727275,Mid-Range
Tata Manza Aqua Quadrajet BS IV,2012.0,190000.0,120000.0,Diesel,Individual,Manual,First Owner,14.0,Tata,8571.42857142857,Budget
Hyundai i10 Era 1.1,2008.0,160000.0,110000.0,Petrol,Individual,Manual,Third Owner,18.0,Hyundai,6111.111111111111,Budget
Maruti Alto K10 VXI,2017.0,325000.0,15000.0,Petrol,Individual,Manual,First Owner,9.0,Maruti,1666.6666666666667,Mid-Range
Toyota Fortuner 2.8 2WD AT BSIV,2018.0,2800000.0,40000.0,Diesel,Individual,Manual,First Owner,8.0,Toyota,5000.0,Luxury
Chevrolet Spark 1.0 LS,2011.0,125000.0,60000.0,Petrol,Individual,Manual,Third Owner,15.0,Chevrolet,4000.0,Budget
Hyundai i10 Magna 1.1,2008.0,155000.0,60000.0,Petrol,Individual,Manual,Fourth & Above Owner,18.0,Hyundai,3333.3333333333335,Budget
Hyundai i20 Asta 1.4 CRDi,2014.0,550000.0,90000.0,Diesel,Individual,Manual,First Owner,12.0,Hyundai,7500.0,Mid-Range
Maruti Wagon R LX BSIII,2009.0,130000.0,70000.0,Petrol,Individual,Manual,Fourth & Above Owner,17.0,Maruti,4117.64705882353,Budget
Maruti 800 AC,2002.0,80000.0,70000.0,Petrol,Individual,Manual,Second Owner,24.0,Maruti,2916.6666666666665,Budget
Toyota Etios Cross 1.4L GD,2015.0,500000.0,80000.0,Diesel,Individual,Manual,Second Owner,11.0,Toyota,7272.727272727273,Mid-Range
Renault KWID RXT BSIV,2019.0,250000.0,27000.0,None,Individual,Manual,First Owner,7.0,Renault,3857.1428571428573,Mid-Range
Mahindra XUV500 W8 2WD,2012.0,580000.0,70000.0,Diesel,Individual,Manual,First Owner,14.0,Mahindra,5000.0,Mid-Range
Daewoo Matiz SD,2002.0,60000.0,50000.0,Petrol,Individual,Manual,First Owner,24.0,Daewoo,2083.3333333333335,Budget
Toyota Etios GD,2012.0,300000.0,185000.0,Diesel,Individual,Manual,First Owner,14.0,Toyota,13214.285714285714,Mid-Range
Ford Figo Diesel Titanium,2014.0,200000.0,90000.0,Diesel,Individual,Manual,Second Owner,12.0,Ford,7500.0,Budget
Tata Hexa XT,2017.0,1200000.0,16400.0,Diesel,Individual,Manual,First Owner,9.0,Tata,1822.2222222222222,Luxury
Honda Jazz V,2019.0,650000.0,4000.0,Petrol,Individual,Manual,First Owner,7.0,Honda,571.4285714285714,Luxury
Maruti A-Star Lxi,2008.0,120000.0,40000.0,Petrol,Individual,Manual,First Owner,18.0,Maruti,2222.222222222222,Budget
Tata New Safari DICOR 2.2 EX 4x2,2010.0,180000.0,120000.0,Diesel,Individual,Manual,Second Owner,16.0,Tata,7500.0,Budget
Hyundai Verna VTVT 1.6 AT SX Option,2018.0,950000.0,41395.0,Petrol,Individual,Automatic,First Owner,8.0,Hyundai,5174.375,Luxury
Skoda Laura Ambiente 2.0 TDI CR MT,2012.0,385000.0,52000.0,Diesel,Dealer,Manual,First Owner,14.0,Skoda,3714.285714285714,Mid-Range
Audi A8 L 3.0 TDI quattro,2009.0,1250000.0,60000.0,Diesel,Dealer,Automatic,Second Owner,17.0,Audi,3529.4117647058824,Luxury
Chevrolet Beat LT,2013.0,165000.0,50000.0,Petrol,Individual,Manual,First Owner,13.0,Chevrolet,3846.153846153846,Budget
Hyundai Elantra SX,2015.0,700000.0,48000.0,Petrol,Dealer,Manual,First Owner,11.0,Hyundai,4363.636363636364,Luxury
Mahindra Renault Logan 1.5 DLS,2008.0,89999.0,60000.0,Diesel,Individual,Manual,First Owner,18.0,Mahindra,3333.3333333333335,Budget
Datsun redi-GO AMT 1.0 T Option,2018.0,290000.0,15000.0,Petrol,Dealer,Automatic,First Owner,8.0,Datsun,1875.0,Mid-Range
Tata Nano Cx BSIII,2014.0,45000.0,7000.0,Petrol,Individual,Manual,Second Owner,12.0,Tata,583.3333333333334,Budget
Skoda Superb Ambition 2.0 TDI CR AT,2013.0,675000.0,88000.0,Diesel,Dealer,Automatic,First Owner,13.0,Skoda,6769.2307692307695,Luxury
Nissan Terrano XL Plus 85 PS,2015.0,530000.0,55000.0,Diesel,Dealer,Manual,First Owner,11.0,Nissan,5000.0,Mid-Range
BMW X1 sDrive20d M Sport,2014.0,1485000.0,48000.0,Diesel,Dealer,Automatic,First Owner,12.0,BMW,4000.0,Luxury
Chevrolet Enjoy TCDi LT 7 Seater,2014.0,325000.0,71014.0,Diesel,Dealer,Manual,First Owner,12.0,Chevrolet,5917.833333333333,Mid-Range
Mahindra KUV 100 D75 K6 Plus,2017.0,380000.0,71000.0,Diesel,Dealer,Manual,First Owner,9.0,Mahindra,7888.888888888889,Mid-Range
Honda City i-VTEC CVT VX,2014.0,750000.0,45000.0,Petrol,Dealer,Automatic,First Owner,12.0,Honda,3750.0,Luxury
Honda Brio VX,2017.0,390000.0,45000.0,None,Dealer,Manual,First Owner,9.0,Honda,5000.0,Mid-Range
Maruti Alto LXi,2009.0,110000.0,20000.0,Petrol,Individual,Manual,First Owner,17.0,Maruti,1176.4705882352941,Budget
MG Hector Sharp Diesel MT BSIV,2019.0,1825000.0,14000.0,Diesel,Dealer,Manual,First Owner,7.0,MG,2000.0,Luxury
Audi A4 35 TDI Premium Plus,2019.0,3256000.0,17000.0,Diesel,Dealer,Automatic,First Owner,7.0,Audi,2428.5714285714284,Luxury
Renault Scala Diesel RxL,2015.0,370000.0,60000.0,Diesel,Dealer,Manual,First Owner,11.0,Renault,5454.545454545455,Mid-Range
Chevrolet Beat Diesel LT,2013.0,210000.0,80000.0,Diesel,Individual,Manual,Second Owner,13.0,Chevrolet,6153.846153846154,Budget
Skoda Laura Ambiente 1.9 PD,2007.0,175000.0,60000.0,Diesel,Individual,Manual,Fourth & Above Owner,19.0,Skoda,3157.8947368421054,Budget
Mahindra Xylo D4,2010.0,320000.0,60000.0,Diesel,Individual,Manual,Third Owner,16.0,Mahindra,3750.0,Mid-Range
Maruti Swift Ldi BSIV,2010.0,280000.0,149500.0,Diesel,Individual,Manual,Third Owner,16.0,Maruti,9343.75,Mid-Range
Renault Duster 85PS Diesel RxL Optional,2013.0,500000.0,190000.0,Diesel,Individual,Manual,Second Owner,13.0,Renault,14615.384615384615,Mid-Range
Ford Fiesta Diesel Style,2013.0,380000.0,83000.0,Diesel,None,Manual,First Owner,13.0,Ford,6384.615384615385,Mid-Range
Maruti 800 AC BSIII,2005.0,120000.0,20000.0,Petrol,None,Manual,Second Owner,21.0,Maruti,952.3809523809524,Budget
Maruti Eeco 5 Seater AC BSIV,2018.0,395000.0,20000.0,Petrol,Individual,Manual,First Owner,8.0,Maruti,2500.0,Mid-Range
Skoda Laura 1.9 TDI MT Ambiente,2010.0,360000.0,160000.0,Diesel,Individual,Manual,First Owner,16.0,Skoda,10000.0,Mid-Range
Nissan Terrano XL Plus 85 PS,2015.0,451000.0,100000.0,None,Individual,Manual,First Owner,11.0,Nissan,9090.90909090909,Mid-Range
Chevrolet Spark 1.0 LS,2010.0,175000.0,45000.0,Petrol,Individual,Manual,Second Owner,16.0,Chevrolet,2812.5,Budget
Chevrolet Spark 1.0 LS,2009.0,170000.0,44800.0,Petrol,Individual,Manual,Second Owner,17.0,Chevrolet,2635.294117647059,Budget
Hyundai Santro Xing XL eRLX Euro III,2006.0,100000.0,40000.0,Petrol,Individual,Manual,First Owner,20.0,Hyundai,2000.0,Budget
Tata Indica Vista Quadrajet LX,2011.0,149000.0,10000.0,Diesel,Individual,Manual,Second Owner,15.0,Tata,666.6666666666666,Budget
Tata Indica Vista Aqua 1.3 Quadrajet,2011.0,160000.0,80000.0,Diesel,Individual,Manual,Second Owner,15.0,Tata,5333.333333333333,Budget
Datsun GO Plus T Option Petrol,2018.0,434999.0,10000.0,Petrol,Individual,Manual,First Owner,8.0,Datsun,1250.0,Mid-Range
Mahindra XUV500 W8 4WD,2014.0,800000.0,156000.0,Diesel,Individual,Manual,First Owner,12.0,Mahindra,13000.0,Luxury
Toyota Innova 2.5 VX (Diesel) 7 Seater BS IV,2010.0,819999.0,120000.0,Diesel,Individual,Manual,First Owner,16.0,Toyota,7500.0,Luxury
Maruti Baleno Vxi,2007.0,163000.0,100000.0,Petrol,Individual,Manual,Second Owner,19.0,Maruti,5263.1578947368425,Budget
Tata Indica GLS BS IV,2014.0,75000.0,100000.0,Petrol,Individual,Manual,Second Owner,12.0,Tata,8333.333333333334,Budget
Maruti Alto LXi,2012.0,180000.0,60000.0,Petrol,Individual,Manual,Second Owner,14.0,Maruti,4285.714285714285,Budget
Ford Figo Aspire 1.5 TDCi Trend,2017.0,675000.0,30000.0,Diesel,Individual,Manual,First Owner,9.0,Ford,3333.3333333333335,Luxury
Maruti Swift VDI,2013.0,400000.0,170000.0,Diesel,Individual,Manual,First Owner,13.0,Maruti,13076.923076923076,Mid-Range
Volkswagen Polo Diesel Highline 1.2L,2013.0,434999.0,100000.0,Diesel,Individual,Manual,Second Owner,13.0,Volkswagen,7692.307692307692,Mid-Range
Tata Indigo GLX,2006.0,100000.0,110000.0,Petrol,Individual,Manual,Second Owner,20.0,Tata,5500.0,Budget
Maruti Swift Dzire LDI Optional,2015.0,419000.0,170000.0,Diesel,Individual,Manual,Second Owner,11.0,Maruti,15454.545454545454,Mid-Range
Tata Indica GLS BS IV,2009.0,200000.0,100000.0,None,Individual,Manual,First Owner,17.0,Tata,5882.35294117647,Budget
Renault Scala Diesel RxL,2014.0,400000.0,35000.0,Diesel,Individual,Manual,First Owner,12.0,Renault,2916.6666666666665,Mid-Range
Skoda Rapid 1.6 TDI Elegance,2012.0,275000.0,120000.0,Diesel,Individual,Manual,Second Owner,14.0,Skoda,8571.42857142857,Mid-Range
Mahindra XUV500 W11 Option AWD,2020.0,1400000.0,25000.0,Diesel,Dealer,Manual,First Owner,6.0,Mahindra,4166.666666666667,Luxury
Renault Duster 110PS Diesel RxL,2014.0,800000.0,15000.0,Diesel,Individual,Manual,First Owner,12.0,Renault,1250.0,Luxury
Maruti Wagon R VXI,2014.0,315000.0,41000.0,Petrol,None,Manual,First Owner,12.0,Maruti,3416.6666666666665,Mid-Range
Maruti Baleno Alpha,2019.0,700000.0,16000.0,Petrol,Individual,Manual,First Owner,7.0,Maruti,2285.714285714286,Luxury
Chevrolet Sail 1.2 LT ABS,2014.0,350000.0,30000.0,Petrol,Individual,Manual,First Owner,12.0,Chevrolet,2500.0,Mid-Range
Honda City i-DTEC SV,2014.0,495000.0,80000.0,Diesel,Dealer,Manual,First Owner,12.0,Honda,6666.666666666667,Mid-Range
Hyundai Grand i10 1.2 Kappa Asta,2017.0,500000.0,50000.0,Petrol,Individual,Manual,First Owner,9.0,Hyundai,5555.555555555556,Mid-Range
Hyundai Grand i10 1.2 Kappa Sportz Option,2013.0,345000.0,44000.0,Petrol,Dealer,Manual,First Owner,13.0,Hyundai,3384.6153846153848,Mid-Range
Maruti Baleno Sigma 1.2,2015.0,500000.0,10000.0,Petrol,Individual,Manual,First Owner,11.0,Maruti,909.0909090909091,Mid-Range
Maruti Wagon R VXI,2016.0,360000.0,33000.0,Petrol,Dealer,Manual,First Owner,10.0,Maruti,3300.0,Mid-Range
Maruti Alto LXi BSIII,2010.0,210000.0,25000.0,Petrol,None,Manual,First Owner,16.0,Maruti,1562.5,Budget
Chevrolet Aveo 1.4 LT BSIV,2009.0,250000.0,48000.0,Petrol,Individual,Manual,First Owner,17.0,Chevrolet,2823.529411764706,Mid-Range
Toyota Innova 2.5 G (Diesel) 8 Seater,2016.0,990000.0,146000.0,Diesel,Dealer,Manual,First Owner,10.0,Toyota,14600.0,Luxury
Mahindra Quanto C4,2013.0,220000.0,100000.0,Diesel,Individual,Manual,Fourth & Above Owner,13.0,Mahindra,7692.307692307692,Budget
Jaguar XF 3.0 Litre S Premium Luxury,2012.0,1800000.0,50000.0,Diesel,Individual,Automatic,Second Owner,14.0,Jaguar,3571.4285714285716,Luxury
Honda City i VTEC V,2014.0,530000.0,50000.0,Petrol,Individual,Manual,First Owner,12.0,Honda,4166.666666666667,Mid-Range
Maruti Baleno Alpha 1.3,2016.0,575000.0,50000.0,Diesel,Individual,Manual,First Owner,10.0,Maruti,5000.0,Mid-Range
Mahindra Xylo E4,2012.0,400000.0,99000.0,Diesel,Dealer,Manual,First Owner,14.0,Mahindra,7071.428571428572,Mid-Range
Honda Mobilio S i DTEC,2016.0,680000.0,50000.0,Diesel,Individual,Manual,First Owner,10.0,Honda,5000.0,Luxury
Hyundai Santa Fe 4WD AT,2014.0,1000000.0,80000.0,Diesel,Individual,Automatic,First Owner,12.0,Hyundai,6666.666666666667,Luxury
Maruti Alto 800 LXI,2016.0,260000.0,45000.0,Petrol,Individual,Manual,Second Owner,10.0,Maruti,4500.0,Mid-Range
Tata Manza Aura (ABS) Safire BS IV,2010.0,150000.0,60000.0,Petrol,Individual,Manual,Second Owner,16.0,Tata,3750.0,Budget
Maruti Alto LXi BSIII,2008.0,180000.0,70000.0,Petrol,Individual,Manual,First Owner,18.0,Maruti,3888.8888888888887,Budget
Force One EX,2014.0,346000.0,60000.0,Diesel,Individual,Manual,First Owner,12.0,Force,5000.0,Mid-Range
Mahindra Xylo D2 BS IV,2015.0,450000.0,20000.0,Diesel,Individual,Manual,First Owner,11.0,Mahindra,1818.1818181818182,Mid-Range
Hyundai Grand i10 1.2 Kappa Sportz BSIV,2019.0,500000.0,5000.0,Petrol,Individual,Manual,First Owner,7.0,Hyundai,714.2857142857143,Mid-Range
Maruti Alto 800 LXI,2019.0,280000.0,25880.0,Petrol,Individual,Manual,First Owner,7.0,Maruti,3697.1428571428573,Mid-Range
Hyundai Santro Magna AMT BSIV,2019.0,475000.0,10000.0,Petrol,Individual,Automatic,First Owner,7.0,Hyundai,1428.5714285714287,Mid-Range
Maruti Swift Dzire VDi,2009.0,300000.0,50000.0,Diesel,Individual,Manual,First Owner,17.0,Maruti,2941.176470588235,Mid-Range
Skoda Laura 1.9 TDI MT Ambiente,2009.0,200000.0,100000.0,Diesel,Individual,Manual,Third Owner,17.0,Skoda,5882.35294117647,Budget
Chevrolet Aveo U-VA 1.2 LS,2009.0,210000.0,80000.0,Petrol,Individual,Manual,Second Owner,17.0,Chevrolet,4705.882352941177,Budget
Tata Indigo LS BSII,2012.0,160000.0,110000.0,Diesel,Individual,Manual,First Owner,14.0,Tata,7857.142857142857,Budget
Hyundai Verna CRDi SX ABS,2009.0,175000.0,136000.0,Diesel,Individual,Manual,Second Owner,17.0,Hyundai,8000.0,Budget
Tata New Safari DICOR 2.2 GX 4x2 BS IV,2012.0,320000.0,80000.0,Diesel,Individual,Manual,First Owner,14.0,Tata,5714.285714285715,Mid-Range
Maruti Alto LXi,2009.0,110000.0,50000.0,Petrol,Individual,Manual,Second Owner,17.0,Maruti,2941.176470588235,Budget
Maruti Wagon R LXI Minor,2008.0,300000.0,30000.0,Petrol,Individual,Manual,First Owner,18.0,Maruti,1666.6666666666667,Mid-Range
Honda City V MT,2012.0,700000.0,10000.0,Petrol,Individual,Manual,First Owner,14.0,Honda,714.2857142857143,Luxury
Tata Indica Vista Aura 1.3 Quadrajet,2009.0,135000.0,90000.0,Diesel,None,Manual,Fourth & Above Owner,17.0,Tata,5294.117647058823,Budget
Mahindra Bolero Power Plus Plus Non AC BSIV PS,2015.0,500000.0,110000.0,Diesel,Individual,Manual,First Owner,11.0,Mahindra,10000.0,Mid-Range
Mahindra Scorpio VLX 2WD AIRBAG BSIV,2012.0,550000.0,120000.0,Diesel,Individual,Manual,Second Owner,14.0,Mahindra,8571.42857142857,Mid-Range
Toyota Innova 2.5 Z Diesel 7 Seater BS IV,2014.0,1050000.0,90000.0,Diesel,Individual,Manual,Third Owner,12.0,Toyota,7500.0,Luxury
Honda City i VTEC V,2016.0,500000.0,60000.0,None,Individual,Manual,First Owner,10.0,Honda,6000.0,Mid-Range
Maruti Ritz VDi,2011.0,180000.0,90000.0,Diesel,Individual,Manual,Second Owner,15.0,Maruti,6000.0,Budget
Hyundai Santro Xing GLS,2010.0,170000.0,50000.0,None,Individual,Manual,Second Owner,16.0,Hyundai,3125.0,Budget
Honda Brio 1.2 S Option MT,2019.0,484999.0,9000.0,Petrol,Individual,Manual,First Owner,7.0,Honda,1285.7142857142858,Mid-Range
Maruti A-Star Vxi,2011.0,150000.0,70000.0,Petrol,Individual,Manual,Second Owner,15.0,Maruti,4666.666666666667,Budget
Maruti Alto K10 VXI Airbag,2018.0,380000.0,25000.0,Petrol,Individual,Manual,First Owner,8.0,Maruti,3125.0,Mid-Range
Hyundai Santro Sportz BSIV,2019.0,480000.0,10000.0,Petrol,Individual,Manual,First Owner,7.0,Hyundai,1428.5714285714287,Mid-Range
Tata Indica Vista Aura 1.3 Quadrajet,2009.0,135000.0,90000.0,None,Individual,Manual,Fourth & Above Owner,17.0,Tata,5294.117647058823,Budget
Fiat Linea Dynamic,2013.0,350000.0,70000.0,Petrol,Individual,Manual,First Owner,13.0,Fiat,5384.615384615385,Mid-Range
Maruti Alto 800 LXI,2014.0,110000.0,25000.0,Petrol,None,Manual,First Owner,12.0,Maruti,2083.3333333333335,Budget
Volkswagen Vento Petrol Highline AT,2011.0,300000.0,70000.0,Petrol,Individual,Automatic,Third Owner,15.0,Volkswagen,4666.666666666667,Mid-Range
Maruti Alto 800 LX,2017.0,180000.0,60000.0,Petrol,Individual,Manual,First Owner,9.0,Maruti,6666.666666666667,Budget
Maruti SX4 S Cross DDiS 320 Zeta,2016.0,650000.0,80000.0,Diesel,Individual,Manual,First Owner,10.0,Maruti,8000.0,Luxury
Maruti Swift VDI BSIV,2015.0,450000.0,70000.0,None,Individual,Manual,Third Owner,11.0,Maruti,6363.636363636364,Mid-Range
Mahindra Jeep Classic,1999.0,170000.0,2020.0,Diesel,Individual,Manual,Second Owner,27.0,Mahindra,74.81481481481481,Budget
Mahindra Scorpio 2.6 Turbo 7 Str,2007.0,210000.0,100000.0,Diesel,Individual,Manual,Second Owner,19.0,Mahindra,5263.1578947368425,Budget
Hyundai i20 Asta 1.4 CRDi,2013.0,360000.0,80000.0,Diesel,Individual,Manual,Second Owner,13.0,Hyundai,6153.846153846154,Mid-Range
Toyota Innova 2.5 GX (Diesel) 7 Seater BS IV,2011.0,495000.0,120000.0,Diesel,Individual,Manual,Second Owner,15.0,Toyota,8000.0,Mid-Range
Maruti Alto LX,2006.0,105000.0,100000.0,Petrol,Individual,Manual,Third Owner,20.0,Maruti,5000.0,Budget
Hyundai i20 Magna,2010.0,270000.0,60000.0,Petrol,Individual,Manual,Third Owner,16.0,Hyundai,3750.0,Mid-Range
Honda City i DTEC S,2014.0,700000.0,90000.0,None,Individual,Manual,Second Owner,12.0,Honda,7500.0,Luxury
Chevrolet Cruze LTZ,2012.0,400000.0,40000.0,Diesel,Individual,Manual,First Owner,14.0,Chevrolet,2857.1428571428573,Mid-Range
Maruti Swift ZXI ABS,2009.0,250000.0,60000.0,Petrol,Individual,Manual,Second Owner,17.0,Maruti,3529.4117647058824,Mid-Range
Honda Amaze VX i-DTEC,2013.0,325000.0,94000.0,Diesel,Individual,Manual,Second Owner,13.0,Honda,7230.7692307692305,Mid-Range
Maruti Alto LXi,2008.0,69000.0,100000.0,Petrol,Individual,Manual,First Owner,18.0,Maruti,5555.555555555556,Budget
Mahindra Scorpio S11 BSIV,2018.0,1380000.0,25000.0,Diesel,Individual,Manual,First Owner,8.0,Mahindra,3125.0,Luxury
Maruti Zen Estilo VXI BSIII,2007.0,90000.0,90000.0,Petrol,Individual,Manual,First Owner,19.0,Maruti,4736.8421052631575,Budget
Mahindra XUV500 W6 1.99 mHawk,2016.0,1000000.0,40000.0,Diesel,Individual,Manual,First Owner,10.0,Mahindra,4000.0,Luxury
Hyundai Accent GLE CNG,2010.0,145000.0,90000.0,CNG,Individual,Manual,Second Owner,16.0,Hyundai,5625.0,Budget
Maruti Alto K10 LX,2020.0,250000.0,1100.0,Petrol,Individual,Manual,Fourth & Above Owner,6.0,Maruti,183.33333333333334,Mid-Range
Maruti Swift VDI,2011.0,256000.0,70000.0,Diesel,Individual,Manual,Third Owner,15.0,Maruti,4666.666666666667,Mid-Range
Tata Indica DLS,2005.0,70000.0,120000.0,Diesel,None,Manual,First Owner,21.0,Tata,5714.285714285715,Budget
Maruti Wagon R VX,2000.0,50000.0,88500.0,Petrol,Individual,Manual,Fourth & Above Owner,26.0,Maruti,3403.846153846154,Budget
Renault KWID RXT,2016.0,240000.0,70000.0,Petrol,Individual,Manual,Second Owner,10.0,Renault,7000.0,Budget
Tata Indica Vista Aqua 1.2 Safire BSIV,2010.0,97000.0,128000.0,Petrol,Individual,Manual,First Owner,16.0,Tata,8000.0,Budget
Tata Indigo CR4,2012.0,130000.0,120000.0,Diesel,Individual,Manual,First Owner,14.0,Tata,8571.42857142857,Budget
Maruti Swift 1.3 VXi,2014.0,199000.0,52536.0,Petrol,Individual,Manual,First Owner,12.0,Maruti,4378.0,Budget
Honda Civic 1.8 S AT,2006.0,125000.0,70000.0,Petrol,Individual,Automatic,First Owner,20.0,Honda,3500.0,Budget
Mahindra NuvoSport N8,2016.0,525000.0,110000.0,Diesel,Individual,Manual,First Owner,10.0,Mahindra,11000.0,Mid-Range
Hyundai Verna Transform CRDi VGT SX ABS,2014.0,325000.0,135000.0,Diesel,Individual,Manual,First Owner,12.0,Hyundai,11250.0,Mid-Range
Volkswagen Vento New Diesel Highline,2012.0,330000.0,86000.0,Diesel,Individual,Manual,Fourth & Above Owner,14.0,Volkswagen,6142.857142857143,Mid-Range
Maruti Wagon R LXI BS IV,2010.0,110000.0,50000.0,Petrol,Individual,Manual,First Owner,16.0,Maruti,3125.0,Budget
Maruti S-Presso VXI Plus,2019.0,450000.0,1950.0,Petrol,None,Manual,First Owner,7.0,Maruti,278.57142857142856,Mid-Range
Honda Civic 1.8 S MT,2007.0,229999.0,70000.0,Petrol,Individual,Manual,Second Owner,19.0,Honda,3684.2105263157896,Budget
Hyundai i10 Magna,2012.0,250000.0,60000.0,Petrol,Individual,Manual,Second Owner,14.0,Hyundai,4285.714285714285,Mid-Range
Ford Ecosport 1.5 DV5 MT Titanium,2014.0,650000.0,68000.0,Diesel,Individual,Manual,First Owner,12.0,Ford,5666.666666666667,Luxury
Maruti Swift Dzire VDI,2017.0,600000.0,46507.0,Diesel,Trustmark Dealer,Manual,First Owner,9.0,Maruti,5167.444444444444,Mid-Range
Toyota Etios Liva 1.2 VX,2017.0,650000.0,6480.0,Petrol,Trustmark Dealer,Manual,First Owner,9.0,Toyota,720.0,Luxury
Maruti Vitara Brezza VDi,2017.0,750000.0,32077.0,Diesel,Trustmark Dealer,Manual,First Owner,9.0,Maruti,3564.1111111111113,Luxury
Hyundai EON Era Plus Option,2017.0,315000.0,18469.0,None,Trustmark Dealer,Manual,First Owner,9.0,Hyundai,2052.1111111111113,Mid-Range
Maruti Swift LXI Option,2015.0,415000.0,28217.0,Petrol,Trustmark Dealer,Manual,First Owner,11.0,Maruti,2565.181818181818,Mid-Range
Maruti Ciaz 1.4 Alpha,2017.0,780000.0,31063.0,Petrol,Trustmark Dealer,Manual,First Owner,9.0,Maruti,3451.4444444444443,Luxury
Toyota Fortuner 4x2 AT,2017.0,2595000.0,79641.0,Diesel,Trustmark Dealer,Automatic,First Owner,9.0,Toyota,8849.0,Luxury
Hyundai Creta 1.6 CRDi SX,2015.0,850000.0,58692.0,Diesel,Trustmark Dealer,Manual,First Owner,11.0,Hyundai,5335.636363636364,Luxury
Hyundai Creta 1.6 CRDi SX,2015.0,900000.0,54784.0,Diesel,Trustmark Dealer,Manual,First Owner,11.0,Hyundai,4980.363636363636,Luxury
Toyota Corolla Altis GL MT,2016.0,1150000.0,64156.0,Petrol,Trustmark Dealer,Manual,First Owner,10.0,Toyota,6415.6,Luxury
Maruti Esteem Lxi - BSIII,2007.0,75000.0,54000.0,Petrol,Individual,Manual,First Owner,19.0,Maruti,2842.1052631578946,Budget
Volkswagen Vento Diesel Comfortline,2012.0,215000.0,97000.0,Diesel,Individual,Manual,First Owner,14.0,Volkswagen,6928.571428571428,Budget
Maruti SX4 ZXI AT,2009.0,130000.0,120000.0,Petrol,Individual,Automatic,Second Owner,17.0,Maruti,7058.823529411765,Budget
Hyundai Santro Magna AMT BSIV,2019.0,400000.0,16000.0,Petrol,Individual,Automatic,First Owner,7.0,Hyundai,2285.714285714286,Mid-Range
Maruti Swift Dzire AMT ZXI,2019.0,550000.0,60000.0,None,Individual,Automatic,First Owner,7.0,Maruti,8571.42857142857,Mid-Range
Chevrolet Beat LT,2016.0,245000.0,52000.0,Petrol,Dealer,Manual,First Owner,10.0,Chevrolet,5200.0,Budget
Mahindra TUV 300 T8 AMT,2016.0,730000.0,60000.0,Diesel,Individual,Automatic,Second Owner,10.0,Mahindra,6000.0,Luxury
Ford Fusion 1.6 Duratec Petrol,2005.0,120000.0,100000.0,None,Individual,Manual,Third Owner,21.0,Ford,4761.9047619047615,Budget
Honda City i-VTEC VX,2014.0,950000.0,35000.0,Petrol,Individual,Manual,First Owner,12.0,Honda,2916.6666666666665,Luxury
Maruti Wagon R VXI BS IV,2017.0,350000.0,48000.0,Petrol,Individual,Manual,Third Owner,9.0,Maruti,5333.333333333333,Mid-Range
Maruti Esteem Vxi,2005.0,100000.0,20000.0,Petrol,Individual,Manual,Second Owner,21.0,Maruti,952.3809523809524,Budget
Maruti Wagon R VXI BS IV,2017.0,350000.0,30000.0,Petrol,Individual,Manual,First Owner,9.0,Maruti,3333.3333333333335,Mid-Range
Maruti Wagon R VXI BSIII,2005.0,80000.0,40000.0,Petrol,None,Manual,Second Owner,21.0,Maruti,1904.7619047619048,Budget
Hyundai Verna 1.6 VTVT,2014.0,370000.0,60000.0,Petrol,Individual,Manual,First Owner,12.0,Hyundai,5000.0,Mid-Range
Hyundai EON D Lite Plus,2012.0,160000.0,70000.0,None,Individual,Manual,First Owner,14.0,Hyundai,5000.0,Budget
Chevrolet Sail Hatchback 1.2 LS,2016.0,250000.0,30000.0,Petrol,Individual,Manual,First Owner,10.0,Chevrolet,3000.0,Mid-Range
Tata New Safari DICOR 2.2 GX 4x2 BS IV,2014.0,270000.0,80000.0,Diesel,Individual,Manual,Second Owner,12.0,Tata,6666.666666666667,Mid-Range
BMW X1 sDrive 20d xLine,2019.0,2600000.0,9500.0,Diesel,Individual,Automatic,First Owner,7.0,BMW,1357.142857142857,Luxury
Hyundai EON Era Plus,2013.0,160000.0,80000.0,Petrol,Individual,Manual,First Owner,13.0,Hyundai,6153.846153846154,Budget
Hyundai EON Magna Plus,2016.0,229999.0,80000.0,Petrol,Individual,Manual,First Owner,10.0,Hyundai,8000.0,Budget
Mahindra Bolero Power Plus ZLX,2017.0,750000.0,29000.0,Diesel,Individual,Manual,First Owner,9.0,Mahindra,3222.222222222222,Luxury
Mahindra Scorpio S7 140 BSIV,2018.0,1100000.0,20000.0,Diesel,Individual,Manual,First Owner,8.0,Mahindra,2500.0,Luxury
Datsun RediGO S,2016.0,270000.0,22000.0,Petrol,Individual,Manual,First Owner,10.0,Datsun,2200.0,Mid-Range
Skoda Fabia 1.2 MPI Ambition Plus,2012.0,300000.0,50000.0,None,Individual,Manual,First Owner,14.0,Skoda,3571.4285714285716,Mid-Range
Chevrolet Beat Diesel LT,2012.0,200000.0,60000.0,Diesel,Individual,Manual,First Owner,14.0,Chevrolet,4285.714285714285,Budget
Maruti Zen Estilo 1.1 LXI BSIII,2007.0,120000.0,81366.0,None,None,Manual,First Owner,19.0,Maruti,4282.421052631579,Budget
Maruti Esteem Vxi - BSIII,2006.0,95000.0,110000.0,Petrol,None,Manual,First Owner,20.0,Maruti,5500.0,Budget
Volkswagen Polo Petrol Comfortline 1.2L,2013.0,400000.0,100000.0,Petrol,Individual,Manual,First Owner,13.0,Volkswagen,7692.307692307692,Mid-Range
Toyota Innova 2.5 G (Diesel) 8 Seater BS IV,2006.0,229999.0,300000.0,Diesel,Individual,Manual,First Owner,20.0,Toyota,15000.0,Budget
Mahindra KUV 100 mFALCON D75 K6,2016.0,430000.0,20000.0,Diesel,Individual,Manual,First Owner,10.0,Mahindra,2000.0,Mid-Range
Renault Fluence 1.5,2012.0,300000.0,60000.0,Diesel,None,Manual,First Owner,14.0,Renault,4285.714285714285,Mid-Range
Fiat Linea Dynamic,2013.0,350000.0,70000.0,Petrol,Individual,Manual,First Owner,13.0,Fiat,5384.615384615385,Mid-Range
Renault Duster 110PS Diesel RxZ,2013.0,450000.0,120000.0,Diesel,Individual,Manual,First Owner,13.0,Renault,9230.76923076923,Mid-Range
Renault KWID RXT,2016.0,200000.0,53000.0,Petrol,Individual,Manual,Second Owner,10.0,Renault,5300.0,Budget
Maruti Alto 800 LXI,2017.0,250000.0,30000.0,Petrol,Individual,Manual,First Owner,9.0,Maruti,3333.3333333333335,Mid-Range
Maruti Swift Dzire 1.2 Vxi BSIV,2012.0,368000.0,90000.0,Petrol,Individual,Manual,Second Owner,14.0,Maruti,6428.571428571428,Mid-Range
Maruti Swift Dzire 1.2 Vxi BSIV,2012.0,368000.0,90000.0,Petrol,None,Manual,Second Owner,14.0,Maruti,6428.571428571428,Mid-Range
Toyota Innova 2.5 GX (Diesel) 7 Seater,2014.0,650000.0,244000.0,Diesel,None,Manual,First Owner,12.0,Toyota,20333.333333333332,Luxury
Mahindra Jeep CL 500 MDI,1997.0,150000.0,120000.0,None,Individual,Manual,Third Owner,29.0,Mahindra,4137.931034482759,Budget
Maruti Wagon R LXI DUO BS IV,2012.0,180000.0,60000.0,LPG,None,Manual,First Owner,14.0,Maruti,4285.714285714285,Budget
Hyundai Grand i10 1.2 Kappa Sportz Option,2017.0,525000.0,15000.0,Petrol,Individual,Manual,First Owner,9.0,Hyundai,1666.6666666666667,Mid-Range
Ford Endeavour 4x4 XLT,2005.0,350000.0,150000.0,Diesel,Individual,Manual,Second Owner,21.0,Ford,7142.857142857143,Mid-Range
Mahindra TUV 300 Plus P4,2018.0,850000.0,30000.0,Diesel,Individual,Manual,Second Owner,8.0,Mahindra,3750.0,Luxury
Volkswagen Jetta 2.0 TDI Comfortline,2011.0,350000.0,312000.0,Diesel,Individual,Manual,Third Owner,15.0,Volkswagen,20800.0,Mid-Range
Maruti Esteem Lxi - BSIII,2007.0,75000.0,54000.0,Petrol,Individual,Manual,First Owner,19.0,Maruti,2842.1052631578946,Budget
Maruti Swift 1.3 VXi,2005.0,160000.0,67000.0,Petrol,Individual,Manual,First Owner,21.0,Maruti,3190.4761904761904,Budget
Maruti Swift LDI Optional,2017.0,500000.0,40000.0,Diesel,Individual,Manual,First Owner,9.0,Maruti,4444.444444444444,Mid-Range
Hyundai Santro Xing GLS,2008.0,130000.0,100000.0,Petrol,Individual,Manual,First Owner,18.0,Hyundai,5555.555555555556,Budget
Tata Zest Quadrajet 1.3 75PS XE,2015.0,350000.0,100000.0,None,Individual,Manual,First Owner,11.0,Tata,9090.90909090909,Mid-Range
Maruti Wagon R LXI,2005.0,70000.0,80000.0,Petrol,Individual,Manual,First Owner,21.0,Maruti,3809.5238095238096,Budget
Toyota Innova 2.5 G (Diesel) 7 Seater,2014.0,750000.0,60000.0,Diesel,Individual,Manual,Second Owner,12.0,Toyota,5000.0,Luxury
Honda Amaze VX i-DTEC,2013.0,450000.0,53000.0,Diesel,Individual,Manual,First Owner,13.0,Honda,4076.923076923077,Mid-Range
Maruti Swift Dzire LDI,2015.0,430000.0,73000.0,Diesel,Individual,Manual,Third Owner,11.0,Maruti,6636.363636363636,Mid-Range
Maruti Swift VDI,2013.0,370000.0,80000.0,Diesel,Individual,Manual,Third Owner,13.0,Maruti,6153.846153846154,Mid-Range
Chevrolet Aveo 1.4 CNG,2011.0,229999.0,100000.0,CNG,Individual,Manual,First Owner,15.0,Chevrolet,6666.666666666667,Budget
Ford Figo Diesel EXI,2011.0,140000.0,90000.0,Diesel,Individual,Manual,First Owner,15.0,Ford,6000.0,Budget
Toyota Innova 2.5 G (Diesel) 7 Seater,2013.0,700000.0,200000.0,Diesel,Individual,Manual,First Owner,13.0,Toyota,15384.615384615385,Luxury
Hyundai Elite i20 Magna Plus BSIV,2020.0,545000.0,60000.0,Petrol,Individual,Manual,First Owner,6.0,Hyundai,10000.0,Mid-Range
Datsun RediGO T Option,2017.0,200000.0,30000.0,Petrol,Individual,Manual,First Owner,9.0,Datsun,3333.3333333333335,Budget
Tata Safari Storme VX,2015.0,500000.0,60000.0,None,Individual,Manual,First Owner,11.0,Tata,5454.545454545455,Mid-Range
Maruti Alto LXi,2008.0,70000.0,90000.0,Petrol,Individual,Manual,Second Owner,18.0,Maruti,5000.0,Budget
Mahindra Thar 4X4,2013.0,580000.0,25000.0,Diesel,Individual,Manual,Third Owner,13.0,Mahindra,1923.076923076923,Mid-Range
Maruti Eeco 5 STR With AC Plus HTR CNG,2012.0,160000.0,70000.0,CNG,Individual,Manual,Second Owner,14.0,Maruti,5000.0,Budget
Maruti Ertiga SHVS ZDI Plus,2016.0,760000.0,49000.0,None,Individual,Manual,First Owner,10.0,Maruti,4900.0,Luxury
Hyundai EON Magna Optional,2015.0,300000.0,22000.0,Petrol,Individual,Manual,First Owner,11.0,Hyundai,2000.0,Mid-Range
Maruti Omni 5 Str STD LPG,1998.0,50000.0,35000.0,LPG,Individual,Manual,Second Owner,28.0,Maruti,1250.0,Budget
Mahindra Bolero 2011-2019 SLX,2019.0,800000.0,24000.0,Diesel,Individual,Manual,First Owner,7.0,Mahindra,3428.5714285714284,Luxury
Maruti Swift Dzire VDI,2018.0,680000.0,20000.0,Diesel,Individual,Manual,First Owner,8.0,Maruti,2500.0,Luxury
Maruti 800 DUO AC LPG,2009.0,85000.0,50000.0,LPG,Individual,Manual,Second Owner,17.0,Maruti,2941.176470588235,Budget
Toyota Innova Crysta 2.4 G MT BSIV,2016.0,1300000.0,70000.0,Diesel,Individual,Manual,First Owner,10.0,Toyota,7000.0,Luxury
Maruti Swift VXI BSIV,2016.0,500000.0,60000.0,None,Individual,Manual,First Owner,10.0,Maruti,6000.0,Mid-Range
Audi Q5 2.0 TDI,2015.0,3500000.0,35000.0,Diesel,Individual,Automatic,First Owner,11.0,Audi,3181.818181818182,Luxury
Hyundai Accent GLX,2008.0,145000.0,60000.0,None,Individual,Manual,First Owner,18.0,Hyundai,3333.3333333333335,Budget
Mahindra Quanto C6,2013.0,300000.0,60000.0,Diesel,Individual,Manual,First Owner,13.0,Mahindra,4615.384615384615,Mid-Range
Maruti Swift VDI Optional,2017.0,600000.0,60000.0,Diesel,Individual,Manual,Second Owner,9.0,Maruti,6666.666666666667,Mid-Range
Maruti Swift Dzire VXI,2015.0,400000.0,70000.0,Petrol,Individual,Manual,Second Owner,11.0,Maruti,6363.636363636364,Mid-Range
Hyundai Santro Xing XK eRLX EuroIII,2007.0,130000.0,135000.0,Petrol,Individual,Manual,Second Owner,19.0,Hyundai,7105.263157894737,Budget
Maruti Baleno Zeta 1.2,2017.0,641000.0,25000.0,Petrol,Individual,Manual,First Owner,9.0,Maruti,2777.777777777778,Luxury
Maruti Swift Dzire VDI,2015.0,650000.0,50000.0,Diesel,Individual,Manual,First Owner,11.0,Maruti,4545.454545454545,Luxury
Ford Figo Titanium,2020.0,635000.0,60000.0,Petrol,Dealer,Manual,Test Drive Car,6.0,Ford,10000.0,Luxury
Ford Figo 1.5D Titanium Opt MT,2015.0,495000.0,52328.0,Diesel,Dealer,Manual,First Owner,11.0,Ford,4757.090909090909,Mid-Range
Hyundai Santro Xing GLS,2013.0,324000.0,30000.0,Petrol,Individual,Manual,First Owner,13.0,Hyundai,2307.6923076923076,Mid-Range
Ford Endeavour 3.2 Titanium AT 4X4,2016.0,2100000.0,91505.0,Diesel,Dealer,Automatic,First Owner,10.0,Ford,9150.5,Luxury
Maruti Alto 800 LXI,2018.0,200000.0,35000.0,Petrol,Individual,Manual,First Owner,8.0,Maruti,4375.0,Budget
Maruti Swift Dzire VDI,2015.0,320000.0,60000.0,Diesel,Individual,Manual,First Owner,11.0,Maruti,5454.545454545455,Mid-Range
Hyundai EON Magna Optional,2015.0,300000.0,20500.0,Petrol,Individual,Manual,First Owner,11.0,Hyundai,1863.6363636363637,Mid-Range
Tata Indica Vista Quadrajet LX,2013.0,180000.0,200000.0,Diesel,Individual,Manual,First Owner,13.0,Tata,15384.615384615385,Budget
Toyota Innova 2.5 V Diesel 8-seater,2008.0,500000.0,154000.0,Diesel,Individual,Manual,First Owner,18.0,Toyota,8555.555555555555,Mid-Range
Maruti 800 AC,2009.0,125000.0,50000.0,Petrol,None,Manual,Fourth & Above Owner,17.0,Maruti,2941.176470588235,Budget
Maruti Swift Dzire ZDI,2015.0,800000.0,135000.0,Diesel,Individual,Manual,First Owner,11.0,Maruti,12272.727272727272,Luxury
Mahindra Scorpio SLE BSIV,2009.0,420000.0,100000.0,Diesel,Individual,Manual,First Owner,17.0,Mahindra,5882.35294117647,Mid-Range
Maruti Vitara Brezza ZDi Plus,2017.0,875000.0,40000.0,Diesel,Individual,Manual,First Owner,9.0,Maruti,4444.444444444444,Luxury
Maruti Swift Dzire ZDI,2014.0,580000.0,70000.0,None,Individual,Manual,First Owner,12.0,Maruti,5833.333333333333,Mid-Range
Maruti Swift Ldi BSIV,2011.0,350000.0,133000.0,Diesel,Individual,Manual,Second Owner,15.0,Maruti,8866.666666666666,Mid-Range
Hyundai Accent GLS,2004.0,120000.0,110000.0,Petrol,Individual,Manual,Second Owner,22.0,Hyundai,5000.0,Budget
Tata Indica Vista TDI LS,2013.0,150000.0,180000.0,Diesel,None,Manual,Third Owner,13.0,Tata,13846.153846153846,Budget
Renault Duster 110PS Diesel RxZ,2013.0,650000.0,120000.0,Diesel,Individual,Manual,First Owner,13.0,Renault,9230.76923076923,Luxury
Maruti Alto K10 2010-2014 VXI,2014.0,225000.0,80000.0,Petrol,Individual,Manual,Second Owner,12.0,Maruti,6666.666666666667,Budget
Honda Amaze S AT i-Vtech,2014.0,400000.0,15000.0,Petrol,Individual,Automatic,First Owner,12.0,Honda,1250.0,Mid-Range
Hyundai Getz GLS,2005.0,250000.0,70000.0,Petrol,Individual,Manual,First Owner,21.0,Hyundai,3333.3333333333335,Mid-Range
Hyundai Santro Xing GL Plus,2008.0,120000.0,41723.0,Petrol,None,Manual,Second Owner,18.0,Hyundai,2317.9444444444443,Budget
Maruti SX4 Vxi BSIV,2010.0,250000.0,60000.0,Petrol,Individual,Manual,First Owner,16.0,Maruti,3750.0,Mid-Range
Maruti Alto K10 LXI,2012.0,175000.0,20000.0,Petrol,Individual,Manual,Second Owner,14.0,Maruti,1428.5714285714287,Budget
Maruti Ignis 1.3 Delta,2018.0,590000.0,60000.0,Diesel,Dealer,Manual,First Owner,8.0,Maruti,7500.0,Mid-Range
Mahindra XUV500 W6 2WD,2016.0,900000.0,47000.0,Diesel,Individual,Manual,First Owner,10.0,Mahindra,4700.0,Luxury
Maruti Alto K10 VXI AGS,2017.0,375000.0,27289.0,Petrol,Dealer,Automatic,First Owner,9.0,Maruti,3032.1111111111113,Mid-Range
Maruti Swift Dzire VDI,2013.0,525000.0,37000.0,None,Dealer,Manual,First Owner,13.0,Maruti,2846.153846153846,Mid-Range
Nissan Evalia XV,2014.0,650000.0,28245.0,Diesel,Dealer,Manual,First Owner,12.0,Nissan,2353.75,Luxury
Hyundai Grand i10 1.2 CRDi Sportz Option,2014.0,575000.0,60000.0,Diesel,Dealer,Manual,First Owner,12.0,Hyundai,5000.0,Mid-Range
Hyundai i10 Magna,2014.0,355000.0,39227.0,Petrol,None,Manual,First Owner,12.0,Hyundai,3268.9166666666665,Mid-Range
Mahindra KUV 100 D75 K4 Plus 5Str,2016.0,470000.0,31367.0,Diesel,Dealer,Manual,First Owner,10.0,Mahindra,3136.7,Mid-Range
Hyundai Santro Xing GLS,2009.0,195000.0,27005.0,Petrol,Dealer,Manual,First Owner,17.0,Hyundai,1588.5294117647059,Budget
Hyundai Santro Xing XG,2004.0,90000.0,100005.0,Petrol,Dealer,Manual,Second Owner,22.0,Hyundai,4545.681818181818,Budget
Hyundai Verna SX Diesel,2013.0,580000.0,45264.0,Diesel,Dealer,Manual,First Owner,13.0,Hyundai,3481.846153846154,Mid-Range
Maruti Eeco 7 Seater Standard BSIV,2014.0,325000.0,39093.0,Petrol,Dealer,Manual,First Owner,12.0,Maruti,3257.75,Mid-Range
Honda City Corporate Edition,2013.0,495000.0,60000.0,Petrol,Dealer,Manual,First Owner,13.0,Honda,4615.384615384615,Mid-Range
Hyundai EON Era,2014.0,290000.0,12000.0,Petrol,Dealer,Manual,First Owner,12.0,Hyundai,1000.0,Mid-Range
Datsun RediGO 1.0 T Option,2018.0,375000.0,2769.0,Petrol,Dealer,Manual,First Owner,8.0,Datsun,346.125,Mid-Range
Tata Indica Vista TDI LS,2011.0,211000.0,43128.0,Diesel,Dealer,Manual,First Owner,15.0,Tata,2875.2,Budget
Hyundai i20 Asta,2010.0,270000.0,110000.0,None,Individual,Manual,Second Owner,16.0,Hyundai,6875.0,Mid-Range
Maruti Alto LXI,2004.0,70000.0,50000.0,Petrol,None,Manual,Second Owner,22.0,Maruti,2272.7272727272725,Budget
Hyundai i10 Magna 1.2,2010.0,225000.0,60000.0,Petrol,Individual,Manual,Second Owner,16.0,Hyundai,3750.0,Budget
Mahindra Scorpio LX,2014.0,420000.0,70000.0,Diesel,Individual,Manual,Third Owner,12.0,Mahindra,5833.333333333333,Mid-Range
Chevrolet Sail Hatchback 1.2 LS,2015.0,280000.0,22255.0,Petrol,None,Manual,First Owner,11.0,Chevrolet,2023.1818181818182,Mid-Range
Hyundai i20 Sportz 1.2,2013.0,400000.0,59213.0,Petrol,Individual,Manual,First Owner,13.0,Hyundai,4554.846153846154,Mid-Range
Mahindra XUV500 W6 2WD,2015.0,850000.0,55000.0,Diesel,Individual,Manual,First Owner,11.0,Mahindra,5000.0,Luxury
Ford Fiesta Titanium 1.5 TDCi,2011.0,550000.0,80000.0,Diesel,Individual,Manual,First Owner,15.0,Ford,5333.333333333333,Mid-Range
Ford Fiesta Titanium 1.5 TDCi,2011.0,550000.0,80000.0,Diesel,Individual,Manual,First Owner,15.0,Ford,5333.333333333333,Mid-Range
Renault Captur 1.5 Diesel RXT Mono,2018.0,1000000.0,40000.0,Diesel,Individual,Manual,First Owner,8.0,Renault,5000.0,Luxury
Mahindra Xylo D2 Maxx,2014.0,350000.0,170000.0,Diesel,Individual,Manual,First Owner,12.0,Mahindra,14166.666666666666,Mid-Range
Tata New Safari DICOR 2.2 EX 4x2,2011.0,350000.0,170000.0,Diesel,Individual,Manual,Second Owner,15.0,Tata,11333.333333333334,Mid-Range
Honda Civic 1.8 S MT,2007.0,170000.0,70000.0,Petrol,Individual,Manual,Third Owner,19.0,Honda,3684.2105263157896,Budget
Ford Aspire Titanium BSIV,2020.0,828999.0,1010.0,Petrol,Dealer,Manual,Test Drive Car,6.0,Ford,168.33333333333334,Luxury
Ford EcoSport 1.5 Ti VCT MT Titanium BE BSIV,2020.0,1119000.0,1010.0,Petrol,Dealer,Manual,Test Drive Car,6.0,Ford,168.33333333333334,Luxury
Ford Figo Titanium,2020.0,746000.0,1111.0,Petrol,Dealer,Manual,Test Drive Car,6.0,Ford,185.16666666666666,Luxury
Ford Ecosport 1.5 Petrol Trend,2020.0,1030000.0,1010.0,None,Dealer,Manual,Test Drive Car,6.0,Ford,168.33333333333334,Luxury
Ford Freestyle Titanium,2020.0,811999.0,1010.0,Petrol,Dealer,Manual,Test Drive Car,6.0,Ford,168.33333333333334,Luxury
Ford Freestyle Titanium Plus,2020.0,852000.0,1010.0,Petrol,Dealer,Manual,Test Drive Car,6.0,Ford,168.33333333333334,Luxury
Tata Indica DLE,2014.0,45000.0,120000.0,Diesel,Individual,Manual,Second Owner,12.0,Tata,10000.0,Budget
Renault Duster 85PS Diesel RxL Optional,2013.0,430000.0,70000.0,Diesel,Individual,Manual,Third Owner,13.0,Renault,5384.615384615385,Mid-Range
Tata Indigo LX,2011.0,140000.0,60000.0,Diesel,Individual,Manual,Second Owner,15.0,Tata,4000.0,Budget
Mahindra Scorpio S2 9 Seater,2015.0,830000.0,70000.0,Diesel,Individual,Manual,First Owner,11.0,Mahindra,6363.636363636364,Luxury
Mahindra Scorpio VLS 2.2 mHawk,2009.0,409999.0,110000.0,Diesel,Individual,Manual,Second Owner,17.0,Mahindra,6470.588235294118,Mid-Range
Maruti Swift VDI,2012.0,190000.0,80000.0,Diesel,Individual,Manual,Third Owner,14.0,Maruti,5714.285714285715,Budget
Hyundai Accent GLX,2006.0,120000.0,110000.0,Petrol,Individual,Manual,Second Owner,20.0,Hyundai,5500.0,Budget
Mahindra Bolero Power Plus Plus AC BSIV PS,2014.0,850000.0,50000.0,Diesel,Individual,Manual,First Owner,12.0,Mahindra,4166.666666666667,Luxury
Tata Indigo CS LE (TDI) BS-III,2011.0,95000.0,115000.0,Diesel,Individual,Manual,Fourth & Above Owner,15.0,Tata,7666.666666666667,Budget
Maruti Wagon R LXI BS IV,2013.0,213000.0,80000.0,Petrol,Individual,Manual,First Owner,13.0,Maruti,6153.846153846154,Budget
Volkswagen Ameo 1.5 TDI Highline Plus 16,2018.0,660000.0,25000.0,Diesel,Individual,Manual,First Owner,8.0,Volkswagen,3125.0,Luxury
Ford Ecosport 1.5 Petrol Titanium Plus,2019.0,1100000.0,5166.0,Petrol,Dealer,Manual,Test Drive Car,7.0,Ford,738.0,Luxury
Mahindra XUV500 W8 4WD,2012.0,650000.0,76290.0,Diesel,Dealer,Manual,First Owner,14.0,Mahindra,5449.285714285715,Luxury
Mahindra XUV500 W10 2WD,2016.0,1250000.0,60000.0,Diesel,Individual,Manual,First Owner,10.0,Mahindra,6000.0,Luxury
Maruti Swift Dzire AMT VDI,2017.0,715000.0,25000.0,Diesel,Individual,Automatic,First Owner,9.0,Maruti,2777.777777777778,Luxury
Maruti Swift VDI,2016.0,565000.0,60000.0,Diesel,Dealer,Manual,First Owner,10.0,Maruti,6000.0,Mid-Range
Mahindra Thar 4X4,2013.0,615000.0,45766.0,Diesel,Individual,Manual,Second Owner,13.0,Mahindra,3520.4615384615386,Luxury
Tata New Safari 4X4,2007.0,199000.0,78771.0,Diesel,Dealer,Manual,Second Owner,19.0,Tata,4145.8421052631575,Budget
Ford Figo Diesel EXI,2012.0,409999.0,28000.0,Diesel,Individual,Manual,First Owner,14.0,Ford,2000.0,Mid-Range
Ford Figo Diesel LXI,2011.0,225000.0,76736.0,Diesel,Dealer,Manual,Second Owner,15.0,Ford,5115.733333333334,Budget
Maruti Alto LX BSIII,2007.0,135000.0,70000.0,None,Individual,Manual,Second Owner,19.0,Maruti,3684.2105263157896,Budget
Renault Koleos 2.0 Diesel,2012.0,750000.0,80000.0,Diesel,Individual,Automatic,Second Owner,14.0,Renault,5714.285714285715,Luxury
Maruti Wagon R LXI DUO BSIII,2009.0,155000.0,60000.0,LPG,None,Manual,Second Owner,17.0,Maruti,3529.4117647058824,Budget
Ford Ikon 1.8 D,2014.0,114999.0,92645.0,Diesel,Dealer,Manual,Fourth & Above Owner,12.0,Ford,7720.416666666667,Budget
Mahindra Bolero DI,2004.0,110000.0,120000.0,Diesel,Individual,Manual,Fourth & Above Owner,22.0,Mahindra,5454.545454545455,Budget
Hyundai i20 Asta 1.2,2014.0,300000.0,80000.0,Petrol,Individual,Manual,First Owner,12.0,Hyundai,6666.666666666667,Mid-Range
Mahindra Scorpio S4 4WD,2014.0,700000.0,70000.0,Diesel,Individual,Manual,Second Owner,12.0,Mahindra,5833.333333333333,Luxury
Maruti Ertiga SHVS LDI Option,2017.0,700000.0,120000.0,None,Individual,Manual,First Owner,9.0,Maruti,13333.333333333334,Luxury
Maruti Alto 800 LXI,2013.0,210000.0,42000.0,Petrol,Individual,Manual,Third Owner,13.0,Maruti,3230.769230769231,Budget
Chevrolet Spark 1.0 LT,2009.0,70000.0,60000.0,Petrol,Individual,Manual,First Owner,17.0,Chevrolet,3529.4117647058824,Budget
Hyundai Creta 1.4 CRDi Base,2018.0,950000.0,70000.0,Diesel,Individual,Manual,Second Owner,8.0,Hyundai,8750.0,Luxury
Ford Fiesta 1.5 TDCi Ambiente,2014.0,800000.0,20000.0,Diesel,Individual,Manual,First Owner,12.0,Ford,1666.6666666666667,Luxury
Mahindra XUV500 W8 4WD,2012.0,700000.0,120000.0,Diesel,Individual,Manual,Third Owner,14.0,Mahindra,8571.42857142857,Luxury
Volkswagen Polo Diesel Trendline 1.2L,2011.0,175000.0,90000.0,Diesel,Individual,Manual,Third Owner,15.0,Volkswagen,6000.0,Budget
Mahindra Quanto C6,2014.0,260000.0,89000.0,Diesel,Individual,Manual,First Owner,12.0,Mahindra,7416.666666666667,Mid-Range
Toyota Innova 2.5 VX (Diesel) 7 Seater,2013.0,950000.0,80000.0,Diesel,Individual,Manual,Third Owner,13.0,Toyota,6153.846153846154,Luxury
Maruti Swift Vdi BSIII,2014.0,250000.0,200000.0,Diesel,None,Manual,Fourth & Above Owner,12.0,Maruti,16666.666666666668,Mid-Range
Mahindra Scorpio S10 7 Seater,2015.0,630000.0,50000.0,Diesel,Individual,Manual,First Owner,11.0,Mahindra,4545.454545454545,Luxury
Tata Nano LX SE,2014.0,35000.0,35000.0,Petrol,Individual,Manual,Third Owner,12.0,Tata,2916.6666666666665,Budget
Renault Duster 85PS Diesel RxL,2013.0,450000.0,1000.0,Diesel,Dealer,Manual,Second Owner,13.0,Renault,76.92307692307692,Mid-Range
Mercedes-Benz C-Class Progressive C 220d,2018.0,3800000.0,10000.0,Diesel,Dealer,Automatic,First Owner,8.0,Mercedes-Benz,1250.0,Luxury
Audi A4 3.0 TDI Quattro,2013.0,1580000.0,86000.0,Diesel,Dealer,Automatic,First Owner,13.0,Audi,6615.384615384615,Luxury
BMW X5 xDrive 30d xLine,2019.0,4950000.0,30000.0,Diesel,Dealer,Automatic,First Owner,7.0,BMW,4285.714285714285,Luxury
Hyundai Creta 1.6 CRDi SX,2016.0,535000.0,52600.0,Diesel,Individual,Manual,First Owner,10.0,Hyundai,5260.0,Mid-Range
Maruti SX4 Vxi BSIV,2012.0,225000.0,110000.0,Petrol,None,Manual,Second Owner,14.0,Maruti,7857.142857142857,Budget
Hyundai Grand i10 1.2 Kappa Magna AT,2017.0,550000.0,19890.0,Petrol,Dealer,Automatic,First Owner,9.0,Hyundai,2210.0,Mid-Range
Maruti Swift ZXI BSIV,2016.0,670000.0,7104.0,None,Trustmark Dealer,Manual,First Owner,10.0,Maruti,710.4,Luxury
Maruti Ertiga VXI,2015.0,625000.0,11918.0,Petrol,Trustmark Dealer,Manual,First Owner,11.0,Maruti,1083.4545454545455,Luxury
Hyundai Grand i10 Magna AT,2017.0,520000.0,10510.0,Petrol,Dealer,Automatic,First Owner,9.0,Hyundai,1167.7777777777778,Mid-Range
Chevrolet Beat LT Option,2016.0,239000.0,41000.0,None,Dealer,Manual,First Owner,10.0,Chevrolet,4100.0,Budget
Toyota Fortuner 4x2 AT,2014.0,2600000.0,47162.0,Diesel,Trustmark Dealer,Automatic,First Owner,12.0,Toyota,3930.1666666666665,Luxury
Maruti S-Cross Zeta DDiS 200 SH,2015.0,750000.0,60000.0,Diesel,Trustmark Dealer,Manual,First Owner,11.0,Maruti,5454.545454545455,Luxury
Hyundai i10 Magna,2012.0,229999.0,49824.0,Petrol,Dealer,Manual,First Owner,14.0,Hyundai,3558.8571428571427,Budget
Audi A6 2.0 TDI Premium Plus,2013.0,1300000.0,58500.0,Diesel,Dealer,Automatic,First Owner,13.0,Audi,4500.0,Luxury
Hyundai Santro GS,2005.0,80000.0,56580.0,Petrol,Dealer,Manual,First Owner,21.0,Hyundai,2694.285714285714,Budget
Hyundai Verna 1.6 VTVT SX,2015.0,760000.0,55340.0,None,Trustmark Dealer,Manual,First Owner,11.0,Hyundai,5030.909090909091,Luxury
Maruti Swift Dzire VDI,2017.0,600000.0,46507.0,Diesel,Trustmark Dealer,Manual,First Owner,9.0,Maruti,5167.444444444444,Mid-Range
Chevrolet Enjoy TCDi LS 8 Seater,2014.0,330000.0,200000.0,Diesel,Individual,Manual,Third Owner,12.0,Chevrolet,16666.666666666668,Mid-Range
Tata Indigo LS,2008.0,105000.0,90000.0,Diesel,Individual,Manual,First Owner,18.0,Tata,5000.0,Budget
Tata Indica Vista TDI LX,2013.0,185000.0,65000.0,Diesel,Individual,Manual,First Owner,13.0,Tata,5000.0,Budget
Fiat Grande Punto EVO 1.3 Active,2014.0,260000.0,60000.0,Diesel,Individual,Manual,First Owner,12.0,Fiat,5000.0,Mid-Range
Maruti Swift Dzire VDi,2012.0,450000.0,33000.0,Diesel,Individual,Manual,First Owner,14.0,Maruti,2357.1428571428573,Mid-Range
Maruti Swift VXI Deca,2016.0,500000.0,38000.0,Petrol,Individual,Manual,First Owner,10.0,Maruti,3800.0,Mid-Range
Maruti Alto K10 2010-2014 VXI,2012.0,260000.0,60000.0,Petrol,Individual,Manual,First Owner,14.0,Maruti,4285.714285714285,Mid-Range
Volkswagen Polo Diesel Trendline 1.2L,2012.0,265000.0,55000.0,Diesel,Individual,Manual,Second Owner,14.0,Volkswagen,3928.5714285714284,Mid-Range
Mahindra Thar CRDe,2017.0,800000.0,26000.0,Diesel,Individual,Manual,Second Owner,9.0,Mahindra,2888.8888888888887,Luxury
Tata Safari Storme VX Varicor 400,2016.0,869999.0,80000.0,Diesel,Individual,Manual,First Owner,10.0,Tata,8000.0,Luxury
Maruti Baleno Alpha 1.2,2018.0,690000.0,40000.0,Petrol,Individual,Manual,First Owner,8.0,Maruti,5000.0,Luxury
Mitsubishi Pajero 2.8 SFX BSIV Dual Tone,2011.0,825000.0,120000.0,Diesel,Individual,Manual,First Owner,15.0,Mitsubishi,8000.0,Luxury
Maruti Alto LX BSIII,2006.0,160000.0,63230.0,Petrol,Individual,Manual,Second Owner,20.0,Maruti,3161.5,Budget
Maruti Wagon R VXI,2005.0,100000.0,100000.0,Petrol,Individual,Manual,Third Owner,21.0,Maruti,4761.9047619047615,Budget
Hyundai i20 Asta 1.4 CRDi,2015.0,530000.0,77000.0,Diesel,Individual,Manual,Second Owner,11.0,Hyundai,7000.0,Mid-Range
Maruti Swift VXI Optional,2014.0,360000.0,30000.0,Petrol,Individual,Manual,First Owner,12.0,Maruti,2500.0,Mid-Range
Maruti Swift 1.2 DLX,2015.0,220000.0,40000.0,Petrol,Individual,Manual,First Owner,11.0,Maruti,3636.3636363636365,Budget
Maruti Alto 800 LXI,2017.0,178000.0,35000.0,Petrol,Individual,Manual,First Owner,9.0,Maruti,3888.8888888888887,Budget
Mahindra Thar DI 4X2,2018.0,515000.0,5000.0,Diesel,Individual,Manual,First Owner,8.0,Mahindra,625.0,Mid-Range
Maruti Ritz VXi,2014.0,300000.0,35000.0,Petrol,Individual,Manual,First Owner,12.0,Maruti,2916.6666666666665,Mid-Range
Tata Indigo LS,2008.0,105000.0,90000.0,Diesel,Individual,Manual,First Owner,18.0,Tata,5000.0,Budget
Tata Indica Vista TDI LX,2013.0,185000.0,60000.0,Diesel,Individual,Manual,First Owner,13.0,Tata,4615.384615384615,Budget
Tata Indica Vista Quadrajet LS,2012.0,150000.0,80000.0,Diesel,Individual,Manual,Second Owner,14.0,Tata,5714.285714285715,Budget
Fiat Grande Punto EVO 1.3 Active,2014.0,260000.0,50000.0,Diesel,Individual,Manual,First Owner,12.0,Fiat,4166.666666666667,Mid-Range
Maruti Swift Dzire VDi,2012.0,450000.0,60000.0,Diesel,Individual,Manual,First Owner,14.0,Maruti,4285.714285714285,Mid-Range
Maruti Swift VXI Deca,2016.0,500000.0,38000.0,Petrol,Individual,Manual,First Owner,10.0,Maruti,3800.0,Mid-Range
Maruti Alto K10 2010-2014 VXI,2012.0,260000.0,40000.0,Petrol,Individual,Manual,First Owner,14.0,Maruti,2857.1428571428573,Mid-Range
Volkswagen Polo Diesel Trendline 1.2L,2012.0,265000.0,55000.0,None,Individual,Manual,Second Owner,14.0,Volkswagen,3928.5714285714284,Mid-Range
Tata Nexon 1.2 Revotron XZ Plus Dual Tone,2017.0,750000.0,15000.0,Petrol,Individual,Manual,First Owner,9.0,Tata,1666.6666666666667,Luxury
Mahindra Thar CRDe,2017.0,800000.0,26000.0,Diesel,Individual,Manual,Second Owner,9.0,Mahindra,2888.8888888888887,Luxury
Toyota Innova 2.5 G1 BSIV,2012.0,950000.0,80000.0,Diesel,Individual,Manual,First Owner,14.0,Toyota,5714.285714285715,Luxury
Mitsubishi Pajero 2.8 SFX BSIV Dual Tone,2011.0,825000.0,120000.0,None,Individual,Manual,First Owner,15.0,Mitsubishi,8000.0,Luxury
Maruti 800 Std,2013.0,170000.0,60000.0,Petrol,Individual,Manual,First Owner,13.0,Maruti,4615.384615384615,Budget
Maruti Alto LX BSIII,2006.0,160000.0,60000.0,Petrol,Individual,Manual,Second Owner,20.0,Maruti,3000.0,Budget
Mahindra Scorpio 2.6 SLX CRDe,2006.0,300000.0,120000.0,Diesel,Individual,Manual,Second Owner,20.0,Mahindra,6000.0,Mid-Range
Datsun GO Plus A,2015.0,315000.0,45000.0,Petrol,Individual,Manual,Second Owner,11.0,Datsun,4090.909090909091,Mid-Range
Maruti 800 Std BSII,2006.0,90000.0,40000.0,Petrol,Individual,Manual,Second Owner,20.0,Maruti,2000.0,Budget
Maruti Wagon R VXI,2005.0,100000.0,100000.0,Petrol,None,Manual,Third Owner,21.0,Maruti,4761.9047619047615,Budget
Tata Indica GLS BS IV,2008.0,65000.0,110000.0,Petrol,Individual,Manual,Third Owner,18.0,Tata,6111.111111111111,Budget
Hyundai Verna 1.6 CRDI,2012.0,312000.0,90000.0,Diesel,Individual,Manual,First Owner,14.0,Hyundai,6428.571428571428,Mid-Range
Maruti Vitara Brezza LDi,2018.0,700000.0,25000.0,Diesel,None,Manual,First Owner,8.0,Maruti,3125.0,Luxury
Hyundai Santro Xing XL eRLX Euro III,2005.0,150000.0,47000.0,None,Individual,Manual,First Owner,21.0,Hyundai,2238.095238095238,Budget
Renault Fluence 1.5,2013.0,450000.0,60000.0,Diesel,Individual,Manual,First Owner,13.0,Renault,4615.384615384615,Mid-Range
Hyundai Verna Transform CRDi VGT ABS,2010.0,229999.0,120000.0,Diesel,Individual,Manual,Second Owner,16.0,Hyundai,7500.0,Budget
Maruti Swift Ldi BSIII,2008.0,111000.0,120000.0,Diesel,Individual,Manual,First Owner,18.0,Maruti,6666.666666666667,Budget
Ford Freestyle Titanium Plus Diesel,2019.0,750000.0,1001.0,Diesel,Dealer,Manual,First Owner,7.0,Ford,143.0,Luxury
Ford Figo 1.5P Titanium AT,2018.0,711000.0,1452.0,Petrol,Dealer,Manual,First Owner,8.0,Ford,181.5,Luxury
Ford Figo 1.5D Titanium MT,2017.0,600000.0,35122.0,Diesel,Dealer,Manual,First Owner,9.0,Ford,3902.4444444444443,Mid-Range
Maruti Swift Dzire VDI,2015.0,455000.0,92621.0,None,Dealer,Manual,First Owner,11.0,Maruti,8420.09090909091,Mid-Range
Datsun GO T Petrol,2015.0,225000.0,92198.0,Petrol,Dealer,Manual,Second Owner,11.0,Datsun,8381.636363636364,Budget
Maruti Swift Dzire VDI,2019.0,650000.0,5000.0,Diesel,Individual,Manual,First Owner,7.0,Maruti,714.2857142857143,Luxury
Chevrolet Beat LT,2013.0,200000.0,50000.0,Petrol,Individual,Manual,First Owner,13.0,Chevrolet,3846.153846153846,Budget
Hyundai Creta 1.6 CRDi AT SX Plus,2016.0,875000.0,74000.0,Diesel,None,Automatic,First Owner,10.0,Hyundai,7400.0,Luxury
Skoda Rapid 1.5 TDI AT Ambition BSIV,2017.0,750000.0,40000.0,Diesel,Individual,Automatic,First Owner,9.0,Skoda,4444.444444444444,Luxury
Maruti Swift Dzire AMT VDI,2019.0,725000.0,22000.0,None,Individual,Automatic,First Owner,7.0,Maruti,3142.8571428571427,Luxury
Maruti Alto LXi,2014.0,100000.0,100000.0,Petrol,Individual,Manual,Second Owner,12.0,Maruti,8333.333333333334,Budget
Tata Hexa XT,2019.0,1100000.0,40000.0,Diesel,Individual,Manual,First Owner,7.0,Tata,5714.285714285715,Luxury
Ford Endeavour 3.2 Titanium AT 4X4,2017.0,2700000.0,30000.0,Diesel,Individual,Automatic,First Owner,9.0,Ford,3333.3333333333335,Luxury
Renault KWID RXT Optional,2016.0,280000.0,23000.0,Petrol,Individual,Manual,First Owner,10.0,Renault,2300.0,Mid-Range
Tata Indica Vista Aqua TDI BSIII,2009.0,150000.0,30000.0,Diesel,Individual,Manual,First Owner,17.0,Tata,1764.7058823529412,Budget
Tata Manza Aura Safire,2010.0,200000.0,50000.0,None,Individual,Manual,First Owner,16.0,Tata,3125.0,Budget
Maruti Ritz VDi,2010.0,148000.0,100000.0,Diesel,Individual,Manual,Second Owner,16.0,Maruti,6250.0,Budget
Maruti Swift Dzire VXi,2011.0,254999.0,70000.0,Petrol,Individual,Manual,Second Owner,15.0,Maruti,4666.666666666667,Mid-Range
Maruti Alto LX,2006.0,95000.0,90000.0,Petrol,Individual,Manual,Second Owner,20.0,Maruti,4500.0,Budget
Mahindra Bolero SLE BSIII,2007.0,185000.0,230000.0,Diesel,Individual,Manual,Second Owner,19.0,Mahindra,12105.263157894737,Budget
Tata Indica Vista Quadrajet VX,2012.0,185000.0,40000.0,Diesel,Individual,Manual,First Owner,14.0,Tata,2857.1428571428573,Budget
Renault KWID RXL,2019.0,300000.0,15000.0,Petrol,Individual,Manual,First Owner,7.0,Renault,2142.8571428571427,Mid-Range
Hyundai Verna VTVT 1.6 SX,2018.0,800000.0,60000.0,Petrol,Individual,Manual,First Owner,8.0,Hyundai,7500.0,Luxury
Maruti Zen LX,2000.0,60000.0,50000.0,Petrol,Individual,Manual,First Owner,26.0,Maruti,1923.076923076923,Budget
Fiat Punto 1.2 Active,2010.0,80000.0,50000.0,Petrol,Individual,Manual,Second Owner,16.0,Fiat,3125.0,Budget
Hyundai EON Era Plus,2013.0,250000.0,35000.0,Petrol,Individual,Manual,First Owner,13.0,Hyundai,2692.3076923076924,Mid-Range
Tata New Safari DICOR 2.2 EX 4x2,2010.0,250000.0,80000.0,Diesel,Individual,Manual,First Owner,16.0,Tata,5000.0,Mid-Range
Maruti Wagon R LXI BSIII,2014.0,125000.0,50000.0,Petrol,Individual,Manual,Second Owner,12.0,Maruti,4166.666666666667,Budget
Maruti Alto LXi BSII,2002.0,100000.0,80000.0,Petrol,Individual,Manual,Fourth & Above Owner,24.0,Maruti,3333.3333333333335,Budget
Mahindra Scorpio M2DI,2010.0,480000.0,90000.0,Diesel,Individual,Manual,First Owner,16.0,Mahindra,5625.0,Mid-Range
Mahindra KUV 100 G80 K2,2018.0,320000.0,30000.0,Petrol,Individual,Manual,Second Owner,8.0,Mahindra,3750.0,Mid-Range
Maruti A-Star Vxi,2010.0,130000.0,70000.0,Petrol,Individual,Manual,Second Owner,16.0,Maruti,4375.0,Budget
Tata Indica DLS,2006.0,57000.0,80000.0,Diesel,Individual,Manual,Second Owner,20.0,Tata,4000.0,Budget
Hyundai Santro GLS I - Euro I,2005.0,75000.0,60000.0,Petrol,Individual,Manual,First Owner,21.0,Hyundai,2857.1428571428573,Budget
Maruti 800 DX,2003.0,60000.0,35000.0,Petrol,Individual,Manual,First Owner,23.0,Maruti,1521.7391304347825,Budget
Honda City 1.5 EXI S,2004.0,105000.0,100000.0,Petrol,Individual,Manual,Third Owner,22.0,Honda,4545.454545454545,Budget
Maruti Wagon R LXI DUO BSIII,2008.0,125000.0,152000.0,LPG,None,Manual,Second Owner,18.0,Maruti,8444.444444444445,Budget
Maruti Zen LXI,1998.0,69000.0,70000.0,Petrol,Individual,Manual,Second Owner,28.0,Maruti,2500.0,Budget
Tata Indigo LX,2012.0,130000.0,90000.0,Diesel,Individual,Manual,Second Owner,14.0,Tata,6428.571428571428,Budget
Maruti Baleno Zeta 1.2,2019.0,630000.0,40000.0,Petrol,Individual,Manual,First Owner,7.0,Maruti,5714.285714285715,Luxury
Honda Amaze E i-VTEC,2016.0,330000.0,50000.0,Petrol,Individual,Manual,Second Owner,10.0,Honda,5000.0,Mid-Range
Maruti Wagon R VXI BS IV,2014.0,340000.0,15000.0,Petrol,Individual,Manual,Second Owner,12.0,Maruti,1250.0,Mid-Range
Hyundai Santro Xing XG eRLX Euro III,2006.0,60000.0,120000.0,Petrol,Individual,Manual,Third Owner,20.0,Hyundai,6000.0,Budget
Tata Safari Storme EX,2014.0,550000.0,78322.0,Diesel,Individual,Manual,First Owner,12.0,Tata,6526.833333333333,Mid-Range
Maruti Ertiga VDI,2014.0,480000.0,110000.0,Diesel,Individual,Manual,Second Owner,12.0,Maruti,9166.666666666666,Mid-Range
Hyundai Verna 1.6 SX CRDi (O),2013.0,315000.0,80000.0,Diesel,Individual,Manual,Second Owner,13.0,Hyundai,6153.846153846154,Mid-Range
Ford Fiesta Titanium 1.5 TDCi,2012.0,165000.0,120000.0,Diesel,Individual,Manual,First Owner,14.0,Ford,8571.42857142857,Budget
Chevrolet Beat LS,2016.0,170000.0,125000.0,Petrol,Individual,Manual,First Owner,10.0,Chevrolet,12500.0,Budget
Maruti Baleno Delta 1.2,2018.0,550000.0,60000.0,Petrol,Individual,Manual,First Owner,8.0,Maruti,7500.0,Mid-Range
Volkswagen Ameo 1.2 MPI Trendline,2018.0,465000.0,13000.0,Petrol,Individual,Manual,First Owner,8.0,Volkswagen,1625.0,Mid-Range
Tata Indica Vista Quadrajet LX,2012.0,120000.0,80000.0,None,Individual,Manual,Third Owner,14.0,Tata,5714.285714285715,Budget
Hyundai Verna 1.6 Xi ABS,2008.0,220000.0,54309.0,Petrol,Individual,Manual,First Owner,18.0,Hyundai,3017.1666666666665,Budget
Ford Figo Diesel LXI,2011.0,180000.0,70000.0,Diesel,Individual,Manual,Second Owner,15.0,Ford,4666.666666666667,Budget
Chevrolet Aveo 1.6 LT,2006.0,150000.0,34600.0,Petrol,Individual,Manual,Third Owner,20.0,Chevrolet,1730.0,Budget
Tata Zest Revotron 1.2T XMS,2016.0,520000.0,25000.0,Petrol,Individual,Manual,First Owner,10.0,Tata,2500.0,Mid-Range
Tata Safari Storme EX,2013.0,430000.0,80000.0,Diesel,None,Manual,Third Owner,13.0,Tata,6153.846153846154,Mid-Range
Mahindra Bolero DI DX 8 Seater,2009.0,300000.0,55000.0,Diesel,Individual,Manual,Second Owner,17.0,Mahindra,3235.294117647059,Mid-Range
Hyundai Venue SX Opt Diesel,2020.0,1000000.0,5000.0,None,Individual,Manual,First Owner,6.0,Hyundai,833.3333333333334,Luxury
Honda WR-V i-DTEC VX,2017.0,725000.0,30000.0,Diesel,Individual,Manual,First Owner,9.0,Honda,3333.3333333333335,Luxury
Hyundai Verna 1.4 EX,2011.0,500000.0,31000.0,Diesel,Individual,Manual,First Owner,15.0,Hyundai,2066.6666666666665,Mid-Range
Maruti Wagon R LXI BS IV,2011.0,250000.0,50000.0,None,Individual,Manual,First Owner,15.0,Maruti,3333.3333333333335,Mid-Range
Maruti Swift Dzire VDI,2018.0,700000.0,38217.0,Diesel,Individual,Manual,First Owner,8.0,Maruti,4777.125,Luxury
Ford Figo Petrol ZXI,2011.0,185000.0,50000.0,Petrol,None,Manual,Third Owner,15.0,Ford,3333.3333333333335,Budget
Tata Hexa XT,2019.0,1100000.0,40000.0,Diesel,Individual,Manual,First Owner,7.0,Tata,5714.285714285715,Luxury
Hyundai Santro LP zipPlus,2001.0,52000.0,50000.0,Petrol,Individual,Manual,Third Owner,25.0,Hyundai,2000.0,Budget
Hyundai i20 Active 1.2 S,2017.0,600000.0,10000.0,Petrol,Individual,Manual,First Owner,9.0,Hyundai,1111.111111111111,Mid-Range
Tata Harrier XZ BSIV,2019.0,1700000.0,10000.0,Diesel,Individual,Manual,First Owner,7.0,Tata,1428.5714285714287,Luxury
Nissan Terrano XL Plus 85 PS,2015.0,451000.0,100000.0,Diesel,Individual,Manual,First Owner,11.0,Nissan,9090.90909090909,Mid-Range
Mahindra KUV 100 mFALCON G80 K8 5str,2016.0,370000.0,60000.0,Petrol,Individual,Manual,First Owner,10.0,Mahindra,6000.0,Mid-Range
Ford Endeavour 3.2 Titanium AT 4X4,2017.0,2700000.0,60000.0,Diesel,Individual,Automatic,First Owner,9.0,Ford,6666.666666666667,Luxury
Renault KWID RXT Optional,2016.0,280000.0,23000.0,Petrol,Individual,Manual,First Owner,10.0,Renault,2300.0,Mid-Range
Maruti Wagon R VXI BS IV,2014.0,350000.0,30000.0,Petrol,None,Manual,First Owner,12.0,Maruti,2500.0,Mid-Range
Hyundai i10 Sportz,2011.0,250000.0,50000.0,Petrol,Individual,Manual,First Owner,15.0,Hyundai,3333.3333333333335,Mid-Range
Maruti Ignis 1.2 Delta BSIV,2019.0,500000.0,15000.0,Petrol,Individual,Manual,First Owner,7.0,Maruti,2142.8571428571427,Mid-Range
Tata Indica Vista Aqua TDI BSIII,2009.0,150000.0,30000.0,Diesel,Individual,Manual,First Owner,17.0,Tata,1764.7058823529412,Budget
Chevrolet Spark 1.0 LS,2010.0,175000.0,45000.0,Petrol,Individual,Manual,Second Owner,16.0,Chevrolet,2812.5,Budget
Chevrolet Spark 1.0 LS,2009.0,170000.0,44800.0,Petrol,Individual,Manual,Second Owner,17.0,Chevrolet,2635.294117647059,Budget
Hyundai Creta 1.4 E Plus,2018.0,800000.0,52000.0,Diesel,Individual,Manual,First Owner,8.0,Hyundai,6500.0,Luxury
Tata Hexa XTA,2017.0,1200000.0,50000.0,Diesel,None,Automatic,First Owner,9.0,Tata,5555.555555555556,Luxury
Toyota Corolla Altis 1.8 J,2014.0,400000.0,35000.0,Petrol,Individual,Manual,Second Owner,12.0,Toyota,2916.6666666666665,Mid-Range
Maruti Ritz VDi,2014.0,148000.0,60000.0,None,Individual,Manual,Second Owner,12.0,Maruti,5000.0,Budget
Tata Manza Club Class Quadrajet90 LS,2014.0,200000.0,100000.0,Diesel,Individual,Manual,First Owner,12.0,Tata,8333.333333333334,Budget
Maruti Swift Dzire VDI,2016.0,284000.0,40000.0,Diesel,Individual,Manual,Second Owner,10.0,Maruti,4000.0,Mid-Range
Maruti Wagon R VXI Minor,2007.0,80000.0,60000.0,Petrol,Individual,Manual,Third Owner,19.0,Maruti,3157.8947368421054,Budget
Hyundai Accent Executive,2011.0,150000.0,60000.0,Petrol,Individual,Manual,First Owner,15.0,Hyundai,4000.0,Budget
Tata Manza Aura (ABS) Safire BS IV,2010.0,110000.0,77073.0,Petrol,Individual,Manual,Second Owner,16.0,Tata,4817.0625,Budget
Toyota Innova 2.5 G (Diesel) 7 Seater,2013.0,800000.0,186000.0,Diesel,Individual,Manual,Third Owner,13.0,Toyota,14307.692307692309,Luxury
Mahindra Scorpio M2DI,2014.0,550000.0,90000.0,None,Individual,Manual,First Owner,12.0,Mahindra,7500.0,Mid-Range
Maruti Alto LX BSIII,2007.0,125000.0,100000.0,Petrol,Individual,Manual,First Owner,19.0,Maruti,5263.1578947368425,Budget
Chevrolet Beat LT,2010.0,135000.0,80000.0,Petrol,Individual,Manual,Second Owner,16.0,Chevrolet,5000.0,Budget
Mahindra Scorpio LX BSIV,2012.0,349000.0,150000.0,Diesel,Individual,Manual,First Owner,14.0,Mahindra,10714.285714285714,Mid-Range
Maruti Swift VDI BSIV,2014.0,458000.0,80000.0,Diesel,Individual,Manual,First Owner,12.0,Maruti,6666.666666666667,Mid-Range
Maruti Alto K10 VXI,2018.0,300000.0,35000.0,Petrol,Individual,Manual,First Owner,8.0,Maruti,4375.0,Mid-Range
Maruti Alto LXi,2008.0,95000.0,70000.0,Petrol,Individual,Manual,First Owner,18.0,Maruti,3888.8888888888887,Budget
Maruti S-Cross Zeta DDiS 200 SH,2018.0,850000.0,50000.0,None,Individual,Manual,First Owner,8.0,Maruti,6250.0,Luxury
Ford Figo Diesel Celebration Edition,2013.0,190000.0,120000.0,Diesel,Individual,Manual,First Owner,13.0,Ford,9230.76923076923,Budget
Toyota Innova 2.0 VX 7 Seater,2014.0,320000.0,60000.0,Petrol,Individual,Manual,Third Owner,12.0,Toyota,5000.0,Mid-Range
Maruti Alto 800 CNG LXI Optional,2019.0,300000.0,120000.0,CNG,Individual,Manual,First Owner,7.0,Maruti,17142.85714285714,Mid-Range
Maruti Ritz LXi,2016.0,275000.0,160000.0,Petrol,Individual,Manual,First Owner,10.0,Maruti,16000.0,Mid-Range
Chevrolet Aveo 1.6 LT with ABS,2010.0,140000.0,120000.0,Petrol,Individual,Manual,Second Owner,16.0,Chevrolet,7500.0,Budget
Tata Altroz XZ,2020.0,830000.0,10000.0,Petrol,Individual,Manual,First Owner,6.0,Tata,1666.6666666666667,Luxury
Volkswagen Polo SR Petrol 1.2L,2013.0,380000.0,50000.0,Petrol,Individual,Manual,First Owner,13.0,Volkswagen,3846.153846153846,Mid-Range
Chevrolet Spark 1.0 LS,2008.0,50000.0,70000.0,Petrol,Individual,Manual,First Owner,18.0,Chevrolet,3888.8888888888887,Budget
Mahindra Bolero SLX,2014.0,155000.0,100000.0,Diesel,Individual,Manual,First Owner,12.0,Mahindra,8333.333333333334,Budget
Mahindra Bolero SLX,2008.0,155000.0,60000.0,None,Individual,Manual,First Owner,18.0,Mahindra,3333.3333333333335,Budget
Skoda Superb 1.8 TFSI MT,2010.0,300000.0,80000.0,Petrol,Individual,Manual,First Owner,16.0,Skoda,5000.0,Mid-Range
Tata Tiago 2019-2020 XE Diesel,2016.0,385000.0,38000.0,Diesel,Dealer,Manual,First Owner,10.0,Tata,3800.0,Mid-Range
Maruti Wagon R LXI,2010.0,221000.0,51000.0,Petrol,Dealer,Manual,First Owner,16.0,Maruti,3187.5,Budget
Tata Tiago 1.05 Revotorq XE,2016.0,381000.0,38000.0,Diesel,Dealer,Manual,First Owner,10.0,Tata,3800.0,Mid-Range
Maruti Alto 800 LXI,2015.0,250999.0,35000.0,Petrol,Dealer,Manual,First Owner,11.0,Maruti,3181.818181818182,Mid-Range
Hyundai Santro LS zipPlus,2002.0,60000.0,120000.0,Petrol,Individual,Manual,Third Owner,24.0,Hyundai,5000.0,Budget
Tata Tiago 1.05 Revotorq XE,2016.0,380000.0,38000.0,Diesel,Dealer,Manual,First Owner,10.0,Tata,3800.0,Mid-Range
Skoda Laura L n K 1.9 PD,2008.0,180000.0,144000.0,Diesel,Individual,Manual,Third Owner,18.0,Skoda,8000.0,Budget
Maruti Ciaz ZDi Plus,2017.0,751000.0,64000.0,Diesel,Dealer,Manual,First Owner,9.0,Maruti,7111.111111111111,Luxury
Mahindra XUV500 AT W10 FWD,2015.0,1250000.0,60000.0,Diesel,Dealer,Automatic,First Owner,11.0,Mahindra,5454.545454545455,Luxury
Hyundai EON 1.0 Era Plus,2014.0,229999.0,65000.0,Petrol,Dealer,Manual,First Owner,12.0,Hyundai,5416.666666666667,Budget
Tata Safari Storme EX,2019.0,1250000.0,24000.0,Diesel,Individual,Manual,First Owner,7.0,Tata,3428.5714285714284,Luxury
Mahindra Scorpio VLX 2.2 mHawk Airbag BSIV,2014.0,780000.0,58000.0,Diesel,Dealer,Manual,Second Owner,12.0,Mahindra,4833.333333333333,Luxury
Maruti Alto 800 LXI,2016.0,245000.0,68000.0,Petrol,Dealer,Manual,First Owner,10.0,Maruti,6800.0,Budget
Hyundai Grand i10 1.2 CRDi Sportz Option,2017.0,509999.0,44000.0,Diesel,Dealer,Manual,First Owner,9.0,Hyundai,4888.888888888889,Mid-Range
Tata Nano CX SE,2015.0,110000.0,60000.0,Petrol,Dealer,Manual,First Owner,11.0,Tata,5454.545454545455,Budget
Volkswagen Polo Diesel Highline 1.2L,2013.0,400000.0,75000.0,Diesel,Dealer,Manual,First Owner,13.0,Volkswagen,5769.2307692307695,Mid-Range
Maruti Swift VXI,2014.0,370000.0,90000.0,Petrol,Individual,Manual,First Owner,12.0,Maruti,7500.0,Mid-Range
Hyundai Verna CRDi ABS,2007.0,175000.0,80000.0,Diesel,Individual,Manual,Second Owner,19.0,Hyundai,4210.526315789473,Budget
Mercedes-Benz E-Class 230,1998.0,1000000.0,35000.0,Petrol,Individual,Automatic,Second Owner,28.0,Mercedes-Benz,1250.0,Luxury
Maruti Alto 800 LXI,2013.0,92800.0,25000.0,Petrol,Individual,Manual,Second Owner,13.0,Maruti,1923.076923076923,Budget
Maruti Alto 800 LXI,2013.0,92800.0,25000.0,Petrol,Individual,Manual,Second Owner,13.0,Maruti,1923.076923076923,Budget
Hyundai Verna 1.6 SX CRDi (O),2013.0,335000.0,110000.0,Diesel,Individual,Manual,Third Owner,13.0,Hyundai,8461.538461538461,Mid-Range
Maruti Omni 8 Seater BSIV,2013.0,170000.0,35000.0,Petrol,Individual,Manual,First Owner,13.0,Maruti,2692.3076923076924,Budget
Maruti Alto 800 LXI,2019.0,295000.0,10000.0,Petrol,Individual,Manual,First Owner,7.0,Maruti,1428.5714285714287,Mid-Range
Renault KWID RXL,2019.0,375000.0,10000.0,None,Individual,Manual,First Owner,7.0,Renault,1428.5714285714287,Mid-Range
Hyundai EON Era Plus,2012.0,215000.0,70000.0,Petrol,Individual,Manual,Second Owner,14.0,Hyundai,5000.0,Budget
Ford Fiesta 1.4 ZXi TDCi ABS,2009.0,150000.0,60000.0,Diesel,Individual,Manual,Second Owner,17.0,Ford,3529.4117647058824,Budget
Maruti Alto LXI,2003.0,60000.0,5000.0,Petrol,None,Manual,Second Owner,23.0,Maruti,217.3913043478261,Budget
Maruti Alto LX,2006.0,52000.0,120000.0,Petrol,Individual,Manual,Third Owner,20.0,Maruti,6000.0,Budget
Maruti Omni LPG CARGO BSIII W IMMOBILISER,2009.0,80000.0,60000.0,LPG,Individual,Manual,Second Owner,17.0,Maruti,3529.4117647058824,Budget
Maruti Alto LX,2012.0,140000.0,70000.0,Petrol,None,Manual,Second Owner,14.0,Maruti,5000.0,Budget
Hyundai Verna i (Petrol),2008.0,120000.0,90000.0,Petrol,Individual,Manual,Second Owner,18.0,Hyundai,5000.0,Budget
Ford Fiesta Classic 1.4 SXI Duratorq,2006.0,110000.0,120000.0,Diesel,None,Manual,Third Owner,20.0,Ford,6000.0,Budget
Toyota Etios VD,2016.0,450000.0,50000.0,Diesel,Individual,Manual,First Owner,10.0,Toyota,5000.0,Mid-Range
Mahindra XUV500 W7,2018.0,1150000.0,58000.0,Diesel,Individual,Manual,First Owner,8.0,Mahindra,7250.0,Luxury
Maruti Baleno Delta 1.3,2018.0,650000.0,15000.0,Diesel,Individual,Manual,First Owner,8.0,Maruti,1875.0,Luxury
Tata Nano Twist XT,2015.0,73000.0,57000.0,Petrol,Individual,Manual,First Owner,11.0,Tata,5181.818181818182,Budget
Maruti Swift VDI BSIV,2015.0,400000.0,87000.0,None,Individual,Manual,Third Owner,11.0,Maruti,7909.090909090909,Mid-Range
Renault KWID 1.0 RXT Optional,2017.0,300000.0,70000.0,Petrol,Individual,Manual,First Owner,9.0,Renault,7777.777777777777,Mid-Range
Maruti Wagon R AX,2012.0,300000.0,30000.0,Petrol,Individual,Automatic,Second Owner,14.0,Maruti,2142.8571428571427,Mid-Range
Hyundai Santro Xing GLS,2014.0,200000.0,100000.0,Petrol,Individual,Manual,Second Owner,12.0,Hyundai,8333.333333333334,Budget
Maruti Swift VXI,2019.0,580000.0,40000.0,Petrol,Individual,Manual,First Owner,7.0,Maruti,5714.285714285715,Mid-Range
Hyundai Grand i10 1.2 Kappa Asta,2017.0,550000.0,3917.0,Petrol,Individual,Manual,First Owner,9.0,Hyundai,435.22222222222223,Mid-Range
Mahindra Scorpio SLX 2.6 Turbo 8 Str,2007.0,190000.0,160000.0,Diesel,Individual,Manual,Second Owner,19.0,Mahindra,8421.052631578947,Budget
Tata Tiago 1.05 Revotorq XT Option,2017.0,450000.0,35000.0,Diesel,Individual,Manual,First Owner,9.0,Tata,3888.8888888888887,Mid-Range
Chevrolet Spark 1.0 LS,2014.0,220000.0,70000.0,Petrol,Individual,Manual,First Owner,12.0,Chevrolet,5833.333333333333,Budget
Maruti SX4 ZXI MT BSIV,2012.0,310000.0,69069.0,Petrol,Dealer,Manual,First Owner,14.0,Maruti,4933.5,Mid-Range
Hyundai Elite i20 Sportz Plus BSIV,2019.0,650000.0,13500.0,None,Individual,Manual,First Owner,7.0,Hyundai,1928.5714285714287,Luxury
Maruti Wagon R Stingray VXI,2014.0,300000.0,59059.0,Petrol,Dealer,Manual,First Owner,12.0,Maruti,4921.583333333333,Mid-Range
Hyundai Accent Executive,2013.0,200000.0,60000.0,Petrol,Individual,Manual,First Owner,13.0,Hyundai,4615.384615384615,Budget
Hyundai Verna Transform SX VTVT,2014.0,370000.0,55168.0,Petrol,Individual,Manual,Second Owner,12.0,Hyundai,4597.333333333333,Mid-Range
Hyundai i20 1.2 Sportz,2013.0,375000.0,41041.0,Petrol,Dealer,Manual,First Owner,13.0,Hyundai,3157.0,Mid-Range
Hyundai i10 Magna,2009.0,235000.0,67067.0,Petrol,Dealer,Manual,First Owner,17.0,Hyundai,3945.1176470588234,Budget
Hyundai i10 Sportz 1.2 AT,2013.0,345000.0,66066.0,Petrol,Dealer,Automatic,First Owner,13.0,Hyundai,5082.0,Mid-Range
Mahindra Quanto C8,2013.0,365000.0,60000.0,Diesel,Dealer,Manual,First Owner,13.0,Mahindra,4615.384615384615,Mid-Range
Hyundai Grand i10 Sportz,2014.0,400000.0,48000.0,Petrol,Individual,Manual,First Owner,12.0,Hyundai,4000.0,Mid-Range
Hyundai EON D Lite Plus,2015.0,250000.0,30000.0,Petrol,Individual,Manual,First Owner,11.0,Hyundai,2727.2727272727275,Mid-Range
Hyundai Verna SX CRDi AT,2012.0,465000.0,70070.0,Diesel,Dealer,Automatic,First Owner,14.0,Hyundai,5005.0,Mid-Range
Renault KWID RXT,2017.0,300000.0,10000.0,Petrol,Individual,Manual,First Owner,9.0,Renault,1111.111111111111,Mid-Range
Maruti Swift Dzire ZXI 1.2 BS IV,2018.0,655000.0,25000.0,Petrol,Individual,Manual,First Owner,8.0,Maruti,3125.0,Luxury
Maruti Wagon R LXI CNG,2016.0,350000.0,30000.0,CNG,Individual,Manual,Second Owner,10.0,Maruti,3000.0,Mid-Range
Hyundai i10 Sportz 1.2 AT,2015.0,500000.0,60000.0,Petrol,Dealer,Automatic,First Owner,11.0,Hyundai,5454.545454545455,Mid-Range
Hyundai Grand i10 AT Asta,2015.0,465000.0,63063.0,Petrol,Dealer,Automatic,First Owner,11.0,Hyundai,5733.0,Mid-Range
Maruti Omni MPI STD BSIV,2012.0,250000.0,90000.0,Petrol,Individual,Manual,First Owner,14.0,Maruti,6428.571428571428,Mid-Range
Hyundai Accent GLE 1,1999.0,60000.0,90000.0,None,Individual,Manual,Fourth & Above Owner,27.0,Hyundai,3333.3333333333335,Budget
Hyundai Getz GLX,2005.0,70000.0,60000.0,Petrol,Individual,Manual,Third Owner,21.0,Hyundai,2857.1428571428573,Budget
Chevrolet Sail Hatchback 1.2 LS,2016.0,250000.0,30000.0,Petrol,Individual,Manual,First Owner,10.0,Chevrolet,3000.0,Mid-Range
Hyundai EON Magna Plus,2016.0,229999.0,80000.0,Petrol,Individual,Manual,First Owner,10.0,Hyundai,8000.0,Budget
Chevrolet Optra Magnum 2.0 LS,2014.0,195000.0,60000.0,Diesel,Individual,Manual,First Owner,12.0,Chevrolet,5000.0,Budget
Datsun RediGO S,2016.0,270000.0,50000000.0,Petrol,Individual,Manual,First Owner,10.0,Datsun,5000000.0,Mid-Range
Honda WR-V i-DTEC VX,2014.0,650000.0,140000.0,Diesel,Individual,Manual,First Owner,12.0,Honda,11666.666666666666,Luxury
Hyundai i20 Asta 1.4 CRDi,2014.0,370000.0,80000.0,Diesel,Individual,Manual,First Owner,12.0,Hyundai,6666.666666666667,Mid-Range
Maruti Swift VDI Optional,2016.0,509999.0,40000.0,Diesel,Individual,Manual,First Owner,10.0,Maruti,4000.0,Mid-Range
Maruti Zen Estilo VXI BSIV,2011.0,280000.0,33000.0,Petrol,Individual,Manual,First Owner,15.0,Maruti,2200.0,Mid-Range
Renault KWID 1.0 RXT Optional,2014.0,300000.0,10500.0,Petrol,Individual,Manual,First Owner,12.0,Renault,875.0,Mid-Range
Mahindra Bolero 2011-2019 SLX,2013.0,400000.0,107000.0,Diesel,Individual,Manual,First Owner,13.0,Mahindra,8230.76923076923,Mid-Range
Hyundai i10 Sportz 1.2,2010.0,210000.0,60000.0,Petrol,Individual,Manual,Second Owner,16.0,Hyundai,3750.0,Budget
Hyundai Santro Xing XG eRLX Euro III,2006.0,90000.0,120000.0,Petrol,Individual,Manual,Second Owner,20.0,Hyundai,6000.0,Budget
Maruti Wagon R LXI BS IV,2010.0,222000.0,70000.0,Petrol,Individual,Manual,First Owner,16.0,Maruti,4375.0,Budget
Maruti Alto 800 LXI,2015.0,240000.0,60000.0,Petrol,Individual,Manual,Second Owner,11.0,Maruti,5454.545454545455,Budget
Toyota Etios Liva GD,2013.0,450000.0,70000.0,Diesel,Individual,Manual,First Owner,13.0,Toyota,5384.615384615385,Mid-Range
Ford Ecosport 1.5 Petrol Ambiente,2017.0,650000.0,6000.0,Petrol,Individual,Manual,First Owner,9.0,Ford,666.6666666666666,Luxury
Hyundai Verna SX Diesel,2010.0,200000.0,60000.0,Diesel,Dealer,Manual,Second Owner,16.0,Hyundai,3750.0,Budget
Hyundai Verna SX Diesel,2011.0,210000.0,72000.0,None,Dealer,Manual,First Owner,15.0,Hyundai,4800.0,Budget
Tata Nano Cx BSIV,2014.0,75000.0,9528.0,Petrol,Dealer,Manual,First Owner,12.0,Tata,794.0,Budget
Toyota Innova 2.5 G (Diesel) 8 Seater,2011.0,450000.0,135200.0,Diesel,Dealer,Manual,First Owner,15.0,Toyota,9013.333333333334,Mid-Range
Hyundai i20 1.2 Sportz,2011.0,220000.0,58000.0,Petrol,Dealer,Manual,First Owner,15.0,Hyundai,3866.6666666666665,Budget
Hyundai i20 Magna 1.4 CRDi (Diesel),2013.0,325000.0,78000.0,Diesel,Dealer,Manual,Second Owner,13.0,Hyundai,6000.0,Mid-Range
Ford EcoSport 1.5 Diesel Titanium Plus BSIV,2017.0,825000.0,35000.0,Diesel,Individual,Manual,First Owner,9.0,Ford,3888.8888888888887,Luxury
Hyundai Accent GLS,2007.0,125000.0,76000.0,Petrol,None,Manual,Third Owner,19.0,Hyundai,4000.0,Budget
Mahindra Xylo D2 BS IV,2014.0,434999.0,100000.0,Diesel,Individual,Manual,Third Owner,12.0,Mahindra,8333.333333333334,Mid-Range
Mahindra Scorpio SLE BSIV,2011.0,484999.0,99000.0,Diesel,Individual,Manual,Second Owner,15.0,Mahindra,6600.0,Mid-Range
Maruti Ritz VDi,2009.0,175000.0,80000.0,Diesel,Individual,Manual,Third Owner,17.0,Maruti,4705.882352941177,Budget
Honda Civic 1.8 S MT,2006.0,220000.0,120000.0,Petrol,Individual,Manual,Third Owner,20.0,Honda,6000.0,Budget
Honda BR-V i-VTEC VX MT,2020.0,1250000.0,1100.0,Petrol,Dealer,Manual,First Owner,6.0,Honda,183.33333333333334,Luxury
Maruti Omni E MPI STD BS IV,2017.0,215000.0,34000.0,Petrol,Dealer,Manual,First Owner,9.0,Maruti,3777.777777777778,Budget
Ford EcoSport 1.5 Diesel Titanium BSIV,2018.0,615000.0,15000.0,Diesel,Individual,Manual,First Owner,8.0,Ford,1875.0,Luxury
Chevrolet Beat Diesel PS,2012.0,130000.0,58000.0,Diesel,None,Manual,First Owner,14.0,Chevrolet,4142.857142857143,Budget
Tata Indigo CS eLX BS IV,2013.0,175000.0,50300.0,Diesel,Individual,Manual,First Owner,13.0,Tata,3869.230769230769,Budget
Tata Indigo CR4,2011.0,150000.0,70000.0,Diesel,Individual,Manual,Second Owner,15.0,Tata,4666.666666666667,Budget
Tata Indica Vista TDI LS,2011.0,195000.0,60000.0,Diesel,Individual,Manual,Third Owner,15.0,Tata,4000.0,Budget
Maruti Ertiga 1.5 VDI,2020.0,550000.0,90000.0,Diesel,Individual,Manual,First Owner,6.0,Maruti,15000.0,Mid-Range
Isuzu D-Max V-Cross Standard,2018.0,1500000.0,40000.0,Diesel,Individual,Manual,First Owner,8.0,Isuzu,5000.0,Luxury
Skoda Superb 1.8 TFSI MT,2010.0,400000.0,80000.0,Petrol,Individual,Manual,Second Owner,16.0,Skoda,5000.0,Mid-Range
Nissan Kicks XV Premium D BSIV,2019.0,1350000.0,15000.0,Diesel,Individual,Manual,First Owner,7.0,Nissan,2142.8571428571427,Luxury
Maruti Swift VDI BSIV,2011.0,290000.0,130000.0,Diesel,Individual,Manual,Second Owner,15.0,Maruti,8666.666666666666,Mid-Range
Mahindra Bolero Power Plus SLX,2014.0,700000.0,80000.0,Diesel,Individual,Manual,First Owner,12.0,Mahindra,6666.666666666667,Luxury
Maruti Alto 800 Base,2014.0,175000.0,40000.0,Petrol,Individual,Manual,First Owner,12.0,Maruti,3333.3333333333335,Budget
Volkswagen Ameo 1.5 TDI Highline 16 Alloy,2017.0,575000.0,80000.0,None,Individual,Manual,First Owner,9.0,Volkswagen,8888.888888888889,Mid-Range
Mahindra Xylo D4 BSIV,2013.0,350000.0,151624.0,Diesel,Individual,Manual,Second Owner,13.0,Mahindra,11663.384615384615,Mid-Range
Renault Duster 85PS Diesel RxL Optional,2012.0,450000.0,160000.0,Diesel,Individual,Manual,First Owner,14.0,Renault,11428.57142857143,Mid-Range
Hyundai Santro AT CNG,2005.0,130000.0,110000.0,CNG,Individual,Manual,Second Owner,21.0,Hyundai,5238.0952380952385,Budget
Maruti Swift VDI BSIV,2015.0,320000.0,74820.0,Diesel,Individual,Manual,First Owner,11.0,Maruti,6801.818181818182,Mid-Range
Mahindra XUV500 W6 2WD,2014.0,550000.0,82000.0,Diesel,Individual,Manual,First Owner,12.0,Mahindra,6833.333333333333,Mid-Range
Maruti Wagon R VXI BS IV,2015.0,370000.0,50000.0,Petrol,Individual,Manual,Second Owner,11.0,Maruti,4545.454545454545,Mid-Range
Chevrolet Beat LT,2010.0,114999.0,70000.0,Petrol,Individual,Manual,Second Owner,16.0,Chevrolet,4375.0,Budget
Ford Ecosport Sports Petrol,2020.0,1100000.0,1000.0,Petrol,Individual,Manual,First Owner,6.0,Ford,166.66666666666666,Luxury
Hyundai Tucson CRDi,2006.0,170000.0,170000.0,Diesel,Individual,Manual,First Owner,20.0,Hyundai,8500.0,Budget
Tata Indigo TDI,2008.0,80000.0,150000.0,Diesel,Individual,Manual,Third Owner,18.0,Tata,8333.333333333334,Budget
Ford EcoSport 1.5 Diesel Titanium BSIV,2014.0,950000.0,17000.0,None,Individual,Manual,First Owner,12.0,Ford,1416.6666666666667,Luxury
Maruti Swift Dzire VDI,2014.0,425000.0,150000.0,Diesel,Individual,Manual,First Owner,12.0,Maruti,12500.0,Mid-Range
Hyundai i20 Asta Option 1.4 CRDi,2015.0,500000.0,80000.0,Diesel,Individual,Manual,First Owner,11.0,Hyundai,7272.727272727273,Mid-Range
Hyundai Santro Xing XG eRLX Euro III,2005.0,70000.0,170000.0,Petrol,None,Manual,Third Owner,21.0,Hyundai,8095.238095238095,Budget
Honda Amaze S i-Dtech,2013.0,349000.0,120000.0,Diesel,Individual,Manual,First Owner,13.0,Honda,9230.76923076923,Mid-Range
Hyundai i20 1.2 Sportz,2012.0,330000.0,90000.0,Petrol,Individual,Manual,Third Owner,14.0,Hyundai,6428.571428571428,Mid-Range
Hyundai Santro Xing GLS,2014.0,120000.0,90000.0,Petrol,Individual,Manual,Third Owner,12.0,Hyundai,7500.0,Budget
Hyundai Verna 1.6 SX CRDi (O),2013.0,430000.0,60000.0,Diesel,Individual,Manual,Second Owner,13.0,Hyundai,4615.384615384615,Mid-Range
Maruti Swift VDI BSIV,2014.0,390000.0,90000.0,Diesel,Individual,Manual,First Owner,12.0,Maruti,7500.0,Mid-Range
Nissan Micra Diesel XV Primo,2012.0,225000.0,129000.0,Diesel,Individual,Manual,First Owner,14.0,Nissan,9214.285714285714,Budget
Mahindra Scorpio VLS AT 2.2 mHAWK,2010.0,350000.0,186000.0,Diesel,Individual,Manual,Second Owner,16.0,Mahindra,11625.0,Mid-Range
Tata Sumo LX,2009.0,100000.0,66778.0,Diesel,Individual,Manual,First Owner,17.0,Tata,3928.1176470588234,Budget
Hyundai i20 Sportz 1.4 CRDi,2014.0,315000.0,110000.0,Diesel,Individual,Manual,Second Owner,12.0,Hyundai,9166.666666666666,Mid-Range
Renault KWID RXT,2016.0,280000.0,40000.0,Petrol,Individual,Manual,First Owner,10.0,Renault,4000.0,Mid-Range
Hyundai Tucson 2.0 e-VGT 2WD MT,2017.0,1650000.0,55000.0,Diesel,Dealer,Manual,First Owner,9.0,Hyundai,6111.111111111111,Luxury
Hyundai EON Era Plus,2015.0,295000.0,21000.0,None,Dealer,Manual,First Owner,11.0,Hyundai,1909.090909090909,Mid-Range
Jaguar XF 5.0 Litre V8 Petrol,2012.0,2050000.0,66363.0,Petrol,Dealer,Automatic,Second Owner,14.0,Jaguar,4740.214285714285,Luxury
Hyundai Creta 1.6 VTVT AT SX Plus,2018.0,1475000.0,11700.0,Petrol,Dealer,Automatic,First Owner,8.0,Hyundai,1462.5,Luxury
Hyundai Verna VTVT 1.6 AT SX Option,2017.0,1100000.0,10000.0,Petrol,Individual,Automatic,First Owner,9.0,Hyundai,1111.111111111111,Luxury
Mercedes-Benz GL-Class 350 CDI Blue Efficiency,2014.0,4400000.0,100000.0,Diesel,Individual,Automatic,Second Owner,12.0,Mercedes-Benz,8333.333333333334,Luxury
Maruti Swift ZXI BSIV,2016.0,670000.0,7104.0,Petrol,Trustmark Dealer,Manual,First Owner,10.0,Maruti,710.4,Luxury
Maruti S-Cross Zeta DDiS 200 SH,2015.0,750000.0,45974.0,Diesel,Trustmark Dealer,Manual,First Owner,11.0,Maruti,4179.454545454545,Luxury
Hyundai Verna 1.6 VTVT SX,2015.0,760000.0,55340.0,Petrol,Trustmark Dealer,Manual,First Owner,11.0,Hyundai,5030.909090909091,Luxury
Renault Pulse RxL,2015.0,390000.0,61585.0,Diesel,Trustmark Dealer,Manual,First Owner,11.0,Renault,5598.636363636364,Mid-Range
Maruti Celerio VXI AMT BSIV,2014.0,450000.0,39415.0,Petrol,Trustmark Dealer,Automatic,Second Owner,12.0,Maruti,3284.5833333333335,Mid-Range
Honda Brio V MT,2014.0,425000.0,29654.0,Petrol,Trustmark Dealer,Manual,First Owner,12.0,Honda,2471.1666666666665,Mid-Range
Hyundai Creta 1.6 SX Automatic Diesel,2015.0,1150000.0,54634.0,Diesel,Trustmark Dealer,Automatic,Second Owner,11.0,Hyundai,4966.727272727273,Luxury
Honda City i VTEC V,2015.0,775000.0,66521.0,Petrol,Trustmark Dealer,Manual,First Owner,11.0,Honda,6047.363636363636,Luxury
Hyundai Elite i20 Asta Option CVT BSIV,2019.0,720000.0,3000.0,Petrol,Individual,Automatic,First Owner,7.0,Hyundai,428.57142857142856,Luxury
Tata Tiago 1.2 Revotron XZ,2018.0,539000.0,10000.0,None,Individual,Manual,First Owner,8.0,Tata,1250.0,Mid-Range
Maruti Celerio ZXI,2017.0,420000.0,50000.0,Petrol,Individual,Manual,First Owner,9.0,Maruti,5555.555555555556,Mid-Range
Maruti Omni E 8 Str STD,2014.0,85000.0,60000.0,Petrol,Individual,Manual,Third Owner,12.0,Maruti,5000.0,Budget
OpelCorsa 1.6Gls,2004.0,142000.0,73000.0,Petrol,Individual,Manual,First Owner,22.0,OpelCorsa,3318.181818181818,Budget
Hyundai EON D Lite,2014.0,180000.0,76000.0,Petrol,Individual,Manual,First Owner,12.0,Hyundai,6333.333333333333,Budget
Chevrolet Tavera Neo 3 Max 9 Str BSIII,2014.0,400000.0,120000.0,Diesel,Individual,Manual,Second Owner,12.0,Chevrolet,10000.0,Mid-Range
Mahindra Scorpio VLX 2WD ABS AT BSIII,2009.0,360000.0,170000.0,None,Individual,Automatic,Third Owner,17.0,Mahindra,10000.0,Mid-Range
Hyundai Santro Xing XG,2003.0,85000.0,110000.0,Petrol,Individual,Manual,Second Owner,23.0,Hyundai,4782.608695652174,Budget
Honda Brio 1.2 S MT,2016.0,350000.0,63400.0,Petrol,Individual,Manual,First Owner,10.0,Honda,6340.0,Mid-Range
Datsun GO Plus T BSIV,2015.0,380000.0,25000.0,Petrol,Individual,Manual,First Owner,11.0,Datsun,2272.7272727272725,Mid-Range
Hyundai i10 Era,2009.0,140000.0,80000.0,Petrol,Individual,Manual,Third Owner,17.0,Hyundai,4705.882352941177,Budget
Maruti Wagon R VXI BS IV,2012.0,200000.0,90000.0,Petrol,Individual,Manual,First Owner,14.0,Maruti,6428.571428571428,Budget
Tata Indica Vista Quadrajet LS,2012.0,150000.0,60000.0,Diesel,Individual,Manual,Second Owner,14.0,Tata,4285.714285714285,Budget
Maruti 800 Std BSII,2006.0,90000.0,60000.0,Petrol,Individual,Manual,Second Owner,20.0,Maruti,3000.0,Budget
Renault KWID RXT,2017.0,280000.0,50000.0,Petrol,Individual,Manual,First Owner,9.0,Renault,5555.555555555556,Mid-Range
Maruti Alto K10 2010-2014 VXI,2011.0,200000.0,40000.0,Petrol,Individual,Manual,First Owner,15.0,Maruti,2666.6666666666665,Budget
Chevrolet Aveo U-VA 1.2 LT WO ABS Airbag,2009.0,110000.0,38500.0,Petrol,Individual,Manual,Second Owner,17.0,Chevrolet,2264.705882352941,Budget
Hyundai i10 Magna,2008.0,140000.0,103921.0,Petrol,Individual,Manual,Second Owner,18.0,Hyundai,5773.388888888889,Budget
Hyundai Creta 1.4 EX Diesel,2020.0,1050000.0,10000.0,Diesel,Individual,Manual,First Owner,6.0,Hyundai,1666.6666666666667,Luxury
Honda BR-V i-DTEC VX MT,2014.0,910000.0,43377.0,Diesel,Dealer,Manual,First Owner,12.0,Honda,3614.75,Luxury
Ford Figo Diesel Titanium,2010.0,160000.0,102307.0,Diesel,Dealer,Manual,First Owner,16.0,Ford,6394.1875,Budget
Maruti Zen LX,2004.0,105000.0,79000.0,Petrol,Individual,Manual,Second Owner,22.0,Maruti,3590.909090909091,Budget
Renault KWID 1.0 RXT Optional,2014.0,300000.0,10500.0,Petrol,Individual,Manual,First Owner,12.0,Renault,875.0,Mid-Range
Maruti Wagon R LXI,2004.0,70000.0,90000.0,Petrol,Individual,Manual,Fourth & Above Owner,22.0,Maruti,4090.909090909091,Budget
Chevrolet Beat Diesel,2012.0,160000.0,60000.0,Diesel,Individual,Manual,First Owner,14.0,Chevrolet,4285.714285714285,Budget
Chevrolet Beat Diesel LS,2012.0,160000.0,50000.0,Diesel,Individual,Manual,First Owner,14.0,Chevrolet,3571.4285714285716,Budget
Chevrolet Sail Hatchback LT ABS,2013.0,225000.0,80000.0,Diesel,None,Manual,First Owner,13.0,Chevrolet,6153.846153846154,Budget
Honda Jazz 1.5 VX i DTEC,2018.0,790000.0,19571.0,Diesel,Dealer,Manual,First Owner,8.0,Honda,2446.375,Luxury
Honda City 1.3 EXI,2002.0,145000.0,100000.0,Petrol,Individual,Manual,First Owner,24.0,Honda,4166.666666666667,Budget
Ford EcoSport 1.5 Diesel Titanium Plus BSIV,2018.0,930000.0,20000.0,Diesel,Individual,Manual,First Owner,8.0,Ford,2500.0,Luxury
Hyundai EON D Lite,2016.0,210000.0,30000.0,Petrol,Individual,Manual,First Owner,10.0,Hyundai,3000.0,Budget
Hyundai Getz 1.5 CRDi GVS,2008.0,110000.0,154000.0,Diesel,Individual,Manual,Third Owner,18.0,Hyundai,8555.555555555555,Budget
Maruti Swift LXI,2011.0,175000.0,70000.0,Petrol,Individual,Manual,First Owner,15.0,Maruti,4666.666666666667,Budget
Maruti Vitara Brezza ZDi Plus AMT Dual Tone,2018.0,950000.0,15000.0,Diesel,Individual,Automatic,First Owner,8.0,Maruti,1875.0,Luxury
Maruti Alto LX BSIII,2008.0,85000.0,120000.0,Petrol,None,Manual,Second Owner,18.0,Maruti,6666.666666666667,Budget
Maruti Celerio LXI MT BSIV,2019.0,340000.0,50000.0,Petrol,Individual,Manual,First Owner,7.0,Maruti,7142.857142857143,Mid-Range
Toyota Etios 1.5 V,2016.0,509999.0,35000.0,Petrol,Individual,Manual,First Owner,10.0,Toyota,3500.0,Mid-Range
Renault Duster 85PS Diesel RxL,2013.0,450000.0,1000.0,Diesel,Dealer,Manual,Second Owner,13.0,Renault,76.92307692307692,Mid-Range
Mercedes-Benz C-Class Progressive C 220d,2018.0,3800000.0,10000.0,Diesel,Dealer,Automatic,First Owner,8.0,Mercedes-Benz,1250.0,Luxury
Audi A4 3.0 TDI Quattro,2013.0,1580000.0,86000.0,Diesel,Dealer,Automatic,First Owner,13.0,Audi,6615.384615384615,Luxury
BMW X5 xDrive 30d xLine,2019.0,4950000.0,30000.0,Diesel,Dealer,Automatic,First Owner,7.0,BMW,4285.714285714285,Luxury
Hyundai Creta 1.6 CRDi SX,2016.0,535000.0,52600.0,Diesel,Individual,Manual,First Owner,10.0,Hyundai,5260.0,Mid-Range
Hyundai Grand i10 1.2 Kappa Magna AT,2017.0,550000.0,19890.0,Petrol,Dealer,Automatic,First Owner,9.0,Hyundai,2210.0,Mid-Range
Maruti Ertiga VXI,2015.0,625000.0,11918.0,Petrol,None,Manual,First Owner,11.0,Maruti,1083.4545454545455,Luxury
Hyundai Grand i10 Magna AT,2017.0,520000.0,10510.0,Petrol,Dealer,Automatic,First Owner,9.0,Hyundai,1167.7777777777778,Mid-Range
Toyota Fortuner 4x2 AT,2014.0,2600000.0,47162.0,Diesel,Trustmark Dealer,Automatic,First Owner,12.0,Toyota,3930.1666666666665,Luxury
Maruti S-Cross Zeta DDiS 200 SH,2015.0,750000.0,45974.0,Diesel,Trustmark Dealer,Manual,First Owner,11.0,Maruti,4179.454545454545,Luxury
Hyundai i10 Magna,2012.0,229999.0,49824.0,Petrol,Dealer,Manual,First Owner,14.0,Hyundai,3558.8571428571427,Budget
Audi A6 2.0 TDI Premium Plus,2013.0,1300000.0,60000.0,None,Dealer,Automatic,First Owner,13.0,Audi,4615.384615384615,Luxury
Hyundai Santro GS,2005.0,80000.0,56580.0,Petrol,Dealer,Manual,First Owner,21.0,Hyundai,2694.285714285714,Budget
Skoda Laura Ambiente 2.0 TDI CR MT,2012.0,385000.0,52000.0,None,Dealer,Manual,First Owner,14.0,Skoda,3714.285714285714,Mid-Range
Hyundai Verna 1.6 VTVT SX,2015.0,760000.0,55340.0,Petrol,Trustmark Dealer,Manual,First Owner,11.0,Hyundai,5030.909090909091,Luxury
Maruti Swift Dzire VDI,2017.0,600000.0,46507.0,Diesel,Trustmark Dealer,Manual,First Owner,9.0,Maruti,5167.444444444444,Mid-Range
Renault Duster 85PS Diesel RxL,2013.0,450000.0,1000.0,Diesel,Dealer,Manual,Second Owner,13.0,Renault,76.92307692307692,Mid-Range
Mercedes-Benz C-Class Progressive C 220d,2018.0,3800000.0,10000.0,Diesel,Dealer,Automatic,First Owner,8.0,Mercedes-Benz,1250.0,Luxury
Audi A4 3.0 TDI Quattro,2013.0,1580000.0,86000.0,Diesel,Dealer,Automatic,First Owner,13.0,Audi,6615.384615384615,Luxury
Maruti SX4 Vxi BSIV,2012.0,225000.0,110000.0,Petrol,Individual,Manual,Second Owner,14.0,Maruti,7857.142857142857,Budget
Hyundai Grand i10 1.2 Kappa Magna AT,2017.0,550000.0,19890.0,Petrol,Dealer,Automatic,First Owner,9.0,Hyundai,2210.0,Mid-Range
Maruti Swift ZXI BSIV,2016.0,670000.0,7104.0,Petrol,Trustmark Dealer,Manual,First Owner,10.0,Maruti,710.4,Luxury
Maruti Ertiga VXI,2015.0,625000.0,11918.0,Petrol,Trustmark Dealer,Manual,First Owner,11.0,Maruti,1083.4545454545455,Luxury
Hyundai Grand i10 Magna AT,2017.0,520000.0,10510.0,Petrol,Dealer,Automatic,First Owner,9.0,Hyundai,1167.7777777777778,Mid-Range
Chevrolet Beat LT Option,2016.0,239000.0,41000.0,Petrol,Dealer,Manual,First Owner,10.0,Chevrolet,4100.0,Budget
Maruti S-Cross Zeta DDiS 200 SH,2015.0,750000.0,45974.0,Diesel,None,Manual,First Owner,11.0,Maruti,4179.454545454545,Luxury
Hyundai i10 Magna,2012.0,229999.0,49824.0,Petrol,Dealer,Manual,First Owner,14.0,Hyundai,3558.8571428571427,Budget
Audi A6 2.0 TDI Premium Plus,2013.0,1300000.0,58500.0,Diesel,Dealer,Automatic,First Owner,13.0,Audi,4500.0,Luxury
Hyundai Santro GS,2005.0,80000.0,56580.0,Petrol,Dealer,Manual,First Owner,21.0,Hyundai,2694.285714285714,Budget
Skoda Laura Ambiente 2.0 TDI CR MT,2012.0,385000.0,52000.0,Diesel,Dealer,Manual,First Owner,14.0,Skoda,3714.285714285714,Mid-Range
Hyundai Verna 1.6 VTVT SX,2015.0,760000.0,55340.0,Petrol,Trustmark Dealer,Manual,First Owner,11.0,Hyundai,5030.909090909091,Luxury
Maruti Swift Dzire VDI,2014.0,600000.0,46507.0,Diesel,Trustmark Dealer,Manual,First Owner,12.0,Maruti,3875.5833333333335,Mid-Range
Maruti Baleno Alpha 1.3,2017.0,650000.0,70000.0,Diesel,Individual,Manual,First Owner,9.0,Maruti,7777.777777777777,Luxury
Chevrolet Spark 1.0 LS,2011.0,140000.0,60000.0,Petrol,Individual,Manual,Second Owner,15.0,Chevrolet,4000.0,Budget
Maruti Alto LXi,2011.0,150000.0,70000.0,Petrol,Individual,Manual,First Owner,15.0,Maruti,4666.666666666667,Budget
Datsun GO Plus A Option Petrol,2018.0,450000.0,10000.0,Petrol,Individual,Manual,Second Owner,8.0,Datsun,1250.0,Mid-Range
Hyundai Accent CRDi,2006.0,170000.0,245244.0,Diesel,Individual,Manual,Fourth & Above Owner,20.0,Hyundai,12262.2,Budget
Renault KWID 1.0 RXT Optional,2017.0,400000.0,60000.0,Petrol,Individual,Manual,First Owner,9.0,Renault,6666.666666666667,Mid-Range
Tata Tiago 1.2 Revotron XE,2016.0,300000.0,30000.0,Petrol,Individual,Manual,First Owner,10.0,Tata,3000.0,Mid-Range
Maruti Alto 800 Base,2012.0,250000.0,8000.0,Petrol,Individual,Manual,First Owner,14.0,Maruti,571.4285714285714,Mid-Range
Tata Tigor 1.2 Revotron XM,2019.0,500000.0,10000.0,Petrol,Individual,Manual,First Owner,7.0,Tata,1428.5714285714287,Mid-Range
Nissan Sunny Diesel XL,2012.0,300000.0,110000.0,Diesel,Individual,Manual,First Owner,14.0,Nissan,7857.142857142857,Mid-Range
Hyundai Santro GS,2005.0,80000.0,56580.0,Petrol,Dealer,Manual,First Owner,21.0,Hyundai,2694.285714285714,Budget
Mahindra XUV500 AT W8 FWD,2015.0,740000.0,45000.0,Diesel,Dealer,Automatic,First Owner,11.0,Mahindra,4090.909090909091,Luxury
Hyundai Santro Xing XG,2005.0,70000.0,68500.0,Petrol,Dealer,Manual,First Owner,21.0,Hyundai,3261.904761904762,Budget
Hyundai Santro Sportz AMT,2019.0,484999.0,5007.0,Petrol,Dealer,Automatic,First Owner,7.0,Hyundai,715.2857142857143,Mid-Range
Nissan Micra Active XV S,2013.0,164000.0,60000.0,Petrol,Individual,Manual,First Owner,13.0,Nissan,4615.384615384615,Budget
Honda City 1.5 V AT,2008.0,140000.0,70000.0,Petrol,Individual,Automatic,First Owner,18.0,Honda,3888.8888888888887,Budget
Mercedes-Benz E-Class E250 CDI Elegance,2011.0,999000.0,49600.0,Diesel,Dealer,Automatic,First Owner,15.0,Mercedes-Benz,3306.6666666666665,Luxury
Maruti Alto LXI,2005.0,56000.0,23000.0,Petrol,Individual,Manual,Second Owner,21.0,Maruti,1095.2380952380952,Budget
BMW 7 Series 730Ld,2006.0,1050000.0,60000.0,Diesel,Dealer,Automatic,First Owner,20.0,BMW,3000.0,Luxury
Hyundai i10 Sportz 1.2,2011.0,235000.0,60000.0,Petrol,Dealer,Manual,First Owner,15.0,Hyundai,4000.0,Budget
Renault Duster 110PS Diesel RxL,2015.0,465000.0,41123.0,Diesel,Dealer,Manual,First Owner,11.0,Renault,3738.4545454545455,Mid-Range
Toyota Camry Hybrid 2.5,2017.0,1900000.0,20118.0,Petrol,Dealer,Automatic,First Owner,9.0,Toyota,2235.3333333333335,Luxury
Honda City i DTec SV,2014.0,450000.0,40000.0,Diesel,Dealer,Manual,First Owner,12.0,Honda,3333.3333333333335,Mid-Range
Volkswagen Jetta 2.0L TDI Highline,2015.0,790000.0,52517.0,Diesel,Dealer,Manual,First Owner,11.0,Volkswagen,4774.272727272727,Luxury
Mahindra Marazzo M2 8Str,2019.0,900000.0,60000.0,None,None,Manual,First Owner,7.0,Mahindra,8571.42857142857,Luxury
Ford Ecosport 1.5 DV5 MT Titanium Optional,2014.0,450000.0,99117.0,Diesel,Dealer,Manual,First Owner,12.0,Ford,8259.75,Mid-Range
Chevrolet Spark 1.0 LS,2009.0,135000.0,90000.0,Petrol,Individual,Manual,First Owner,17.0,Chevrolet,5294.117647058823,Budget
Maruti Celerio ZXI MT BSIV,2019.0,425000.0,3700.0,Petrol,Individual,Manual,First Owner,7.0,Maruti,528.5714285714286,Mid-Range
Tata Indica Vista Aqua 1.4 TDI,2011.0,90000.0,54000.0,Diesel,Individual,Manual,First Owner,15.0,Tata,3600.0,Budget
Hyundai EON Era Plus,2017.0,250000.0,19000.0,Petrol,Individual,Manual,First Owner,9.0,Hyundai,2111.1111111111113,Mid-Range
Maruti Swift Dzire VDI,2014.0,300000.0,60000.0,Diesel,Individual,Manual,First Owner,12.0,Maruti,5000.0,Mid-Range
Maruti Wagon R VXI BS IV,2014.0,275000.0,30000.0,Petrol,Individual,Manual,First Owner,12.0,Maruti,2500.0,Mid-Range
Honda BRV i-VTEC V MT,2017.0,600000.0,43500.0,Petrol,None,Manual,First Owner,9.0,Honda,4833.333333333333,Mid-Range
Renault KWID RXT,2016.0,270000.0,60000.0,Petrol,Individual,Manual,Second Owner,10.0,Renault,6000.0,Mid-Range
Renault KWID RXT Optional,2016.0,240000.0,70000.0,Petrol,Individual,Manual,Second Owner,10.0,Renault,7000.0,Budget
Skoda Octavia Elegance 2.0 TDI AT,2014.0,1200000.0,135000.0,Diesel,Individual,Automatic,Third Owner,12.0,Skoda,11250.0,Luxury
Chevrolet Beat Diesel LS,2012.0,160000.0,60000.0,Diesel,Individual,Manual,First Owner,14.0,Chevrolet,4285.714285714285,Budget
Honda Jazz 1.5 VX i DTEC,2018.0,790000.0,19571.0,Diesel,Dealer,Manual,First Owner,8.0,Honda,2446.375,Luxury
Honda City i-VTEC ZX,2018.0,1200000.0,29600.0,None,Dealer,Manual,First Owner,8.0,Honda,3700.0,Luxury
Maruti Swift LXI,2011.0,175000.0,70000.0,Petrol,Individual,Manual,First Owner,15.0,Maruti,4666.666666666667,Budget
Maruti Vitara Brezza ZDi Plus AMT Dual Tone,2018.0,950000.0,15000.0,Diesel,Individual,Automatic,First Owner,8.0,Maruti,1875.0,Luxury
Maruti Celerio LXI MT BSIV,2019.0,340000.0,50000.0,Petrol,Individual,Manual,First Owner,7.0,Maruti,7142.857142857143,Mid-Range
Renault Captur 1.5 Diesel RXT,2017.0,825000.0,13500.0,Diesel,Individual,Manual,First Owner,9.0,Renault,1500.0,Luxury
Audi A4 30 TFSI Technology,2018.0,3100000.0,60000.0,Petrol,Individual,Automatic,First Owner,8.0,Audi,7500.0,Luxury
Toyota Corolla Altis 1.8 VL AT,2010.0,350000.0,80000.0,Petrol,Individual,Automatic,Third Owner,16.0,Toyota,5000.0,Mid-Range
Honda Amaze VX Petrol BSIV,2018.0,690000.0,39000.0,Petrol,Dealer,Manual,First Owner,8.0,Honda,4875.0,Luxury
Honda Amaze VX Diesel BSIV,2018.0,790000.0,49000.0,Diesel,Dealer,Manual,First Owner,8.0,Honda,6125.0,Luxury
Hyundai Grand i10 Asta Option,2017.0,540000.0,60000.0,None,Individual,Manual,Second Owner,9.0,Hyundai,6666.666666666667,Mid-Range
Maruti Zen Estilo Sports,2008.0,140000.0,120000.0,None,Individual,Manual,First Owner,18.0,Maruti,6666.666666666667,Budget
Maruti Ertiga ZDI Plus,2014.0,1100000.0,30000.0,Diesel,Individual,Manual,First Owner,12.0,Maruti,2500.0,Luxury
Renault Lodgy 85PS RxL,2015.0,715000.0,35000.0,Diesel,None,Manual,First Owner,11.0,Renault,3181.818181818182,Luxury
Maruti Swift VXI,2013.0,370000.0,90000.0,Petrol,Individual,Manual,First Owner,13.0,Maruti,6923.076923076923,Mid-Range
Hyundai Verna CRDi ABS,2007.0,175000.0,80000.0,Diesel,Individual,Manual,Second Owner,19.0,Hyundai,4210.526315789473,Budget
Mercedes-Benz E-Class 230,1998.0,1000000.0,35000.0,Petrol,None,Automatic,Second Owner,28.0,Mercedes-Benz,1250.0,Luxury
Maruti Alto 800 LXI,2013.0,92800.0,25000.0,Petrol,Individual,Manual,Second Owner,13.0,Maruti,1923.076923076923,Budget
Tata Xenon XT EX 4X2,2014.0,291000.0,90000.0,Diesel,Individual,Manual,First Owner,12.0,Tata,7500.0,Mid-Range
Maruti Alto 800 LXI,2013.0,92800.0,25000.0,Petrol,Individual,Manual,Second Owner,13.0,Maruti,1923.076923076923,Budget
Maruti Omni 5 Str STD,1998.0,65000.0,60000.0,Petrol,Dealer,Manual,First Owner,28.0,Maruti,2142.8571428571427,Budget
Maruti Swift Dzire VDI,2015.0,650000.0,58000.0,Diesel,Individual,Manual,First Owner,11.0,Maruti,5272.727272727273,Luxury
Maruti Wagon R LX BS IV,2014.0,350000.0,40000.0,Petrol,Dealer,Manual,First Owner,12.0,Maruti,3333.3333333333335,Mid-Range
Maruti Wagon R LXI,2014.0,75000.0,60000.0,Petrol,Individual,Manual,Second Owner,12.0,Maruti,5000.0,Budget
Hyundai i20 Asta (o) 1.4 CRDi (Diesel),2012.0,440000.0,70000.0,Diesel,Dealer,Manual,First Owner,14.0,Hyundai,5000.0,Mid-Range
Hyundai Santro Xing GLS,2013.0,270000.0,60000.0,Petrol,Individual,Manual,First Owner,13.0,Hyundai,4615.384615384615,Mid-Range
Toyota Innova 2.5 V Diesel 7-seater,2014.0,1150000.0,60000.0,Diesel,Dealer,Manual,First Owner,12.0,Toyota,5000.0,Luxury
Mercedes-Benz B Class B180 Sports,2013.0,1100000.0,40000.0,Petrol,Individual,Automatic,Second Owner,13.0,Mercedes-Benz,3076.923076923077,Luxury
Skoda Fabia 1.2L Diesel Ambiente,2010.0,260000.0,150000.0,Diesel,Individual,Manual,First Owner,16.0,Skoda,9375.0,Mid-Range
Toyota Etios VD,2012.0,350000.0,140000.0,None,None,Manual,Third Owner,14.0,Toyota,10000.0,Mid-Range
Toyota Etios Liva VD,2015.0,480000.0,60000.0,Diesel,Individual,Manual,First Owner,11.0,Toyota,5454.545454545455,Mid-Range
Toyota Etios Liva GD,2012.0,345000.0,137250.0,Diesel,Individual,Manual,Second Owner,14.0,Toyota,9803.57142857143,Mid-Range
Mahindra Scorpio M2DI,2013.0,500000.0,110000.0,None,Individual,Manual,Second Owner,13.0,Mahindra,8461.538461538461,Mid-Range
Hyundai Verna CRDi 1.6 SX Option,2019.0,1295000.0,9000.0,Diesel,Dealer,Manual,First Owner,7.0,Hyundai,1285.7142857142858,Luxury
Volkswagen Vento 1.5 TDI Highline BSIV,2019.0,1350000.0,5400.0,Diesel,None,Manual,Test Drive Car,7.0,Volkswagen,771.4285714285714,Luxury
Hyundai Santro Asta,2018.0,515000.0,16000.0,Petrol,Dealer,Manual,First Owner,8.0,Hyundai,2000.0,Mid-Range
Ford Figo Aspire Titanium Plus Diesel,2019.0,894999.0,60000.0,Diesel,Dealer,Manual,Test Drive Car,7.0,Ford,8571.42857142857,Luxury
Renault Pulse RxZ Optional,2012.0,325000.0,47000.0,Diesel,Dealer,Manual,First Owner,14.0,Renault,3357.1428571428573,Mid-Range
Maruti Ciaz 1.4 Alpha,2018.0,925000.0,22000.0,Petrol,Individual,Manual,First Owner,8.0,Maruti,2750.0,Luxury
Tata Manza Club Class Quadrajet90 LX,2013.0,300000.0,60000.0,None,Individual,Manual,First Owner,13.0,Tata,4615.384615384615,Mid-Range
Toyota Camry M/t,2008.0,650000.0,75000.0,Petrol,Individual,Manual,Second Owner,18.0,Toyota,4166.666666666667,Luxury
Maruti Alto K10 LXI,2010.0,175000.0,64000.0,Petrol,Dealer,Manual,First Owner,16.0,Maruti,4000.0,Budget
Renault Duster 85PS Diesel RxZ,2017.0,600000.0,90000.0,Diesel,Individual,Manual,First Owner,9.0,Renault,10000.0,Mid-Range
Maruti Swift ZXI Plus,2018.0,700000.0,30000.0,Petrol,Individual,Manual,First Owner,8.0,Maruti,3750.0,Luxury
Toyota Corolla H3,2003.0,95000.0,120000.0,Petrol,None,Automatic,Second Owner,23.0,Toyota,5217.391304347826,Budget
Maruti Celerio ZXI,2019.0,490000.0,20000.0,Petrol,Dealer,Manual,First Owner,7.0,Maruti,2857.1428571428573,Mid-Range
Tata Safari DICOR 2.2 EX 4x2,2013.0,380000.0,100000.0,Diesel,Individual,Manual,First Owner,13.0,Tata,7692.307692307692,Mid-Range
Hyundai Grand i10 1.2 Kappa Sportz Dual Tone,2018.0,550000.0,31000.0,Petrol,Dealer,Manual,First Owner,8.0,Hyundai,3875.0,Mid-Range
Maruti Alto 800 LXI,2013.0,225000.0,47000.0,Petrol,Dealer,Manual,First Owner,13.0,Maruti,3615.3846153846152,Budget
Tata Nexon 1.2 Revotron XM,2018.0,570000.0,11200.0,Petrol,Individual,Manual,First Owner,8.0,Tata,1400.0,Mid-Range
Maruti Alto 800 LXI,2018.0,305000.0,35000.0,Petrol,Dealer,Manual,First Owner,8.0,Maruti,4375.0,Mid-Range
Maruti Wagon R Duo Lxi,2010.0,240000.0,50000.0,LPG,Dealer,Manual,First Owner,16.0,Maruti,3125.0,Budget
Maruti Ertiga SHVS VDI,2015.0,700000.0,55000.0,Diesel,Dealer,Manual,First Owner,11.0,Maruti,5000.0,Luxury
Maruti Omni E MPI STD BS IV,2018.0,288000.0,20000.0,Petrol,None,Manual,First Owner,8.0,Maruti,2500.0,Mid-Range
Mahindra Bolero B4,2017.0,800000.0,75000.0,Diesel,Dealer,Manual,First Owner,9.0,Mahindra,8333.333333333334,Luxury
Chevrolet Beat Diesel LT Option,2009.0,195000.0,57000.0,Diesel,Dealer,Manual,Second Owner,17.0,Chevrolet,3352.9411764705883,Budget
Renault Duster 85PS Diesel RxE,2013.0,450000.0,73000.0,Diesel,Dealer,Manual,First Owner,13.0,Renault,5615.384615384615,Mid-Range
Maruti Swift Dzire VDI,2016.0,630000.0,65000.0,Diesel,Dealer,Manual,First Owner,10.0,Maruti,6500.0,Luxury
Maruti Swift 1.3 VXi,2009.0,250000.0,62000.0,Petrol,Dealer,Manual,Second Owner,17.0,Maruti,3647.0588235294117,Mid-Range
Hyundai Santro GLS I - Euro II,2007.0,135000.0,85000.0,Petrol,Dealer,Manual,First Owner,19.0,Hyundai,4473.684210526316,Budget
Chevrolet Spark 1.0 PS,2010.0,110000.0,73000.0,Petrol,Individual,Manual,First Owner,16.0,Chevrolet,4562.5,Budget
Maruti Swift ZDi,2012.0,350000.0,55000.0,None,Dealer,Manual,First Owner,14.0,Maruti,3928.5714285714284,Mid-Range
Toyota Innova 2.5 V Diesel 8-seater,2009.0,350000.0,350000.0,Diesel,Individual,Manual,First Owner,17.0,Toyota,20588.235294117647,Mid-Range
Maruti Swift ZXI Plus,2018.0,600000.0,30000.0,Petrol,Individual,Manual,First Owner,8.0,Maruti,3750.0,Mid-Range
Maruti Swift Dzire VDI,2018.0,750000.0,20000.0,Diesel,Individual,Manual,First Owner,8.0,Maruti,2500.0,Luxury
Maruti Alto LXi,2007.0,90000.0,100000.0,Petrol,Individual,Manual,Second Owner,19.0,Maruti,5263.1578947368425,Budget
Maruti Wagon R Stingray VXI,2013.0,350000.0,65000.0,Petrol,Individual,Manual,First Owner,13.0,Maruti,5000.0,Mid-Range
Ford Figo Diesel Celebration Edition,2013.0,285000.0,90000.0,Diesel,Individual,Manual,Second Owner,13.0,Ford,6923.076923076923,Mid-Range
Toyota Innova 2.5 E Diesel MS 7-seater,2011.0,665000.0,267000.0,Diesel,Individual,Manual,Second Owner,15.0,Toyota,17800.0,Luxury
Mahindra Scorpio 2.6 CRDe,2005.0,175000.0,250000.0,Diesel,None,Manual,Second Owner,21.0,Mahindra,11904.761904761905,Budget
Mahindra Xylo D2,2011.0,350000.0,140000.0,Diesel,Individual,Manual,Second Owner,15.0,Mahindra,9333.333333333334,Mid-Range
Honda City i-VTEC CVT ZX,2018.0,1225000.0,22000.0,Petrol,Dealer,Automatic,First Owner,8.0,Honda,2750.0,Luxury
Honda Jazz Select Edition Active,2010.0,285000.0,60000.0,Petrol,Dealer,Manual,Second Owner,16.0,Honda,3750.0,Mid-Range
Honda City i-VTEC VX,2018.0,1000000.0,28635.0,Petrol,Dealer,Manual,First Owner,8.0,Honda,3579.375,Luxury
Honda Amaze VX Diesel BSIV,2018.0,780000.0,60000.0,Diesel,Dealer,Manual,First Owner,8.0,Honda,7500.0,Luxury
Maruti Celerio VXI,2014.0,300000.0,82000.0,Petrol,None,Manual,Second Owner,12.0,Maruti,6833.333333333333,Mid-Range
Maruti Swift VXI BSIII,2006.0,160000.0,95149.0,Petrol,Dealer,Manual,Second Owner,20.0,Maruti,4757.45,Budget
Honda Amaze VX i-VTEC,2018.0,625000.0,68458.0,Petrol,Dealer,Manual,First Owner,8.0,Honda,8557.25,Luxury
Maruti Ritz VXi,2010.0,265000.0,42000.0,Petrol,Individual,Manual,First Owner,16.0,Maruti,2625.0,Mid-Range
Maruti Alto LXi,2014.0,140000.0,80000.0,Petrol,Individual,Manual,Second Owner,12.0,Maruti,6666.666666666667,Budget
Toyota Innova 2.5 GX (Diesel) 7 Seater,2015.0,940000.0,60000.0,Diesel,Individual,Manual,First Owner,11.0,Toyota,5454.545454545455,Luxury
Nissan Terrano XV Premium 110 PS,2013.0,750000.0,80000.0,Diesel,Individual,Manual,First Owner,13.0,Nissan,6153.846153846154,Luxury
Toyota Etios Liva GD,2012.0,409999.0,60000.0,Diesel,Individual,Manual,First Owner,14.0,Toyota,4285.714285714285,Mid-Range
Hyundai EON 1.0 Era Plus,2018.0,100000.0,21302.0,Petrol,Individual,Manual,First Owner,8.0,Hyundai,2662.75,Budget
Mahindra TUV 300 T8,2017.0,650000.0,80000.0,Diesel,Individual,Manual,First Owner,9.0,Mahindra,8888.888888888889,Luxury
Hyundai Getz 1.3 GLS,2010.0,150000.0,105546.0,None,Individual,Manual,First Owner,16.0,Hyundai,6596.625,Budget
Toyota Etios Liva 1.2 V,2018.0,500000.0,10000.0,Petrol,Individual,Manual,First Owner,8.0,Toyota,1250.0,Mid-Range
Toyota Innova 2.5 GX 7 STR BSIV,2012.0,1000000.0,80000.0,Diesel,Individual,Manual,Second Owner,14.0,Toyota,5714.285714285715,Luxury
Hyundai i20 Magna Optional 1.2,2013.0,340000.0,35000.0,Petrol,Individual,Manual,First Owner,13.0,Hyundai,2692.3076923076924,Mid-Range
Hyundai Elite i20 Asta Option BSIV,2019.0,800000.0,11240.0,Petrol,None,Manual,First Owner,7.0,Hyundai,1605.7142857142858,Luxury
Toyota Innova 2.5 G (Diesel) 8 Seater,2013.0,1010000.0,120000.0,Diesel,Individual,Manual,First Owner,13.0,Toyota,9230.76923076923,Luxury
Toyota Etios GD,2011.0,350000.0,120000.0,Diesel,Individual,Manual,Third Owner,15.0,Toyota,8000.0,Mid-Range
Maruti Swift VDI BSIV,2016.0,595000.0,70000.0,Diesel,Individual,Manual,First Owner,10.0,Maruti,7000.0,Mid-Range
Mahindra Scorpio VLX 2WD BSIV,2014.0,700000.0,130000.0,Diesel,Individual,Manual,Third Owner,12.0,Mahindra,10833.333333333334,Luxury
Maruti Alto K10 VXI,2015.0,320000.0,60000.0,None,Individual,Manual,Second Owner,11.0,Maruti,5454.545454545455,Mid-Range
Honda City 1.5 S MT,2011.0,310000.0,110000.0,Petrol,Individual,Manual,First Owner,15.0,Honda,7333.333333333333,Mid-Range
Honda City i DTEC VX,2014.0,700000.0,130000.0,Diesel,Individual,Manual,First Owner,12.0,Honda,10833.333333333334,Luxury
Maruti Alto LXi BSIII,2009.0,130000.0,80000.0,Petrol,Individual,Manual,Second Owner,17.0,Maruti,4705.882352941177,Budget
Maruti Swift Dzire VDi,2009.0,150000.0,60000.0,Diesel,Individual,Manual,Second Owner,17.0,Maruti,3529.4117647058824,Budget
Honda Amaze E i-Dtech,2015.0,300000.0,104000.0,Diesel,Individual,Manual,Second Owner,11.0,Honda,9454.545454545454,Mid-Range
Maruti Swift Dzire LXi,2014.0,150000.0,100000.0,Petrol,Individual,Manual,Second Owner,12.0,Maruti,8333.333333333334,Budget
Honda City 1.3 EXI,2003.0,120000.0,132343.0,Petrol,Individual,Manual,First Owner,23.0,Honda,5754.04347826087,Budget
Hyundai Creta 1.4 CRDi S Plus,2016.0,950000.0,90000.0,Diesel,Individual,Manual,Second Owner,10.0,Hyundai,9000.0,Luxury
Maruti Wagon R VXI BS IV,2007.0,100000.0,60000.0,Petrol,Individual,Manual,Second Owner,19.0,Maruti,3157.8947368421054,Budget
Honda Jazz 1.5 SV i DTEC,2015.0,450000.0,76000.0,Diesel,Individual,Manual,First Owner,11.0,Honda,6909.090909090909,Mid-Range
Mahindra Renault Logan 1.6 Petrol GLSX,2009.0,200000.0,30000.0,Petrol,Individual,Manual,Second Owner,17.0,Mahindra,1764.7058823529412,Budget
Tata Indigo LS,2010.0,250000.0,96000.0,Diesel,Individual,Manual,Second Owner,16.0,Tata,6000.0,Mid-Range
Mahindra Marazzo M8 8Str,2018.0,1300000.0,10000.0,None,None,Manual,First Owner,8.0,Mahindra,1250.0,Luxury
Honda Amaze VX O iDTEC,2017.0,550000.0,12997.0,Diesel,Dealer,Manual,First Owner,9.0,Honda,1444.111111111111,Mid-Range
Maruti Ciaz 1.4 AT Zeta,2017.0,500000.0,60000.0,Petrol,Individual,Automatic,First Owner,9.0,Maruti,6666.666666666667,Mid-Range
Hyundai Verna CRDi 1.6 SX Option,2018.0,1150000.0,26430.0,Diesel,Dealer,Manual,First Owner,8.0,Hyundai,3303.75,Luxury
Maruti Swift 1.3 VXI ABS,2015.0,475000.0,24600.0,Petrol,Dealer,Manual,First Owner,11.0,Maruti,2236.3636363636365,Mid-Range
Maruti Wagon R LXI,2011.0,260000.0,60000.0,Petrol,Dealer,Manual,First Owner,15.0,Maruti,4000.0,Mid-Range
Ford Ecosport 1.0 Ecoboost Titanium Optional,2013.0,350000.0,100000.0,Petrol,Individual,Manual,First Owner,13.0,Ford,7692.307692307692,Mid-Range
Mahindra XUV500 W8 2WD,2013.0,750000.0,41988.0,Diesel,Dealer,Manual,First Owner,13.0,Mahindra,3229.846153846154,Luxury
Maruti Wagon R LXI,2009.0,180000.0,30375.0,Petrol,Dealer,Manual,First Owner,17.0,Maruti,1786.764705882353,Budget
Renault KWID Climber 1.0 AMT BSIV,2017.0,350000.0,7658.0,Petrol,Dealer,Automatic,First Owner,9.0,Renault,850.8888888888889,Mid-Range
Maruti Swift Dzire VDI,2017.0,611000.0,34400.0,Diesel,Dealer,Manual,First Owner,9.0,Maruti,3822.222222222222,Luxury
Renault KWID RXL BSIV,2017.0,325000.0,18500.0,Petrol,Dealer,Manual,First Owner,9.0,Renault,2055.5555555555557,Mid-Range
Maruti Alto VXi,2014.0,280000.0,26134.0,Petrol,Dealer,Manual,First Owner,12.0,Maruti,2177.8333333333335,Mid-Range
Maruti Wagon R AMT VXI,2014.0,300000.0,28942.0,Petrol,Dealer,Automatic,First Owner,12.0,Maruti,2411.8333333333335,Mid-Range
Mahindra XUV500 W8 2WD,2012.0,711000.0,53600.0,Diesel,Dealer,Manual,First Owner,14.0,Mahindra,3828.5714285714284,Luxury
Toyota Innova 2.5 G (Diesel) 8 Seater,2015.0,851000.0,53652.0,Diesel,None,Manual,First Owner,11.0,Toyota,4877.454545454545,Luxury
Hyundai Verna SX Diesel,2013.0,550000.0,42324.0,Diesel,Dealer,Manual,Second Owner,13.0,Hyundai,3255.6923076923076,Mid-Range
Mahindra XUV500 W10 1.99 mHawk,2016.0,1044999.0,65000.0,Diesel,Dealer,Manual,First Owner,10.0,Mahindra,6500.0,Luxury
Maruti Wagon R VXI BS IV,2014.0,210000.0,70000.0,Petrol,Individual,Manual,Second Owner,12.0,Maruti,5833.333333333333,Budget
Maruti Wagon R VXI BS IV,2014.0,210000.0,70000.0,Petrol,Individual,Manual,First Owner,12.0,Maruti,5833.333333333333,Budget
Fiat 500 Lounge,2014.0,250999.0,110000.0,Diesel,Individual,Manual,First Owner,12.0,Fiat,9166.666666666666,Mid-Range
Renault Triber RXT BSIV,2014.0,600000.0,10300.0,Petrol,Individual,Manual,First Owner,12.0,Renault,858.3333333333334,Mid-Range
Fiat Grande Punto EVO 1.3 Active,2014.0,270000.0,120000.0,Diesel,Individual,Manual,Second Owner,12.0,Fiat,10000.0,Mid-Range
Tata New Safari 4X4 EX,2012.0,550000.0,142000.0,Diesel,Individual,Manual,First Owner,14.0,Tata,10142.857142857143,Mid-Range
Mahindra TUV 300 mHAWK100 T8,2017.0,800000.0,25000.0,Diesel,Individual,Manual,First Owner,9.0,Mahindra,2777.777777777778,Luxury
Tata Altroz XE,2020.0,500000.0,5000.0,Petrol,Individual,Manual,First Owner,6.0,Tata,833.3333333333334,Mid-Range
Hyundai Creta 1.6 CRDi SX,2016.0,535000.0,60000.0,Diesel,Individual,Manual,First Owner,10.0,Hyundai,6000.0,Mid-Range
Hyundai Grand i10 1.2 Kappa Sportz BSIV,2016.0,396000.0,60000.0,Petrol,Dealer,Manual,First Owner,10.0,Hyundai,6000.0,Mid-Range
Honda City i DTEC VX,2014.0,600000.0,50000.0,Diesel,Individual,Manual,First Owner,12.0,Honda,4166.666666666667,Mid-Range
Maruti Wagon R ZXI 1.2,2019.0,575000.0,30000.0,Petrol,Dealer,Manual,First Owner,7.0,Maruti,4285.714285714285,Mid-Range
Hyundai Santro Sportz BSIV,2020.0,520000.0,5000.0,Petrol,Individual,Manual,First Owner,6.0,Hyundai,833.3333333333334,Mid-Range
Mahindra XUV500 AT W10 FWD,2018.0,1400000.0,30000.0,Diesel,Individual,Automatic,First Owner,8.0,Mahindra,3750.0,Luxury
Maruti Baleno Delta Automatic,2018.0,600000.0,7600.0,Petrol,Individual,Automatic,First Owner,8.0,Maruti,950.0,Mid-Range
Chevrolet Beat Diesel LS,2013.0,195000.0,47253.0,Diesel,Dealer,Manual,First Owner,13.0,Chevrolet,3634.846153846154,Budget
Maruti Alto K10 VXI AGS,2015.0,281000.0,4432.0,None,Dealer,Automatic,Second Owner,11.0,Maruti,402.90909090909093,Mid-Range
Hyundai Grand i10 Sportz,2014.0,400000.0,25000.0,Petrol,Individual,Manual,First Owner,12.0,Hyundai,2083.3333333333335,Mid-Range
Tata Indica Vista Terra 1.4 TDI,2009.0,93000.0,70000.0,None,Individual,Manual,First Owner,17.0,Tata,4117.64705882353,Budget
Hyundai i20 Active S Petrol,2016.0,560000.0,68523.0,Petrol,Dealer,Manual,First Owner,10.0,Hyundai,6852.3,Mid-Range
Hyundai EON 1.0 Era Plus,2019.0,400000.0,5000.0,Petrol,Individual,Manual,First Owner,7.0,Hyundai,714.2857142857143,Mid-Range
Tata Tigor 1.2 Revotron XT,2018.0,459999.0,40000.0,Petrol,Individual,Manual,First Owner,8.0,Tata,5000.0,Mid-Range
Hyundai Xcent 1.2 CRDi E,2017.0,450000.0,43000.0,None,Individual,Manual,First Owner,9.0,Hyundai,4777.777777777777,Mid-Range
Maruti Alto Green LXi (CNG),2010.0,88000.0,80251.0,CNG,Dealer,Manual,Second Owner,16.0,Maruti,5015.6875,Budget
Hyundai i20 1.2 Era,2010.0,250000.0,34500.0,Petrol,Individual,Manual,Second Owner,16.0,Hyundai,2156.25,Mid-Range
Ford Ikon 1.4 ZXi,2000.0,22000.0,42743.0,Petrol,Dealer,Manual,Third Owner,26.0,Ford,1643.9615384615386,Budget
Chevrolet Beat Diesel LS,2013.0,130000.0,60000.0,None,Individual,Manual,Second Owner,13.0,Chevrolet,4615.384615384615,Budget
Maruti Zen VXi - BS III,2004.0,79000.0,80000.0,Petrol,Individual,Manual,First Owner,22.0,Maruti,3636.3636363636365,Budget
Chevrolet Beat Diesel LS,2012.0,120000.0,110000.0,Diesel,None,Manual,First Owner,14.0,Chevrolet,7857.142857142857,Budget
Chevrolet Optra Magnum 2.0 LT,2012.0,300000.0,60000.0,Diesel,Individual,Manual,First Owner,14.0,Chevrolet,4285.714285714285,Mid-Range
Chevrolet Optra Magnum 2.0 LT,2012.0,300000.0,25000.0,Diesel,Individual,Manual,First Owner,14.0,Chevrolet,1785.7142857142858,Mid-Range
Maruti A-Star Lxi,2009.0,145000.0,25000.0,Petrol,Individual,Manual,First Owner,17.0,Maruti,1470.5882352941176,Budget
Ford Endeavour 3.2 Titanium AT 4X4,2019.0,3200000.0,20000.0,Diesel,Individual,Automatic,First Owner,7.0,Ford,2857.1428571428573,Luxury
Chevrolet Spark 1.0 LT,2013.0,240000.0,10000.0,Petrol,Individual,Manual,First Owner,13.0,Chevrolet,769.2307692307693,Budget
Honda WR-V i-DTEC VX,2018.0,700000.0,30000.0,Diesel,Individual,Manual,First Owner,8.0,Honda,3750.0,Luxury
Hyundai Accent GLX,2010.0,145000.0,110000.0,Petrol,Individual,Manual,Second Owner,16.0,Hyundai,6875.0,Budget
Maruti Ertiga VDI Limited Edition,2014.0,535000.0,80000.0,Diesel,Individual,Manual,Second Owner,12.0,Maruti,6666.666666666667,Mid-Range
Mahindra KUV 100 mFALCON G80 K2 Plus,2016.0,420000.0,21000.0,Petrol,Individual,Manual,First Owner,10.0,Mahindra,2100.0,Mid-Range
Maruti Alto K10 VXI,2016.0,350000.0,20000.0,Petrol,Individual,Manual,First Owner,10.0,Maruti,2000.0,Mid-Range
Mitsubishi Montero 3.2 MT,2007.0,750000.0,180000.0,Diesel,Individual,Manual,First Owner,19.0,Mitsubishi,9473.684210526315,Luxury
Tata Indica Vista Aqua 1.3 Quadrajet ABS BSIV,2012.0,198000.0,70000.0,Diesel,Individual,Manual,Second Owner,14.0,Tata,5000.0,Budget
Hyundai i20 Magna Optional 1.4 CRDi,2013.0,420000.0,50000.0,Diesel,Individual,Manual,First Owner,13.0,Hyundai,3846.153846153846,Mid-Range
Hyundai i20 Magna Optional 1.4 CRDi,2014.0,420000.0,50000.0,Diesel,Individual,Manual,First Owner,12.0,Hyundai,4166.666666666667,Mid-Range
Ford Endeavour 4x2 XLT,2004.0,195000.0,120000.0,Diesel,Individual,Manual,First Owner,22.0,Ford,5454.545454545455,Budget
Nissan Micra XL,2011.0,275000.0,40000.0,Petrol,Individual,Manual,Second Owner,15.0,Nissan,2666.6666666666665,Mid-Range
Maruti 800 Std,2001.0,65000.0,60000.0,Petrol,Individual,Manual,Third Owner,25.0,Maruti,2400.0,Budget
Maruti Swift LXi BSIV,2008.0,200000.0,50000.0,None,Individual,Manual,First Owner,18.0,Maruti,2777.777777777778,Budget
Maruti Swift Dzire VDi,2010.0,250000.0,110000.0,Diesel,Individual,Manual,Second Owner,16.0,Maruti,6875.0,Mid-Range
Renault Duster 85PS Diesel RxL,2013.0,450000.0,1000.0,Diesel,Dealer,Manual,Second Owner,13.0,Renault,76.92307692307692,Mid-Range
Maruti Ignis 1.3 Delta,2018.0,590000.0,60000.0,Diesel,Dealer,Manual,First Owner,8.0,Maruti,7500.0,Mid-Range
Maruti SX4 Vxi BSIV,2012.0,225000.0,110000.0,Petrol,Individual,Manual,Second Owner,14.0,Maruti,7857.142857142857,Budget
Tata Indigo CS LX (TDI) BS-III,2015.0,225000.0,68745.0,Diesel,Dealer,Manual,First Owner,11.0,Tata,6249.545454545455,Budget
Maruti Alto 800 LXI,2006.0,165000.0,132000.0,Petrol,Individual,Manual,First Owner,20.0,Maruti,6600.0,Budget
Mahindra Bolero Power Plus SLX,2019.0,860000.0,35000.0,Diesel,Individual,Manual,First Owner,7.0,Mahindra,5000.0,Luxury
Mahindra XUV500 W6 2WD,2016.0,900000.0,47000.0,Diesel,Individual,Manual,First Owner,10.0,Mahindra,4700.0,Luxury
Tata Indica Vista Terra 1.4 TDI,2010.0,100000.0,80000.0,Diesel,None,Manual,First Owner,16.0,Tata,5000.0,Budget
Hyundai Santro Xing XL eRLX Euro III,2006.0,100000.0,40000.0,Petrol,Individual,Manual,Second Owner,20.0,Hyundai,2000.0,Budget
Maruti Alto K10 VXI AGS,2017.0,375000.0,27289.0,None,Dealer,Automatic,First Owner,9.0,Maruti,3032.1111111111113,Mid-Range
Tata Tiago XZA AMT,2018.0,525000.0,10980.0,Petrol,Dealer,Automatic,First Owner,8.0,Tata,1372.5,Mid-Range
Maruti Swift Dzire VDI,2013.0,525000.0,37000.0,Diesel,Dealer,Manual,First Owner,13.0,Maruti,2846.153846153846,Mid-Range
Nissan Evalia XV,2014.0,650000.0,28245.0,Diesel,Dealer,Manual,First Owner,12.0,Nissan,2353.75,Luxury
Hyundai Grand i10 1.2 CRDi Sportz Option,2017.0,575000.0,27005.0,Diesel,Dealer,Manual,First Owner,9.0,Hyundai,3000.5555555555557,Mid-Range
Hyundai i10 Magna,2014.0,355000.0,39227.0,Petrol,Dealer,Manual,First Owner,12.0,Hyundai,3268.9166666666665,Mid-Range
Mahindra KUV 100 D75 K4 Plus 5Str,2016.0,470000.0,31367.0,Diesel,Dealer,Manual,First Owner,10.0,Mahindra,3136.7,Mid-Range
Maruti Wagon R LXI,2008.0,221000.0,35008.0,Petrol,Dealer,Manual,First Owner,18.0,Maruti,1944.888888888889,Budget
Maruti Zen VX,2001.0,85000.0,86000.0,Petrol,Individual,Manual,Second Owner,25.0,Maruti,3440.0,Budget
Maruti Swift VDI,2013.0,400000.0,50000.0,Diesel,Individual,Manual,First Owner,13.0,Maruti,3846.153846153846,Mid-Range
Maruti Baleno Delta 1.3,2017.0,650000.0,20000.0,None,Individual,Manual,First Owner,9.0,Maruti,2222.222222222222,Luxury
Hyundai i10 Magna 1.2,2010.0,400000.0,50000.0,Petrol,Individual,Manual,First Owner,16.0,Hyundai,3125.0,Mid-Range
Maruti Omni LPG STD BSIV,2006.0,60000.0,135000.0,LPG,Individual,Manual,Fourth & Above Owner,20.0,Maruti,6750.0,Budget
Maruti Zen D PS,2003.0,110000.0,120000.0,Diesel,Individual,Manual,Third Owner,23.0,Maruti,5217.391304347826,Budget
Fiat Linea 1.3 Multijet Emotion,2015.0,550000.0,113600.0,Diesel,Individual,Manual,First Owner,11.0,Fiat,10327.272727272728,Mid-Range
Ford Aspire Titanium Plus Diesel BSIV,2018.0,861999.0,20000.0,Diesel,Dealer,Manual,First Owner,8.0,Ford,2500.0,Luxury
Ford Aspire Titanium Plus BSIV,2018.0,782000.0,14000.0,Petrol,Dealer,Manual,First Owner,8.0,Ford,1750.0,Luxury
Ford Freestyle Titanium Plus Diesel BSIV,2018.0,836000.0,26000.0,Diesel,Dealer,Manual,First Owner,8.0,Ford,3250.0,Luxury
Honda City i VTEC V,2016.0,696000.0,138925.0,Petrol,Dealer,Manual,First Owner,10.0,Honda,13892.5,Luxury
Honda Jazz 1.5 VX i DTEC,2016.0,596000.0,121764.0,Diesel,Dealer,Manual,First Owner,10.0,Honda,12176.4,Mid-Range
Honda Jazz 1.2 VX i VTEC,2016.0,612000.0,105429.0,Petrol,Dealer,Manual,First Owner,10.0,Honda,10542.9,Luxury
Maruti Alto 800 LXI,2015.0,114999.0,35000.0,Petrol,Individual,Manual,First Owner,11.0,Maruti,3181.818181818182,Budget
Tata Bolt Quadrajet XE,2014.0,340000.0,60000.0,Diesel,Individual,Manual,First Owner,12.0,Tata,5000.0,Mid-Range
Maruti Swift ZXI Plus,2020.0,550000.0,5000.0,Petrol,Individual,Manual,First Owner,6.0,Maruti,833.3333333333334,Mid-Range
Chevrolet Aveo U-VA 1.2 LT,2008.0,114999.0,70000.0,Petrol,Individual,Manual,Third Owner,18.0,Chevrolet,3888.8888888888887,Budget
Maruti Wagon R VXI,2000.0,105000.0,80000.0,Petrol,Individual,Manual,First Owner,26.0,Maruti,3076.923076923077,Budget
Maruti Vitara Brezza ZDi,2019.0,890000.0,20000.0,Diesel,Individual,Manual,First Owner,7.0,Maruti,2857.1428571428573,Luxury
Hyundai i20 Asta (o),2014.0,525000.0,54000.0,Petrol,Dealer,Manual,Second Owner,12.0,Hyundai,4500.0,Mid-Range
Volkswagen Jetta 2.0L TDI Highline AT,2012.0,735000.0,55300.0,None,Dealer,Automatic,First Owner,14.0,Volkswagen,3950.0,Luxury
Honda Amaze S i-VTEC,2014.0,495000.0,11958.0,Petrol,Dealer,Manual,First Owner,12.0,Honda,996.5,Mid-Range
Hyundai Creta 1.6 SX Option,2017.0,1025000.0,9000.0,Petrol,Dealer,Manual,First Owner,9.0,Hyundai,1000.0,Luxury
Mahindra XUV500 W8 2WD,2015.0,750000.0,70000.0,Diesel,Individual,Manual,First Owner,11.0,Mahindra,6363.636363636364,Luxury
Renault Duster 85PS Diesel RxL Optional,2013.0,600000.0,120000.0,Diesel,Individual,Manual,First Owner,13.0,Renault,9230.76923076923,Mid-Range
Hyundai i20 Asta 1.2,2014.0,475000.0,60000.0,Petrol,Dealer,Manual,First Owner,12.0,Hyundai,5000.0,Mid-Range
Hyundai Santro Xing XO,2007.0,80000.0,58000.0,Petrol,Dealer,Manual,Second Owner,19.0,Hyundai,3052.6315789473683,Budget
Mahindra Bolero 2011-2019 SLE,2013.0,325000.0,62200.0,Diesel,None,Manual,First Owner,13.0,Mahindra,4784.615384615385,Mid-Range
Audi A6 2.0 TDI Premium Plus,2014.0,1470000.0,34000.0,Diesel,Dealer,Automatic,Second Owner,12.0,Audi,2833.3333333333335,Luxury
Fiat Avventura MULTIJET Emotion,2015.0,350000.0,53000.0,Diesel,Individual,Manual,Second Owner,11.0,Fiat,4818.181818181818,Mid-Range
Audi A8 4.2 TDI,2013.0,2800000.0,49000.0,Diesel,Dealer,Automatic,First Owner,13.0,Audi,3769.230769230769,Luxury
Datsun RediGO 1.0 S,2017.0,210000.0,15000.0,Petrol,Dealer,Manual,Second Owner,9.0,Datsun,1666.6666666666667,Budget
Volkswagen Jetta 1.4 TSI Comfortline,2013.0,450000.0,50000.0,Petrol,Individual,Manual,First Owner,13.0,Volkswagen,3846.153846153846,Mid-Range
Audi A4 2.0 TDI 177 Bhp Premium Plus,2013.0,1150000.0,53000.0,Diesel,Dealer,Automatic,First Owner,13.0,Audi,4076.923076923077,Luxury
Honda Civic 1.8 V AT,2009.0,210000.0,63500.0,Petrol,Dealer,Automatic,First Owner,17.0,Honda,3735.294117647059,Budget
Mercedes-Benz E-Class Exclusive E 200 BSIV,2018.0,4500000.0,9800.0,Petrol,None,Automatic,First Owner,8.0,Mercedes-Benz,1225.0,Luxury
Volkswagen Polo GTI,2014.0,825000.0,13599.0,Petrol,Dealer,Automatic,First Owner,12.0,Volkswagen,1133.25,Luxury
BMW X1 sDrive 20d xLine,2017.0,2750000.0,13000.0,Diesel,Individual,Automatic,First Owner,9.0,BMW,1444.4444444444443,Luxury
Chevrolet Beat Diesel,2012.0,160000.0,110000.0,Diesel,None,Manual,First Owner,14.0,Chevrolet,7857.142857142857,Budget
Mahindra Scorpio SLE BSIV,2014.0,550000.0,100000.0,Diesel,Individual,Manual,Second Owner,12.0,Mahindra,8333.333333333334,Mid-Range
Maruti Swift 1.3 VXI ABS,2014.0,95000.0,110000.0,Petrol,Individual,Manual,Third Owner,12.0,Maruti,9166.666666666666,Budget
Toyota Innova 2.5 G (Diesel) 7 Seater,2014.0,725000.0,90000.0,Diesel,Individual,Manual,Second Owner,12.0,Toyota,7500.0,Luxury
Tata Tigor 1.2 Revotron XZ Option,2019.0,670000.0,17000.0,Petrol,Individual,Manual,First Owner,7.0,Tata,2428.5714285714284,Luxury
Maruti Alto LX,2008.0,65000.0,140000.0,Petrol,Individual,Manual,First Owner,18.0,Maruti,7777.777777777777,Budget
Mahindra Xylo D4,2015.0,500000.0,50000.0,Diesel,Individual,Manual,Second Owner,11.0,Mahindra,4545.454545454545,Mid-Range
Mahindra KUV 100 mFALCON G80 K8 5str,2017.0,600000.0,53000.0,Petrol,Individual,Manual,First Owner,9.0,Mahindra,5888.888888888889,Mid-Range
Maruti Wagon R VXI Optional,2017.0,350000.0,70000.0,Petrol,Individual,Manual,Second Owner,9.0,Maruti,7777.777777777777,Mid-Range
Chevrolet Beat Diesel LT,2012.0,200000.0,70000.0,Diesel,Individual,Manual,Second Owner,14.0,Chevrolet,5000.0,Budget
Hyundai Getz 1.5 CRDi GVS,2008.0,110000.0,154000.0,Diesel,Individual,Manual,Third Owner,18.0,Hyundai,8555.555555555555,Budget
Hyundai EON Sportz,2012.0,150000.0,80000.0,Petrol,Individual,Manual,First Owner,14.0,Hyundai,5714.285714285715,Budget
Maruti Zen D PS,2003.0,75000.0,110000.0,Diesel,Individual,Manual,Second Owner,23.0,Maruti,4782.608695652174,Budget
Honda Amaze EX i-Dtech,2013.0,350000.0,90000.0,Diesel,Individual,Manual,Second Owner,13.0,Honda,6923.076923076923,Mid-Range
Toyota Innova Crysta 2.4 VX MT 8S BSIV,2018.0,1700000.0,15000.0,Diesel,Individual,Manual,First Owner,8.0,Toyota,1875.0,Luxury
BMW X1 sDrive20d,2011.0,890000.0,86000.0,Diesel,Individual,Automatic,Second Owner,15.0,BMW,5733.333333333333,Luxury
Mahindra Scorpio M2DI,2014.0,500000.0,120000.0,Diesel,Individual,Manual,First Owner,12.0,Mahindra,10000.0,Mid-Range
Hyundai Elite i20 Sportz Plus Dual Tone BSIV,2019.0,600000.0,5200.0,Petrol,Individual,Manual,First Owner,7.0,Hyundai,742.8571428571429,Mid-Range
Hyundai i10 Era 1.1 iTech SE,2011.0,235000.0,46000.0,Petrol,Individual,Manual,First Owner,15.0,Hyundai,3066.6666666666665,Budget
Hyundai Verna CRDi 1.6 SX,2019.0,1000000.0,25000.0,Diesel,Individual,Manual,Second Owner,7.0,Hyundai,3571.4285714285716,Luxury
Volkswagen Polo 1.5 TDI Highline,2015.0,600000.0,70000.0,Diesel,Individual,Manual,First Owner,11.0,Volkswagen,6363.636363636364,Mid-Range
Hyundai i20 1.2 Spotz,2017.0,600000.0,70000.0,Petrol,Individual,Manual,Second Owner,9.0,Hyundai,7777.777777777777,Mid-Range
Hyundai Grand i10 1.2 Kappa Magna AT,2017.0,450000.0,12700.0,Petrol,Individual,Automatic,First Owner,9.0,Hyundai,1411.111111111111,Mid-Range
Mahindra XUV500 W10 2WD,2018.0,1400000.0,20000.0,Diesel,Individual,Manual,First Owner,8.0,Mahindra,2500.0,Luxury
Renault KWID 1.0 RXT Optional,2014.0,300000.0,20000.0,Petrol,Individual,Manual,First Owner,12.0,Renault,1666.6666666666667,Mid-Range
BMW X1 sDrive 20d xLine,2019.0,2600000.0,9500.0,None,Individual,Automatic,First Owner,7.0,BMW,1357.142857142857,Luxury
Skoda Fabia 1.2 MPI Ambition Plus,2012.0,300000.0,50000.0,Petrol,Individual,Manual,First Owner,14.0,Skoda,3571.4285714285716,Mid-Range
Volkswagen Polo Diesel Trendline 1.2L,2012.0,295000.0,90000.0,Diesel,Individual,Manual,First Owner,14.0,Volkswagen,6428.571428571428,Mid-Range
Ford Ecosport 1.0 Ecoboost Platinum Edition BSIV,2013.0,650000.0,45839.0,Petrol,Dealer,Manual,First Owner,13.0,Ford,3526.076923076923,Luxury
Chevrolet Aveo 1.4 LS,2010.0,200000.0,74510.0,Petrol,Dealer,Manual,First Owner,16.0,Chevrolet,4656.875,Budget
Chevrolet Aveo U-VA 1.2 LS,2009.0,130000.0,87293.0,Petrol,Dealer,Manual,First Owner,17.0,Chevrolet,5134.882352941177,Budget
Ford Figo Diesel EXI,2012.0,250000.0,156040.0,Diesel,Dealer,Manual,First Owner,14.0,Ford,11145.714285714286,Mid-Range
Ford Endeavour 2.5L 4X2 MT,2004.0,400000.0,93415.0,Diesel,Dealer,Manual,First Owner,22.0,Ford,4246.136363636364,Mid-Range
Tata Tiago 2019-2020 XZ,2019.0,450000.0,12000.0,Petrol,Individual,Manual,First Owner,7.0,Tata,1714.2857142857142,Mid-Range
Maruti Swift ZXI,2013.0,350000.0,90000.0,Petrol,None,Manual,First Owner,13.0,Maruti,6923.076923076923,Mid-Range
Chevrolet Spark 1.0 LT,2011.0,130000.0,68519.0,Petrol,Dealer,Manual,First Owner,15.0,Chevrolet,4567.933333333333,Budget
Ford Ecosport 1.0 Ecoboost Titanium Optional,2014.0,475000.0,60000.0,Petrol,Dealer,Manual,First Owner,12.0,Ford,5000.0,Mid-Range
Volkswagen Polo 1.2 MPI Comfortline,2015.0,470000.0,58182.0,Petrol,Dealer,Manual,First Owner,11.0,Volkswagen,5289.272727272727,Mid-Range
Mahindra XUV500 W8 2WD,2013.0,650000.0,102989.0,Diesel,Dealer,Manual,First Owner,13.0,Mahindra,7922.2307692307695,Luxury
Honda City 1.5 E MT,2010.0,400000.0,50000.0,Petrol,Individual,Manual,First Owner,16.0,Honda,3125.0,Mid-Range
Maruti Zen VXI,2000.0,100000.0,120000.0,Petrol,Individual,Manual,First Owner,26.0,Maruti,4615.384615384615,Budget
Maruti Swift Dzire VDI,2014.0,409999.0,90000.0,None,Individual,Manual,First Owner,12.0,Maruti,7500.0,Mid-Range
Maruti Swift VDI BSIV,2018.0,640000.0,25000.0,Diesel,Individual,Manual,First Owner,8.0,Maruti,3125.0,Luxury
Maruti Wagon R LXI Minor,2007.0,160000.0,80000.0,Petrol,Individual,Manual,Second Owner,19.0,Maruti,4210.526315789473,Budget
Tata Indigo TDI,2014.0,182000.0,100000.0,Diesel,Individual,Manual,First Owner,12.0,Tata,8333.333333333334,Budget
Maruti Baleno Zeta 1.3,2018.0,750000.0,70000.0,Diesel,Individual,Manual,First Owner,8.0,Maruti,8750.0,Luxury
Mahindra Jeep MM 550 XDB,2002.0,150000.0,50000.0,Diesel,Individual,Manual,Third Owner,24.0,Mahindra,2083.3333333333335,Budget
Maruti Alto STD,2008.0,80000.0,100000.0,Petrol,Individual,Manual,Second Owner,18.0,Maruti,5555.555555555556,Budget
Maruti Alto LX,2007.0,70000.0,120000.0,Petrol,Individual,Manual,Third Owner,19.0,Maruti,6315.789473684211,Budget
Volkswagen Jetta 1.9 Highline TDI,2008.0,285000.0,90000.0,Diesel,Individual,Automatic,Second Owner,18.0,Volkswagen,5000.0,Mid-Range
Maruti Swift VDI BSIV,2015.0,350000.0,60000.0,Diesel,Individual,Manual,Second Owner,11.0,Maruti,5454.545454545455,Mid-Range
Hyundai i20 Active 1.4 SX with AVN,2015.0,699000.0,30000.0,Diesel,Individual,Manual,Second Owner,11.0,Hyundai,2727.2727272727275,Luxury
Hyundai i20 1.4 CRDi Magna,2012.0,350000.0,160000.0,Diesel,Individual,Manual,Second Owner,14.0,Hyundai,11428.57142857143,Mid-Range
Maruti Alto LXi BSIII,2006.0,135000.0,90000.0,None,None,Manual,Third Owner,20.0,Maruti,4500.0,Budget
Mahindra Xylo E4 8S,2010.0,325000.0,120000.0,Diesel,Individual,Manual,Third Owner,16.0,Mahindra,7500.0,Mid-Range
Mahindra Bolero SLE,2009.0,300000.0,178000.0,Diesel,Individual,Manual,Second Owner,17.0,Mahindra,10470.588235294117,Mid-Range
Toyota Innova 2.5 VX (Diesel) 8 Seater,2014.0,1200000.0,200000.0,Diesel,Individual,Manual,Second Owner,12.0,Toyota,16666.666666666668,Luxury
Ford Fiesta Petrol Trend,2012.0,450000.0,60000.0,Petrol,Dealer,Manual,First Owner,14.0,Ford,4285.714285714285,Mid-Range
Tata Tiago 1.2 Revotron XE,2019.0,425000.0,3000.0,Petrol,Individual,Manual,First Owner,7.0,Tata,428.57142857142856,Mid-Range
Maruti Alto LXi,2006.0,150000.0,75118.0,Petrol,Individual,Manual,Second Owner,20.0,Maruti,3755.9,Budget
Maruti Ritz LDi,2013.0,290000.0,140000.0,Diesel,Individual,Manual,First Owner,13.0,Maruti,10769.23076923077,Mid-Range
Hyundai Xcent 1.2 Kappa Base,2014.0,335000.0,60000.0,Petrol,Individual,Manual,Second Owner,12.0,Hyundai,5000.0,Mid-Range
Chevrolet Optra 1.6,2006.0,120000.0,60000.0,Petrol,Dealer,Manual,Fourth & Above Owner,20.0,Chevrolet,3000.0,Budget
Ford Ikon 1.6 ZXI NXt,2005.0,20000.0,60000.0,Petrol,Individual,Manual,Second Owner,21.0,Ford,2857.1428571428573,Budget
Hyundai Getz GLS,2005.0,250000.0,70000.0,Petrol,Individual,Manual,First Owner,21.0,Hyundai,3333.3333333333335,Mid-Range
Hyundai Santro Xing GL Plus,2008.0,120000.0,41723.0,Petrol,Individual,Manual,Second Owner,18.0,Hyundai,2317.9444444444443,Budget
Maruti SX4 Vxi BSIV,2010.0,250000.0,70000.0,Petrol,None,Manual,First Owner,16.0,Maruti,4375.0,Mid-Range
Tata Indigo LS,2012.0,220000.0,70000.0,Diesel,None,Manual,Second Owner,14.0,Tata,5000.0,Budget
Ford Ikon 1.3 Flair,2014.0,61000.0,4637.0,None,Individual,Manual,Second Owner,12.0,Ford,386.4166666666667,Budget
Maruti Swift VDI BSIV,2016.0,620000.0,70000.0,Diesel,None,Manual,First Owner,10.0,Maruti,7000.0,Luxury
Maruti Swift Dzire LDIX Limited Edition,2014.0,425000.0,100000.0,Diesel,Individual,Manual,Second Owner,12.0,Maruti,8333.333333333334,Mid-Range
Tata Indica Vista Aqua 1.3 Quadrajet,2009.0,85000.0,120000.0,Diesel,Individual,Manual,Second Owner,17.0,Tata,7058.823529411765,Budget
Maruti Swift Vdi BSIII,2009.0,180000.0,220000.0,Diesel,None,Manual,First Owner,17.0,Maruti,12941.176470588236,Budget
Renault KWID 1.0 RXT Optional,2018.0,300000.0,20000.0,Petrol,Individual,Manual,First Owner,8.0,Renault,2500.0,Mid-Range
Ford EcoSport 1.5 Petrol Titanium BSIV,2017.0,800000.0,19000.0,Petrol,Individual,Manual,First Owner,9.0,Ford,2111.1111111111113,Luxury
Fiat Grande Punto Active (Diesel),2009.0,125000.0,95000.0,Diesel,Individual,Manual,Second Owner,17.0,Fiat,5588.235294117647,Budget
Mahindra KUV 100 mFALCON G80 K2,2017.0,450000.0,30000.0,Petrol,Individual,Manual,First Owner,9.0,Mahindra,3333.3333333333335,Mid-Range
Renault KWID 1.0 RXL,2017.0,250000.0,43000.0,Petrol,None,Manual,Second Owner,9.0,Renault,4777.777777777777,Mid-Range
Toyota Innova 2.5 VX 8 STR BSIV,2012.0,725000.0,70000.0,None,Individual,Manual,First Owner,14.0,Toyota,5000.0,Luxury
Hyundai i20 Magna,2010.0,250000.0,55000.0,Petrol,Individual,Manual,First Owner,16.0,Hyundai,3437.5,Mid-Range
Fiat Punto 1.3 Active,2010.0,99000.0,80000.0,Diesel,Individual,Manual,Second Owner,16.0,Fiat,5000.0,Budget
Hyundai Xcent 1.2 VTVT E Plus,2018.0,511000.0,60000.0,Petrol,Individual,Manual,First Owner,8.0,Hyundai,7500.0,Mid-Range
Maruti Ritz VDi,2012.0,300000.0,80000.0,None,Individual,Manual,First Owner,14.0,Maruti,5714.285714285715,Mid-Range
Hyundai i10 Sportz 1.2,2014.0,125000.0,60000.0,Petrol,Individual,Manual,Third Owner,12.0,Hyundai,5000.0,Budget
Tata Tiago 1.2 Revotron XZ,2018.0,500000.0,60000.0,Petrol,Individual,Manual,First Owner,8.0,Tata,7500.0,Mid-Range
Renault Duster 85PS Diesel RxL,2013.0,385000.0,80000.0,Diesel,Individual,Manual,Second Owner,13.0,Renault,6153.846153846154,Mid-Range
Skoda Rapid 1.6 MPI Elegance,2012.0,350000.0,90000.0,Petrol,Individual,Manual,First Owner,14.0,Skoda,6428.571428571428,Mid-Range
Maruti 800 Std BSIII,2003.0,60000.0,50000.0,None,Individual,Manual,First Owner,23.0,Maruti,2173.913043478261,Budget
Hyundai Santro Xing GLS,2012.0,300000.0,50000.0,Petrol,Individual,Manual,First Owner,14.0,Hyundai,3571.4285714285716,Mid-Range
Ford Ecosport 1.5 DV5 MT Titanium,2014.0,550000.0,110000.0,Diesel,Individual,Manual,First Owner,12.0,Ford,9166.666666666666,Mid-Range
Nissan Sunny XL,2012.0,300000.0,60000.0,Petrol,Individual,Manual,Second Owner,14.0,Nissan,4285.714285714285,Mid-Range
Maruti Swift VDI,2012.0,250000.0,156000.0,Diesel,None,Manual,First Owner,14.0,Maruti,11142.857142857143,Mid-Range
Toyota Innova 2.5 GX 7 STR,2012.0,800000.0,60000.0,Diesel,Individual,Manual,First Owner,14.0,Toyota,4285.714285714285,Luxury
Maruti Eeco 5 Seater AC BSIV,2018.0,300000.0,25000.0,Petrol,Individual,Manual,First Owner,8.0,Maruti,3125.0,Mid-Range
Maruti Alto LX,2004.0,80000.0,120000.0,Petrol,Individual,Manual,First Owner,22.0,Maruti,5454.545454545455,Budget
Mahindra Scorpio S5 BSIV,2020.0,1200000.0,11000.0,Diesel,Individual,Manual,First Owner,6.0,Mahindra,1833.3333333333333,Luxury
Renault KWID AMT,2017.0,355000.0,40000.0,Petrol,Individual,Automatic,First Owner,9.0,Renault,4444.444444444444,Mid-Range
Maruti Swift Dzire VDI,2015.0,520000.0,50000.0,Diesel,Individual,Manual,First Owner,11.0,Maruti,4545.454545454545,Mid-Range
Hyundai Verna 1.6 CRDI,2012.0,500000.0,26000.0,Diesel,Individual,Manual,First Owner,14.0,Hyundai,1857.142857142857,Mid-Range
Toyota Fortuner 4x2 Manual,2014.0,1800000.0,50000.0,Diesel,Individual,Manual,First Owner,12.0,Toyota,4166.666666666667,Luxury
Mahindra TUV 300 T6 Plus,2018.0,800000.0,60000.0,Diesel,Individual,Manual,First Owner,8.0,Mahindra,7500.0,Luxury
Maruti Alto LXi,2014.0,135000.0,78000.0,Petrol,Individual,Manual,First Owner,12.0,Maruti,6500.0,Budget
Hyundai Verna 1.6 SX VTVT,2014.0,550000.0,100000.0,Petrol,Individual,Manual,First Owner,12.0,Hyundai,8333.333333333334,Mid-Range
Hyundai Elantra CRDi SX,2014.0,650000.0,30000.0,Diesel,Individual,Manual,Second Owner,12.0,Hyundai,2500.0,Luxury
Honda City 1.5 V AT Exclusive,2008.0,210000.0,77000.0,Petrol,Individual,Automatic,First Owner,18.0,Honda,4277.777777777777,Budget
Volkswagen Vento Diesel Highline,2011.0,260000.0,150000.0,Diesel,Individual,Manual,First Owner,15.0,Volkswagen,10000.0,Mid-Range
Toyota Innova Crysta 2.8 GX AT BSIV,2016.0,1350000.0,120000.0,Diesel,Individual,Automatic,First Owner,10.0,Toyota,12000.0,Luxury
Maruti Ritz VDi,2012.0,220000.0,120000.0,Diesel,Individual,Manual,Second Owner,14.0,Maruti,8571.42857142857,Budget
Hyundai Getz 1.3 GLS,2008.0,110000.0,110000.0,Petrol,Individual,Manual,Second Owner,18.0,Hyundai,6111.111111111111,Budget
Mahindra XUV500 AT W8 FWD,2017.0,1230000.0,70000.0,Diesel,Individual,Automatic,First Owner,9.0,Mahindra,7777.777777777777,Luxury
Tata Indigo LX Dicor,2009.0,130000.0,50000.0,Diesel,Individual,Manual,First Owner,17.0,Tata,2941.176470588235,Budget
Hyundai i20 1.2 Magna,2012.0,330000.0,44000.0,Petrol,Individual,Manual,First Owner,14.0,Hyundai,3142.8571428571427,Mid-Range
Honda City 1.5 S MT,2010.0,254999.0,90000.0,Petrol,Individual,Manual,Second Owner,16.0,Honda,5625.0,Mid-Range
Hyundai Verna 1.6 SX VTVT (O),2014.0,600000.0,50000.0,Petrol,Individual,Manual,Second Owner,12.0,Hyundai,4166.666666666667,Mid-Range
Hyundai i10 Magna,2012.0,210000.0,50000.0,Petrol,Individual,Manual,First Owner,14.0,Hyundai,3571.4285714285716,Budget
Chevrolet Enjoy TCDi LT 7 Seater,2014.0,300000.0,146000.0,Diesel,Individual,Manual,First Owner,12.0,Chevrolet,12166.666666666666,Mid-Range
Maruti Alto K10 VXI,2015.0,265000.0,60000.0,None,Individual,Manual,First Owner,11.0,Maruti,5454.545454545455,Mid-Range
Hyundai Xcent 1.2 Kappa SX,2016.0,450000.0,35000.0,Petrol,Individual,Manual,First Owner,10.0,Hyundai,3500.0,Mid-Range
Hyundai Verna 1.6 SX,2012.0,480000.0,60000.0,Diesel,Individual,Manual,First Owner,14.0,Hyundai,4285.714285714285,Mid-Range
Tata Nano Lx,2010.0,40000.0,90000.0,Petrol,Individual,Manual,First Owner,16.0,Tata,5625.0,Budget
Honda City 1.5 S MT,2011.0,395000.0,70000.0,Petrol,Individual,Manual,Second Owner,15.0,Honda,4666.666666666667,Mid-Range
Ford Ecosport 1.5 Petrol Titanium Plus AT,2018.0,875000.0,10000.0,Petrol,Individual,Automatic,First Owner,8.0,Ford,1250.0,Luxury
Maruti Eeco 5 STR With AC Plus HTR CNG,2010.0,170000.0,80000.0,CNG,Individual,Manual,Fourth & Above Owner,16.0,Maruti,5000.0,Budget
Hyundai i20 Sportz 1.2,2015.0,500000.0,35000.0,Petrol,Individual,Manual,Second Owner,11.0,Hyundai,3181.818181818182,Mid-Range
Renault Duster 85PS Diesel RxL,2013.0,450000.0,1000.0,Diesel,Dealer,Manual,Second Owner,13.0,Renault,76.92307692307692,Mid-Range
Mercedes-Benz C-Class Progressive C 220d,2018.0,3800000.0,10000.0,Diesel,Dealer,Automatic,First Owner,8.0,Mercedes-Benz,1250.0,Luxury
Audi A4 3.0 TDI Quattro,2013.0,1580000.0,86000.0,Diesel,None,Automatic,First Owner,13.0,Audi,6615.384615384615,Luxury
BMW X5 xDrive 30d xLine,2019.0,4950000.0,60000.0,Diesel,Dealer,Automatic,First Owner,7.0,BMW,8571.42857142857,Luxury
Hyundai Creta 1.6 CRDi SX,2016.0,535000.0,52600.0,Diesel,Individual,Manual,First Owner,10.0,Hyundai,5260.0,Mid-Range
Maruti SX4 Vxi BSIV,2012.0,225000.0,110000.0,None,None,Manual,Second Owner,14.0,Maruti,7857.142857142857,Budget
Hyundai Grand i10 1.2 Kappa Magna AT,2017.0,550000.0,19890.0,Petrol,Dealer,Automatic,First Owner,9.0,Hyundai,2210.0,Mid-Range
Maruti Swift ZXI BSIV,2016.0,670000.0,60000.0,Petrol,Trustmark Dealer,Manual,First Owner,10.0,Maruti,6000.0,Luxury
Maruti Ertiga VXI,2015.0,625000.0,11918.0,Petrol,Trustmark Dealer,Manual,First Owner,11.0,Maruti,1083.4545454545455,Luxury
Hyundai Grand i10 Magna AT,2014.0,520000.0,10510.0,Petrol,Dealer,Automatic,First Owner,12.0,Hyundai,875.8333333333334,Mid-Range
Chevrolet Beat LT Option,2016.0,239000.0,41000.0,Petrol,Dealer,Manual,First Owner,10.0,Chevrolet,4100.0,Budget
Toyota Fortuner 4x2 AT,2017.0,2600000.0,47162.0,Diesel,Trustmark Dealer,Automatic,First Owner,9.0,Toyota,5240.222222222223,Luxury
Hyundai i10 Magna,2012.0,229999.0,49824.0,Petrol,Dealer,Manual,First Owner,14.0,Hyundai,3558.8571428571427,Budget
Audi A6 2.0 TDI Premium Plus,2013.0,1300000.0,58500.0,Diesel,Dealer,Automatic,First Owner,13.0,Audi,4500.0,Luxury
Hyundai Santro GS,2005.0,80000.0,56580.0,Petrol,Dealer,Manual,First Owner,21.0,Hyundai,2694.285714285714,Budget
Skoda Laura Ambiente 2.0 TDI CR MT,2012.0,385000.0,52000.0,Diesel,Dealer,Manual,First Owner,14.0,Skoda,3714.285714285714,Mid-Range
Hyundai Verna 1.6 VTVT SX,2015.0,760000.0,55340.0,Petrol,Trustmark Dealer,Manual,First Owner,11.0,Hyundai,5030.909090909091,Luxury
Maruti Swift Dzire VDI,2017.0,600000.0,46507.0,Diesel,Trustmark Dealer,Manual,First Owner,9.0,Maruti,5167.444444444444,Mid-Range
Maruti Ignis 1.2 Sigma BSIV,2019.0,450000.0,40000.0,Petrol,None,Manual,First Owner,7.0,Maruti,5714.285714285715,Mid-Range
Maruti Ignis 1.2 Sigma BSIV,2019.0,450000.0,40000.0,Petrol,Individual,Manual,First Owner,7.0,Maruti,5714.285714285715,Mid-Range
Maruti Ertiga VDI,2014.0,550000.0,120000.0,Diesel,Individual,Manual,Third Owner,12.0,Maruti,10000.0,Mid-Range
Tata Manza Aura Safire BS IV,2013.0,200000.0,60000.0,Petrol,None,Manual,First Owner,13.0,Tata,4615.384615384615,Budget
Tata New Safari DICOR 2.2 EX 4x2,2014.0,300000.0,250000.0,Diesel,Individual,Manual,Second Owner,12.0,Tata,20833.333333333332,Mid-Range
Maruti Eeco 7 Seater Standard BSIV,2017.0,260000.0,30000.0,Petrol,Individual,Manual,First Owner,9.0,Maruti,3333.3333333333335,Mid-Range
Hyundai Grand i10 1.2 Kappa Asta,2019.0,500000.0,15000.0,Petrol,Individual,Manual,First Owner,7.0,Hyundai,2142.8571428571427,Mid-Range
Hyundai EON Sportz,2012.0,150000.0,55766.0,Petrol,Individual,Manual,Second Owner,14.0,Hyundai,3983.285714285714,Budget
Maruti Alto LXi,2014.0,100000.0,80000.0,Petrol,Individual,Manual,First Owner,12.0,Maruti,6666.666666666667,Budget
Maruti Wagon R LXI,2014.0,70000.0,117000.0,Petrol,Individual,Manual,Second Owner,12.0,Maruti,9750.0,Budget
Maruti Alto LX,2004.0,100000.0,70000.0,Petrol,Individual,Manual,First Owner,22.0,Maruti,3181.818181818182,Budget
Nissan Terrano XL 85 PS,2016.0,525000.0,100000.0,Diesel,Individual,Manual,Second Owner,10.0,Nissan,10000.0,Mid-Range
Nissan Terrano XL 85 PS,2016.0,525000.0,105000.0,Diesel,Individual,Manual,Second Owner,10.0,Nissan,10500.0,Mid-Range
Toyota Innova 2.5 V Diesel 7-seater,2009.0,550000.0,182000.0,None,Individual,Manual,Third Owner,17.0,Toyota,10705.882352941177,Mid-Range
Honda Amaze SX i-VTEC,2015.0,500000.0,70000.0,Petrol,Individual,Manual,First Owner,11.0,Honda,6363.636363636364,Mid-Range
Maruti Wagon R LXI Minor,2009.0,165000.0,76000.0,None,Individual,Manual,Second Owner,17.0,Maruti,4470.588235294118,Budget
Hyundai Verna 1.6 SX,2014.0,650000.0,70000.0,Diesel,Individual,Manual,Second Owner,12.0,Hyundai,5833.333333333333,Luxury
Maruti Zen LX,2014.0,75000.0,70000.0,Petrol,Individual,Manual,First Owner,12.0,Maruti,5833.333333333333,Budget
Hyundai Accent CRDi,2005.0,100000.0,120000.0,Diesel,Individual,Manual,Second Owner,21.0,Hyundai,5714.285714285715,Budget
Toyota Innova Crysta 2.4 VX MT BSIV,2017.0,1770000.0,25000.0,Diesel,Individual,Manual,First Owner,9.0,Toyota,2777.777777777778,Luxury
Hyundai Xcent 1.1 CRDi Base,2016.0,515000.0,50000.0,Diesel,Individual,Manual,First Owner,10.0,Hyundai,5000.0,Mid-Range
Honda Jazz 1.5 VX i DTEC,2017.0,700000.0,24585.0,Diesel,Dealer,Manual,Test Drive Car,9.0,Honda,2731.6666666666665,Luxury
Maruti Zen LX,2001.0,62000.0,70000.0,Petrol,Individual,Manual,First Owner,25.0,Maruti,2800.0,Budget
Toyota Etios GD SP,2011.0,220000.0,110000.0,Diesel,Individual,Manual,Third Owner,15.0,Toyota,7333.333333333333,Budget
Fiat Linea Emotion,2010.0,170000.0,100000.0,Petrol,Individual,Manual,First Owner,16.0,Fiat,6250.0,Budget
Ford Figo Diesel Titanium,2011.0,190000.0,110000.0,Diesel,Individual,Manual,Second Owner,15.0,Ford,7333.333333333333,Budget
Ford Figo Diesel Titanium,2011.0,150000.0,100000.0,Diesel,Individual,Manual,Second Owner,15.0,Ford,6666.666666666667,Budget
Maruti Zen Estilo LXI BS IV,2009.0,125000.0,65000.0,Petrol,Individual,Manual,First Owner,17.0,Maruti,3823.529411764706,Budget
Maruti Celerio X ZXI BSIV,2019.0,490000.0,60000.0,None,None,Manual,First Owner,7.0,Maruti,8571.42857142857,Mid-Range
Tata Tigor 1.2 Revotron XZ Option,2017.0,434999.0,17563.0,Petrol,None,Manual,First Owner,9.0,Tata,1951.4444444444443,Mid-Range
Tata Zest Revotron 1.2T XE,2016.0,380000.0,15000.0,Petrol,Individual,Manual,First Owner,10.0,Tata,1500.0,Mid-Range
Volkswagen Polo Diesel Trendline 1.2L,2012.0,200000.0,82000.0,Diesel,Individual,Manual,Second Owner,14.0,Volkswagen,5857.142857142857,Budget
Ford Figo 1.5D Trend MT,2016.0,495000.0,40000.0,Diesel,Individual,Manual,First Owner,10.0,Ford,4000.0,Mid-Range
Toyota Innova 2.5 Z Diesel 7 Seater BS IV,2014.0,894999.0,173000.0,Diesel,Individual,Manual,Third Owner,12.0,Toyota,14416.666666666666,Luxury
Mahindra XUV500 W6 2WD,2014.0,600000.0,151000.0,Diesel,Individual,Manual,First Owner,12.0,Mahindra,12583.333333333334,Mid-Range
Honda Brio S MT,2015.0,300000.0,60000.0,Petrol,Individual,Manual,First Owner,11.0,Honda,5454.545454545455,Mid-Range
Honda Amaze E i-VTEC,2017.0,430000.0,15000.0,Petrol,Individual,Manual,First Owner,9.0,Honda,1666.6666666666667,Mid-Range
Honda Amaze E i-DTEC,2017.0,370000.0,60000.0,Diesel,Individual,Manual,First Owner,9.0,Honda,6666.666666666667,Mid-Range
Maruti Baleno Zeta 1.2,2019.0,750000.0,11000.0,Petrol,Individual,Manual,First Owner,7.0,Maruti,1571.4285714285713,Luxury
Maruti Alto K10 LXI CNG Optional,2016.0,300000.0,50000.0,CNG,Individual,Manual,First Owner,10.0,Maruti,5000.0,Mid-Range
BMW X1 sDrive20d,2012.0,700000.0,120000.0,Diesel,Individual,Automatic,Second Owner,14.0,BMW,8571.42857142857,Luxury
Maruti Wagon R LXI DUO BSIII,2007.0,100000.0,70000.0,LPG,Individual,Manual,Third Owner,19.0,Maruti,3684.2105263157896,Budget
Hyundai Grand i10 Sportz,2015.0,300000.0,90000.0,Petrol,Individual,Manual,First Owner,11.0,Hyundai,8181.818181818182,Mid-Range
Tata Indica Vista Quadrajet VX,2012.0,130000.0,185000.0,Diesel,Individual,Manual,Second Owner,14.0,Tata,13214.285714285714,Budget
Hyundai i20 Asta Option 1.4 CRDi,2016.0,650000.0,40000.0,Diesel,Individual,Manual,First Owner,10.0,Hyundai,4000.0,Luxury
Maruti Swift VDI BSIV,2017.0,509999.0,25000.0,Diesel,Individual,Manual,First Owner,9.0,Maruti,2777.777777777778,Mid-Range
Toyota Innova 2.5 VX (Diesel) 7 Seater,2013.0,1000000.0,117780.0,Diesel,Individual,Manual,Second Owner,13.0,Toyota,9060.0,Luxury
Hyundai Verna CRDi SX,2010.0,280000.0,120000.0,Diesel,Individual,Manual,Second Owner,16.0,Hyundai,7500.0,Mid-Range
Maruti Swift DDiS VDI,2017.0,600000.0,120000.0,Diesel,Individual,Manual,First Owner,9.0,Maruti,13333.333333333334,Mid-Range
Skoda Rapid 1.6 TDI Ambition,2013.0,210000.0,120000.0,None,Individual,Manual,Third Owner,13.0,Skoda,9230.76923076923,Budget
Audi Q3 2.0 TDI Quattro Premium Plus,2014.0,1150000.0,110000.0,Diesel,Individual,Automatic,Second Owner,12.0,Audi,9166.666666666666,Luxury
Hyundai EON Magna Plus,2018.0,229999.0,30000.0,Petrol,Individual,Manual,First Owner,8.0,Hyundai,3750.0,Budget
Hyundai EON Magna Plus,2018.0,245000.0,30000.0,Petrol,Individual,Manual,First Owner,8.0,Hyundai,3750.0,Budget
Mahindra XUV500 W10 2WD,2018.0,1450000.0,20000.0,Diesel,Individual,Manual,First Owner,8.0,Mahindra,2500.0,Luxury
Maruti Ertiga VDI,2014.0,500000.0,100000.0,Diesel,Individual,Manual,Second Owner,12.0,Maruti,8333.333333333334,Mid-Range
Maruti Alto LXi,2007.0,75000.0,40000.0,Petrol,Individual,Manual,Second Owner,19.0,Maruti,2105.2631578947367,Budget
Hyundai Sonata AT Leather,2006.0,225000.0,80000.0,Petrol,Individual,Automatic,Third Owner,20.0,Hyundai,4000.0,Budget
Hyundai Sonata 2.4L AT,2006.0,275000.0,80000.0,Petrol,Individual,Automatic,Fourth & Above Owner,20.0,Hyundai,4000.0,Mid-Range
Mahindra Bolero Power Plus SLX,2018.0,620000.0,60000.0,Diesel,Individual,Manual,First Owner,8.0,Mahindra,7500.0,Luxury
Nissan X-Trail SLX MT,2014.0,600000.0,110000.0,Diesel,Individual,Manual,Second Owner,12.0,Nissan,9166.666666666666,Mid-Range
Mahindra Xylo E8 ABS Airbag BSIV,2011.0,275000.0,160000.0,Diesel,Individual,Manual,First Owner,15.0,Mahindra,10666.666666666666,Mid-Range
Tata Indigo TDI,2013.0,125000.0,125000.0,Diesel,None,Manual,First Owner,13.0,Tata,9615.384615384615,Budget
Tata Indigo GLS,2011.0,80000.0,62000.0,Petrol,Individual,Manual,Second Owner,15.0,Tata,4133.333333333333,Budget
Maruti Swift Dzire LDI,2013.0,250000.0,80000.0,Diesel,Individual,Manual,Fourth & Above Owner,13.0,Maruti,6153.846153846154,Mid-Range
Hyundai i20 1.4 Sportz,2017.0,700000.0,35000.0,Diesel,Individual,Manual,First Owner,9.0,Hyundai,3888.8888888888887,Luxury
Hyundai Grand i10 CRDi Asta Option,2015.0,450000.0,50000.0,Diesel,Individual,Manual,First Owner,11.0,Hyundai,4545.454545454545,Mid-Range
Maruti Alto 800 Std Optional,2019.0,240000.0,5000.0,Petrol,None,Manual,First Owner,7.0,Maruti,714.2857142857143,Budget
Hyundai Xcent 1.2 Kappa SX,2016.0,350000.0,12000.0,Petrol,Individual,Manual,First Owner,10.0,Hyundai,1200.0,Mid-Range
Ford EcoSport 1.5 TDCi Titanium BSIV,2016.0,650000.0,81595.0,Diesel,Dealer,Manual,First Owner,10.0,Ford,8159.5,Luxury
Maruti Swift VXI Optional,2015.0,400000.0,60000.0,Petrol,Individual,Manual,First Owner,11.0,Maruti,5454.545454545455,Mid-Range
Maruti Alto LXi BSIII,2008.0,130000.0,40000.0,Petrol,Individual,Manual,Second Owner,18.0,Maruti,2222.222222222222,Budget
Mahindra Scorpio 2.6 CRDe SLE,2013.0,300000.0,70000.0,None,Individual,Manual,Second Owner,13.0,Mahindra,5384.615384615385,Mid-Range
BMW 3 Series 320d Luxury Line,2015.0,2200000.0,24000.0,Diesel,Individual,Automatic,First Owner,11.0,BMW,2181.818181818182,Luxury
Maruti Ritz VDI (ABS) BS IV,2013.0,490000.0,40000.0,Diesel,Individual,Manual,First Owner,13.0,Maruti,3076.923076923077,Mid-Range
Honda Jazz 1.2 VX i VTEC,2018.0,836000.0,9700.0,Petrol,Dealer,Manual,First Owner,8.0,Honda,1212.5,Luxury
Volkswagen Polo Petrol Comfortline 1.2L,2012.0,375000.0,62000.0,Petrol,Individual,Manual,Second Owner,14.0,Volkswagen,4428.571428571428,Mid-Range
Honda BR-V i-DTEC VX MT,2016.0,1249000.0,24000.0,Diesel,Dealer,Manual,First Owner,10.0,Honda,2400.0,Luxury
Honda WR-V i-DTEC VX,2019.0,1240000.0,13000.0,Diesel,Dealer,Manual,First Owner,7.0,Honda,1857.142857142857,Luxury
Tata Nano Std BSII,2009.0,35000.0,50000.0,Petrol,None,Manual,Third Owner,17.0,Tata,2941.176470588235,Budget
Honda BR-V i-VTEC VX MT,2017.0,1068000.0,36000.0,Petrol,None,Manual,First Owner,9.0,Honda,4000.0,Luxury
Honda BR-V i-DTEC VX MT,2017.0,1189000.0,60000.0,None,Dealer,Manual,First Owner,9.0,Honda,6666.666666666667,Luxury
Hyundai Elite i20 Petrol Asta Option,2018.0,700000.0,27000.0,Petrol,Individual,Manual,First Owner,8.0,Hyundai,3375.0,Luxury
Maruti Alto K10 VXI,2016.0,350000.0,40000.0,Petrol,Individual,Manual,First Owner,10.0,Maruti,4000.0,Mid-Range
Hyundai i10 Magna 1.2,2009.0,254999.0,80000.0,Petrol,Individual,Manual,Second Owner,17.0,Hyundai,4705.882352941177,Mid-Range
Mahindra Scorpio 2.6 CRDe,2005.0,229999.0,221000.0,Diesel,None,Manual,Third Owner,21.0,Mahindra,10523.809523809523,Budget
Hyundai i20 Asta Option 1.4 CRDi,2016.0,750000.0,80000.0,Diesel,Individual,Manual,First Owner,10.0,Hyundai,8000.0,Luxury
Maruti Celerio ZXI AT,2017.0,509999.0,25000.0,Petrol,Individual,Automatic,First Owner,9.0,Maruti,2777.777777777778,Mid-Range
Nissan Micra XL,2013.0,363000.0,60000.0,Petrol,Individual,Manual,First Owner,13.0,Nissan,4615.384615384615,Mid-Range
Maruti Alto K10 LXI,2010.0,229999.0,48500.0,Petrol,Individual,Manual,First Owner,16.0,Maruti,3031.25,Budget
Nissan Sunny XL,2012.0,290000.0,110000.0,Petrol,Individual,Manual,Second Owner,14.0,Nissan,7857.142857142857,Mid-Range
Maruti Swift VXI,2018.0,550000.0,30000.0,Petrol,Individual,Manual,First Owner,8.0,Maruti,3750.0,Mid-Range
Tata Indica Vista TDI LX,2011.0,125000.0,120000.0,Diesel,Individual,Manual,Second Owner,15.0,Tata,8000.0,Budget
Volvo XC60 D5 Inscription,2014.0,2000000.0,130000.0,Diesel,Individual,Automatic,First Owner,12.0,Volvo,10833.333333333334,Luxury
Hyundai Verna 1.6 SX CRDi (O),2011.0,390000.0,90000.0,Diesel,Individual,Manual,First Owner,15.0,Hyundai,6000.0,Mid-Range
Maruti Wagon R VXI Minor ABS,2010.0,260000.0,50000.0,Petrol,Individual,Manual,First Owner,16.0,Maruti,3125.0,Mid-Range
Maruti Omni BSIII 8-STR W/ IMMOBILISER,2008.0,150000.0,50000.0,Petrol,Individual,Manual,Second Owner,18.0,Maruti,2777.777777777778,Budget
Maruti Esteem Vxi - BSIII,2006.0,85000.0,60000.0,Petrol,None,Manual,Second Owner,20.0,Maruti,3000.0,Budget
Maruti Alto 800 LXI,2015.0,280000.0,15000.0,Petrol,Individual,Manual,Second Owner,11.0,Maruti,1363.6363636363637,Mid-Range
Maruti Celerio VXI,2015.0,220000.0,45000.0,Petrol,Individual,Manual,First Owner,11.0,Maruti,4090.909090909091,Budget
Hyundai Santro Xing XG,2005.0,140000.0,80000.0,Petrol,Individual,Manual,Third Owner,21.0,Hyundai,3809.5238095238096,Budget
Maruti Wagon R AMT VXI Option,2018.0,370000.0,15000.0,Petrol,Individual,Automatic,First Owner,8.0,Maruti,1875.0,Mid-Range
Maruti Swift Dzire VDI,2019.0,650000.0,20000.0,None,Individual,Manual,First Owner,7.0,Maruti,2857.1428571428573,Luxury
Maruti Alto 800 LX,2017.0,280000.0,37000.0,Petrol,Individual,Manual,First Owner,9.0,Maruti,4111.111111111111,Mid-Range
Maruti Swift Dzire VDI,2016.0,540000.0,80000.0,Diesel,Individual,Manual,First Owner,10.0,Maruti,8000.0,Mid-Range
Ambassador Classic 2000 Dsz,2002.0,50000.0,60000.0,Diesel,Individual,Manual,Fourth & Above Owner,24.0,Ambassador,2500.0,Budget
Maruti Ciaz Sigma BSIV,2018.0,800000.0,20000.0,Petrol,None,Manual,First Owner,8.0,Maruti,2500.0,Luxury
Ford Figo 1.5D Titanium MT,2016.0,515000.0,25000.0,Diesel,Individual,Manual,First Owner,10.0,Ford,2500.0,Mid-Range
Hyundai i20 1.2 Magna,2010.0,220000.0,96000.0,Petrol,None,Manual,Third Owner,16.0,Hyundai,6000.0,Budget
Hyundai i20 Asta (o),2014.0,525000.0,54000.0,Petrol,Dealer,Manual,Second Owner,12.0,Hyundai,4500.0,Mid-Range
Chevrolet Spark 1.0 LT Option Pack w/ Airbag,2013.0,165000.0,53000.0,Petrol,Dealer,Manual,First Owner,13.0,Chevrolet,4076.923076923077,Budget
Chevrolet Beat LT,2015.0,245000.0,43000.0,Petrol,Dealer,Manual,First Owner,11.0,Chevrolet,3909.090909090909,Budget
Skoda Superb Elegance 2.0 TDI CR AT,2011.0,550000.0,73000.0,Diesel,None,Automatic,First Owner,15.0,Skoda,4866.666666666667,Mid-Range
Hyundai Grand i10 1.2 Kappa Era,2015.0,434999.0,29000.0,Petrol,Dealer,Manual,First Owner,11.0,Hyundai,2636.3636363636365,Mid-Range
Tata Safari Storme EX,2013.0,450000.0,95000.0,Diesel,Dealer,Manual,First Owner,13.0,Tata,7307.692307692308,Mid-Range
Chevrolet Sail 1.2 Base,2014.0,290000.0,25000.0,Petrol,Individual,Manual,First Owner,12.0,Chevrolet,2083.3333333333335,Mid-Range
Volkswagen Vento 1.0 TSI Highline Plus,2011.0,305000.0,53000.0,Petrol,Dealer,Manual,First Owner,15.0,Volkswagen,3533.3333333333335,Mid-Range
Ford Classic 1.6 Duratec LXI,2014.0,265000.0,20000.0,Petrol,Dealer,Manual,First Owner,12.0,Ford,1666.6666666666667,Mid-Range
Honda Brio 1.2 S MT,2014.0,325000.0,57000.0,Petrol,Dealer,Manual,First Owner,12.0,Honda,4750.0,Mid-Range
Chevrolet Cruze LTZ,2014.0,550000.0,52000.0,Diesel,Dealer,Manual,First Owner,12.0,Chevrolet,4333.333333333333,Mid-Range
Maruti Zen Estilo LXI BSIII,2008.0,105000.0,40000.0,Petrol,Individual,Manual,First Owner,18.0,Maruti,2222.222222222222,Budget
Honda Brio 1.2 S MT,2012.0,275000.0,47000.0,Petrol,Dealer,Manual,First Owner,14.0,Honda,3357.1428571428573,Mid-Range
Honda City 1.5 V MT,2012.0,434999.0,47000.0,Petrol,Dealer,Manual,Second Owner,14.0,Honda,3357.1428571428573,Mid-Range
Hyundai Verna 1.6 CRDi SX,2016.0,690000.0,73000.0,Diesel,Dealer,Manual,First Owner,10.0,Hyundai,7300.0,Luxury
Hyundai EON D Lite Plus,2012.0,204999.0,60000.0,Petrol,Dealer,Manual,Third Owner,14.0,Hyundai,4285.714285714285,Budget
Chevrolet Beat Diesel LT,2012.0,200000.0,50000.0,Diesel,Individual,Manual,First Owner,14.0,Chevrolet,3571.4285714285716,Budget
Maruti Alto LXi,2012.0,150000.0,50000.0,Petrol,Individual,Manual,First Owner,14.0,Maruti,3571.4285714285716,Budget
Maruti Zen LX,1999.0,70000.0,60000.0,None,Individual,Manual,First Owner,27.0,Maruti,2222.222222222222,Budget
Maruti Ertiga ZXI AT Petrol,2019.0,950000.0,11000.0,Petrol,Individual,Automatic,First Owner,7.0,Maruti,1571.4285714285713,Luxury
Maruti 800 Std,1998.0,55000.0,80000.0,Petrol,Individual,Manual,First Owner,28.0,Maruti,2857.1428571428573,Budget
Ford Fiesta Titanium 1.5 TDCi,2013.0,450000.0,75000.0,Diesel,Individual,Manual,Second Owner,13.0,Ford,5769.2307692307695,Mid-Range
BMW 5 Series 525d Sedan,2009.0,1200000.0,60000.0,Diesel,Individual,Automatic,Third Owner,17.0,BMW,3529.4117647058824,Luxury
Honda City i DTEC E,2014.0,350000.0,60000.0,Diesel,Individual,Manual,Second Owner,12.0,Honda,5000.0,Mid-Range
Tata Indica Vista Quadrajet LS,2011.0,229999.0,60000.0,Diesel,Individual,Manual,Second Owner,15.0,Tata,4000.0,Budget
Hyundai Creta 1.6 Gamma SX Plus,2015.0,821000.0,50000.0,Petrol,Individual,Manual,First Owner,11.0,Hyundai,4545.454545454545,Luxury
Maruti Alto K10 VXI,2014.0,200000.0,60000.0,Petrol,Individual,Manual,Second Owner,12.0,Maruti,5000.0,Budget
Mahindra Scorpio 1.99 S10,2014.0,1000000.0,60000.0,Diesel,Individual,Manual,Second Owner,12.0,Mahindra,5000.0,Luxury
Maruti Alto 800 VXI,2014.0,220000.0,60000.0,Petrol,None,Manual,Second Owner,12.0,Maruti,5000.0,Budget
Ford Figo Aspire 1.5 TDCi Trend,2015.0,459999.0,148620.0,Diesel,Dealer,Manual,First Owner,11.0,Ford,13510.90909090909,Mid-Range
Maruti SX4 ZDI,2012.0,310000.0,70000.0,None,Individual,Manual,Second Owner,14.0,Maruti,5000.0,Mid-Range
Hyundai Elite i20 Diesel Asta Option,2018.0,815000.0,42000.0,Diesel,None,Manual,First Owner,8.0,Hyundai,5250.0,Luxury
Hyundai Verna 1.6 CRDI SX Option,2017.0,1200000.0,40000.0,Diesel,Individual,Manual,First Owner,9.0,Hyundai,4444.444444444444,Luxury
Chevrolet Optra Magnum 2.0 LT,2011.0,170000.0,150000.0,Diesel,Individual,Manual,Second Owner,15.0,Chevrolet,10000.0,Budget
Maruti S-Cross Alpha DDiS 200 SH,2014.0,1000000.0,30000.0,Diesel,Individual,Manual,First Owner,12.0,Maruti,2500.0,Luxury
Hyundai Santro Xing GLS,2010.0,155000.0,90000.0,Petrol,Individual,Manual,Fourth & Above Owner,16.0,Hyundai,5625.0,Budget
Mahindra TUV 300 T6 Plus,2017.0,400000.0,120000.0,Diesel,None,Manual,First Owner,9.0,Mahindra,13333.333333333334,Mid-Range
Mahindra Quanto C4,2016.0,400000.0,80000.0,Diesel,Individual,Manual,Second Owner,10.0,Mahindra,8000.0,Mid-Range
Tata Indica Vista Aura 1.3 Quadrajet BSIV,2010.0,250000.0,80000.0,Diesel,Individual,Manual,Second Owner,16.0,Tata,5000.0,Mid-Range
Hyundai Santro LP zipPlus,2002.0,80000.0,70000.0,Petrol,None,Manual,Second Owner,24.0,Hyundai,2916.6666666666665,Budget
Maruti SX4 ZXI AT,2009.0,130000.0,120000.0,Petrol,Individual,Automatic,Second Owner,17.0,Maruti,7058.823529411765,Budget
Volkswagen Vento 1.5 TDI Comfortline AT,2014.0,325000.0,70000.0,Diesel,Individual,Automatic,First Owner,12.0,Volkswagen,5833.333333333333,Mid-Range
Volkswagen Jetta 2.0L TDI Highline AT,2012.0,735000.0,55300.0,Diesel,Dealer,Automatic,First Owner,14.0,Volkswagen,3950.0,Luxury
Tata Indica Vista Quadrajet 90 VX,2014.0,285000.0,74300.0,Diesel,Dealer,Manual,First Owner,12.0,Tata,6191.666666666667,Mid-Range
Volkswagen Jetta 1.9 Highline TDI,2010.0,290000.0,87620.0,Diesel,Dealer,Automatic,First Owner,16.0,Volkswagen,5476.25,Mid-Range
Volkswagen Vento 1.5 TDI Highline Plus AT,2017.0,890000.0,40219.0,Diesel,Dealer,Manual,First Owner,9.0,Volkswagen,4468.777777777777,Luxury
Maruti Eeco 5 Seater AC BSIV,2017.0,425000.0,8352.0,Petrol,Dealer,Manual,First Owner,9.0,Maruti,928.0,Mid-Range
Hyundai Grand i10 Asta,2017.0,550000.0,9748.0,Petrol,None,Manual,First Owner,9.0,Hyundai,1083.111111111111,Mid-Range
Volkswagen Polo 1.0 MPI Trendline,2014.0,271000.0,49000.0,Petrol,Dealer,Manual,First Owner,12.0,Volkswagen,4083.3333333333335,Mid-Range
Hyundai EON Era Plus,2014.0,260000.0,37605.0,Petrol,Dealer,Manual,First Owner,12.0,Hyundai,3133.75,Mid-Range
Hyundai Xcent 1.1 CRDi SX Option,2014.0,455000.0,55850.0,Diesel,Dealer,Manual,First Owner,12.0,Hyundai,4654.166666666667,Mid-Range
Tata Nano Lx BSIV,2010.0,75000.0,58850.0,Petrol,Dealer,Manual,First Owner,16.0,Tata,3678.125,Budget
Toyota Etios Cross 1.2L G,2015.0,421000.0,23839.0,Petrol,Dealer,Manual,First Owner,11.0,Toyota,2167.181818181818,Mid-Range
Maruti Swift DDiS LDI,2016.0,550000.0,54000.0,Diesel,Dealer,Manual,First Owner,10.0,Maruti,5400.0,Mid-Range
Hyundai i10 Sportz 1.2 AT,2013.0,330000.0,38000.0,Petrol,Dealer,Automatic,First Owner,13.0,Hyundai,2923.076923076923,Mid-Range
Volkswagen Vento 1.5 TDI Comfortline,2012.0,390000.0,45454.0,Diesel,Dealer,Manual,First Owner,14.0,Volkswagen,3246.714285714286,Mid-Range
Skoda Rapid 1.5 TDI AT Ambition,2015.0,599000.0,60000.0,Diesel,Dealer,Automatic,First Owner,11.0,Skoda,5454.545454545455,Mid-Range
Hyundai Elite i20 Sportz Plus CVT BSIV,2019.0,738000.0,8000.0,Petrol,Individual,Automatic,First Owner,7.0,Hyundai,1142.857142857143,Luxury
Maruti Alto K10 VXI,2016.0,300000.0,30000.0,Petrol,Individual,Manual,First Owner,10.0,Maruti,3000.0,Mid-Range
Tata Indica Vista Quadrajet LX,2012.0,150000.0,110000.0,Diesel,Individual,Manual,First Owner,14.0,Tata,7857.142857142857,Budget
Toyota Innova 2.5 G4 Diesel 7-seater,2007.0,440000.0,223000.0,None,Individual,Manual,Fourth & Above Owner,19.0,Toyota,11736.842105263158,Mid-Range
Volkswagen Vento IPL II Diesel Trendline,2011.0,280000.0,110000.0,Diesel,Individual,Manual,First Owner,15.0,Volkswagen,7333.333333333333,Mid-Range
Hyundai Santro GS,2006.0,100000.0,120000.0,Petrol,Individual,Manual,Second Owner,20.0,Hyundai,6000.0,Budget
Maruti Swift VXi BSIV,2008.0,150000.0,100000.0,Petrol,Individual,Manual,Second Owner,18.0,Maruti,5555.555555555556,Budget
Maruti Swift Dzire VDI,2014.0,380000.0,100000.0,Diesel,Individual,Manual,First Owner,12.0,Maruti,8333.333333333334,Mid-Range
Maruti Alto LX,2006.0,90000.0,60000.0,Petrol,Individual,Manual,Second Owner,20.0,Maruti,3000.0,Budget
Mahindra Scorpio VLS 2.2 mHawk,2008.0,300000.0,270000.0,Diesel,Individual,Manual,Third Owner,18.0,Mahindra,15000.0,Mid-Range
Skoda Fabia 1.2 TDI Active,2011.0,275000.0,60000.0,Diesel,Individual,Manual,Second Owner,15.0,Skoda,4000.0,Mid-Range
Maruti Zen Estilo Sports,2009.0,180000.0,41090.0,Petrol,Individual,Manual,First Owner,17.0,Maruti,2417.0588235294117,Budget
Maruti Swift VDI,2014.0,225000.0,296823.0,Diesel,Individual,Manual,First Owner,12.0,Maruti,24735.25,Budget
Maruti Alto 800 LXI,2014.0,200000.0,40000.0,Petrol,Individual,Manual,First Owner,12.0,Maruti,3333.3333333333335,Budget
Toyota Corolla Altis G,2011.0,500000.0,40000.0,Petrol,Individual,Manual,Second Owner,15.0,Toyota,2666.6666666666665,Mid-Range
Ford Fiesta 1.6 Duratec S,2010.0,300000.0,70000.0,Petrol,Individual,Manual,Second Owner,16.0,Ford,4375.0,Mid-Range
Maruti Swift Dzire VDI,2014.0,650000.0,90000.0,Diesel,Individual,Manual,First Owner,12.0,Maruti,7500.0,Luxury
Maruti Wagon R VXI Plus Optional,2017.0,380000.0,19000.0,Petrol,None,Manual,First Owner,9.0,Maruti,2111.1111111111113,Mid-Range
Maruti Swift Dzire VDI,2014.0,480000.0,110000.0,Diesel,Individual,Manual,Second Owner,12.0,Maruti,9166.666666666666,Mid-Range
Mahindra Jeep MM 540,1996.0,200000.0,60000.0,Diesel,Individual,Manual,First Owner,30.0,Mahindra,2000.0,Budget
Maruti Wagon R VXI Plus Optional,2017.0,380000.0,19000.0,Petrol,Individual,Manual,First Owner,9.0,Maruti,2111.1111111111113,Mid-Range
Maruti Zen Estilo LXI Green (CNG),2014.0,145000.0,68000.0,CNG,Individual,Manual,Second Owner,12.0,Maruti,5666.666666666667,Budget
Maruti Swift Dzire VDI,2014.0,254999.0,30000.0,Diesel,Individual,Manual,First Owner,12.0,Maruti,2500.0,Mid-Range
Maruti Swift VDI BSIV,2015.0,480000.0,140000.0,Diesel,Individual,Manual,Third Owner,11.0,Maruti,12727.272727272728,Mid-Range
Skoda Rapid Monte Carlo 1.6 MPI AT BSIV,2017.0,850000.0,44500.0,Petrol,Individual,Automatic,First Owner,9.0,Skoda,4944.444444444444,Luxury
Hyundai i20 Asta 1.4 CRDi,2014.0,350000.0,60000.0,Diesel,Individual,Manual,Second Owner,12.0,Hyundai,5000.0,Mid-Range
Hyundai i20 Active 1.2 SX,2016.0,650000.0,60000.0,Petrol,Individual,Manual,First Owner,10.0,Hyundai,6000.0,Luxury
Hyundai i20 Active 1.2 SX,2016.0,650000.0,26000.0,Petrol,Individual,Manual,First Owner,10.0,Hyundai,2600.0,Luxury
Tata New Safari 4X2,2007.0,550000.0,60000.0,None,Individual,Manual,Second Owner,19.0,Tata,3157.8947368421054,Mid-Range
Maruti Celerio VXI,2014.0,300000.0,35000.0,Petrol,Individual,Manual,First Owner,12.0,Maruti,2916.6666666666665,Mid-Range
Maruti Swift 1.3 VXi,2008.0,150000.0,60000.0,Petrol,Individual,Manual,First Owner,18.0,Maruti,3333.3333333333335,Budget
Hyundai Santro Xing XG,2004.0,80000.0,60000.0,Petrol,Individual,Manual,First Owner,22.0,Hyundai,2727.2727272727275,Budget
Tata Manza Club Class Quadrajet90 LS,2014.0,200000.0,100000.0,Diesel,Individual,Manual,First Owner,12.0,Tata,8333.333333333334,Budget
Tata Indica GLS BS IV,2009.0,68000.0,60000.0,Petrol,Individual,Manual,Second Owner,17.0,Tata,3529.4117647058824,Budget
Tata Manza ELAN Quadrajet BS IV,2011.0,180000.0,80000.0,Diesel,Individual,Manual,Third Owner,15.0,Tata,5333.333333333333,Budget
Hyundai EON Era Plus,2017.0,290000.0,20000.0,Petrol,Individual,Manual,First Owner,9.0,Hyundai,2222.222222222222,Mid-Range
Maruti Eeco 5 Seater AC BSIV,2018.0,300000.0,25000.0,Petrol,Individual,Manual,First Owner,8.0,Maruti,3125.0,Mid-Range
Maruti Swift LXI,2019.0,470000.0,8000.0,Petrol,Individual,Manual,First Owner,7.0,Maruti,1142.857142857143,Mid-Range
Hyundai i10 Sportz 1.2,2014.0,150000.0,30000.0,Petrol,Individual,Manual,First Owner,12.0,Hyundai,2500.0,Budget
Maruti Swift VVT VXI,2017.0,400000.0,30000.0,Petrol,Individual,Manual,First Owner,9.0,Maruti,3333.3333333333335,Mid-Range
Ford Fiesta 1.4 ZXi TDCi ABS,2009.0,110000.0,100000.0,Diesel,Individual,Manual,Fourth & Above Owner,17.0,Ford,5882.35294117647,Budget
Maruti Alto 800 LXI,2014.0,180000.0,56207.0,Petrol,Dealer,Manual,Second Owner,12.0,Maruti,4683.916666666667,Budget
Hyundai i20 Sportz Petrol,2010.0,250000.0,40000.0,Petrol,Individual,Manual,First Owner,16.0,Hyundai,2500.0,Mid-Range
Maruti Zen LXI,2006.0,80000.0,70000.0,Petrol,Individual,Manual,First Owner,20.0,Maruti,3500.0,Budget
Honda WR-V i-VTEC VX,2018.0,875000.0,1440.0,Petrol,Individual,Manual,First Owner,8.0,Honda,180.0,Luxury
Hyundai Grand i10 Sportz,2015.0,425000.0,12000.0,Petrol,Individual,Manual,First Owner,11.0,Hyundai,1090.909090909091,Mid-Range
Maruti Alto 800 LXI,2019.0,300000.0,50000.0,Petrol,Individual,Manual,First Owner,7.0,Maruti,7142.857142857143,Mid-Range
Honda Amaze VX i-DTEC,2016.0,700000.0,35000.0,Diesel,Individual,Manual,First Owner,10.0,Honda,3500.0,Luxury
Maruti Swift Dzire ZDI,2017.0,650000.0,67000.0,None,Individual,Manual,First Owner,9.0,Maruti,7444.444444444444,Luxury
Mahindra TUV 300 mHAWK100 T8,2017.0,800000.0,60000.0,Diesel,Individual,Manual,First Owner,9.0,Mahindra,6666.666666666667,Luxury
Mahindra Bolero Power Plus SLX,2014.0,675000.0,70000.0,Diesel,Individual,Manual,First Owner,12.0,Mahindra,5833.333333333333,Luxury
Maruti Omni E MPI STD BS IV,2017.0,210000.0,50000.0,Petrol,Individual,Manual,Fourth & Above Owner,9.0,Maruti,5555.555555555556,Budget
Tata New Safari DICOR 2.2 EX 4x2,2009.0,150000.0,120000.0,Diesel,Individual,Manual,Third Owner,17.0,Tata,7058.823529411765,Budget
Maruti Omni CNG,2007.0,45000.0,100000.0,CNG,Individual,Manual,Fourth & Above Owner,19.0,Maruti,5263.1578947368425,Budget
Hyundai i20 Sportz 1.2,2015.0,516000.0,90000.0,Petrol,None,Manual,First Owner,11.0,Hyundai,8181.818181818182,Mid-Range
Hyundai i20 Sportz 1.2,2014.0,450000.0,80000.0,Petrol,Individual,Manual,First Owner,12.0,Hyundai,6666.666666666667,Mid-Range
Chevrolet Spark 1.0 LS,2012.0,134000.0,90000.0,Petrol,Individual,Manual,Second Owner,14.0,Chevrolet,6428.571428571428,Budget
Volkswagen Polo 1.2 MPI Comfortline,2016.0,500000.0,20000.0,Petrol,None,Manual,First Owner,10.0,Volkswagen,2000.0,Mid-Range
Maruti Zen Estilo 1.1 LXI BSIII,2008.0,130000.0,80000.0,Petrol,Individual,Manual,Fourth & Above Owner,18.0,Maruti,4444.444444444444,Budget
Maruti Swift ZDi BSIV,2015.0,575000.0,60000.0,Diesel,Individual,Manual,First Owner,11.0,Maruti,5454.545454545455,Mid-Range
Hyundai Elite i20 Sportz Plus BSIV,2015.0,550000.0,60000.0,Petrol,Individual,Manual,First Owner,11.0,Hyundai,5454.545454545455,Mid-Range
Tata Indica Vista Terra TDI BSIII,2009.0,145000.0,89255.0,Diesel,Individual,Manual,First Owner,17.0,Tata,5250.294117647059,Budget
Tata Indica Vista Quadrajet VX,2013.0,275000.0,110000.0,Diesel,None,Manual,First Owner,13.0,Tata,8461.538461538461,Mid-Range
Toyota Innova 2.5 V Diesel 8-seater,2010.0,630000.0,200000.0,Diesel,Individual,Manual,Third Owner,16.0,Toyota,12500.0,Luxury
Chevrolet Beat Diesel,2012.0,160000.0,90000.0,Diesel,Individual,Manual,Second Owner,14.0,Chevrolet,6428.571428571428,Budget
Fiat Grande Punto 1.3 Dynamic (Diesel),2010.0,150000.0,63000.0,Diesel,Individual,Manual,Third Owner,16.0,Fiat,3937.5,Budget
Honda Mobilio S i VTEC,2015.0,550000.0,23000.0,None,Individual,Manual,First Owner,11.0,Honda,2090.909090909091,Mid-Range
Mahindra Quanto C6,2013.0,349000.0,100000.0,Diesel,Individual,Manual,First Owner,13.0,Mahindra,7692.307692307692,Mid-Range
Mahindra Bolero DI DX 8 Seater,2004.0,229999.0,168000.0,None,None,Manual,Fourth & Above Owner,22.0,Mahindra,7636.363636363636,Budget
Tata Indica Vista Aqua 1.4 TDI,2008.0,110000.0,90000.0,Diesel,Individual,Manual,Third Owner,18.0,Tata,5000.0,Budget
Maruti Wagon R LXI Minor,2008.0,110000.0,70000.0,Petrol,Individual,Manual,First Owner,18.0,Maruti,3888.8888888888887,Budget
Renault KWID RXE,2018.0,245000.0,5550.0,None,Individual,Manual,Second Owner,8.0,Renault,693.75,Budget
Maruti Alto K10 VXI,2014.0,180000.0,100000.0,Petrol,Individual,Manual,Second Owner,12.0,Maruti,8333.333333333334,Budget
Maruti Wagon R VXI BS IV,2014.0,290000.0,80000.0,Petrol,Individual,Manual,Second Owner,12.0,Maruti,6666.666666666667,Mid-Range
Hyundai i20 Magna,2010.0,250000.0,40000.0,Petrol,Individual,Manual,First Owner,16.0,Hyundai,2500.0,Mid-Range
Maruti 800 AC BSII,2004.0,55000.0,60000.0,Petrol,Individual,Manual,Third Owner,22.0,Maruti,2727.2727272727275,Budget
Skoda Laura L n K 1.9 PD,2006.0,500000.0,75000.0,Diesel,Individual,Manual,Second Owner,20.0,Skoda,3750.0,Mid-Range
Mahindra Quanto C4,2013.0,290000.0,150000.0,Diesel,Individual,Manual,Fourth & Above Owner,13.0,Mahindra,11538.461538461539,Mid-Range
Hyundai Santro Magna AMT BSIV,2019.0,400000.0,16000.0,Petrol,Individual,Automatic,First Owner,7.0,Hyundai,2285.714285714286,Mid-Range
Maruti Alto STD,2009.0,72000.0,70000.0,Petrol,Individual,Manual,First Owner,17.0,Maruti,4117.64705882353,Budget
Maruti Ritz VDi,2014.0,250000.0,60000.0,Diesel,Individual,Manual,First Owner,12.0,Maruti,5000.0,Mid-Range
Maruti Swift AMT VXI,2019.0,575000.0,25000.0,Petrol,Individual,Automatic,First Owner,7.0,Maruti,3571.4285714285716,Mid-Range
Kia Seltos HTK Plus AT D,2019.0,1300000.0,10000.0,Diesel,None,Automatic,First Owner,7.0,Kia,1428.5714285714287,Luxury
Hyundai Santro Magna BSIV,2019.0,425000.0,15000.0,Petrol,Individual,Manual,First Owner,7.0,Hyundai,2142.8571428571427,Mid-Range
Maruti Eeco CNG 5 Seater AC BSIV,2019.0,470000.0,10000.0,CNG,Individual,Manual,First Owner,7.0,Maruti,1428.5714285714287,Mid-Range
Toyota Etios VX,2012.0,220000.0,60000.0,Petrol,Individual,Manual,Third Owner,14.0,Toyota,4285.714285714285,Budget
Maruti Alto 800 LXI,2020.0,310000.0,1700.0,Petrol,Individual,Manual,First Owner,6.0,Maruti,283.3333333333333,Mid-Range
Ford Figo 1.5D Trend MT,2014.0,400000.0,45217.0,Diesel,Dealer,Manual,First Owner,12.0,Ford,3768.0833333333335,Mid-Range
Volkswagen Vento Diesel Comfortline,2012.0,215000.0,97000.0,Diesel,Individual,Manual,First Owner,14.0,Volkswagen,6928.571428571428,Budget
Hyundai EON Magna Plus,2018.0,310000.0,20000.0,Petrol,Individual,Manual,First Owner,8.0,Hyundai,2500.0,Mid-Range
Maruti Ciaz ZDi Plus SHVS,2017.0,750000.0,50000.0,Diesel,Individual,Manual,First Owner,9.0,Maruti,5555.555555555556,Luxury
Tata New Safari DICOR 2.2 EX 4x2,2014.0,204999.0,120000.0,Diesel,Individual,Manual,Second Owner,12.0,Tata,10000.0,Budget
Maruti Swift 1.3 VXi,2010.0,260000.0,50000.0,Petrol,Individual,Manual,First Owner,16.0,Maruti,3125.0,Mid-Range
Maruti Alto LXi,2012.0,180000.0,40000.0,Petrol,Individual,Manual,Second Owner,14.0,Maruti,2857.1428571428573,Budget
Mahindra Renault Logan 1.5 DLE Diesel,2007.0,125000.0,110000.0,Diesel,Individual,Manual,Second Owner,19.0,Mahindra,5789.473684210527,Budget
Maruti Swift VDI BSIV,2014.0,420000.0,60000.0,Diesel,Individual,Manual,First Owner,12.0,Maruti,5000.0,Mid-Range
Maruti Alto K10 LXI,2014.0,220000.0,70000.0,Petrol,Individual,Manual,Second Owner,12.0,Maruti,5833.333333333333,Budget
Maruti Alto K10 2010-2014 VXI,2010.0,200000.0,70000.0,Petrol,Individual,Manual,Third Owner,16.0,Maruti,4375.0,Budget
Ford Ikon 1.4 TDCi DuraTorq,2009.0,130000.0,100000.0,Diesel,Individual,Manual,Third Owner,17.0,Ford,5882.35294117647,Budget
Tata Tiago XT,2016.0,335000.0,41000.0,Petrol,Dealer,Manual,First Owner,10.0,Tata,4100.0,Mid-Range
Ford Endeavour Titanium Plus 4X4,2017.0,2650000.0,60000.0,Diesel,Dealer,Automatic,First Owner,9.0,Ford,6666.666666666667,Luxury
Ford Endeavour 3.2 Titanium AT 4X4,2018.0,2675000.0,56000.0,Diesel,Dealer,Automatic,First Owner,8.0,Ford,7000.0,Luxury
Honda City i VTEC S,2014.0,500000.0,60000.0,None,Individual,Manual,First Owner,12.0,Honda,5000.0,Mid-Range
Maruti Alto K10 VXI Airbag,2017.0,290000.0,60000.0,None,Individual,Manual,First Owner,9.0,Maruti,6666.666666666667,Mid-Range
Ford Ecosport 1.5 Ti VCT AT Titanium,2014.0,475000.0,48000.0,Petrol,Dealer,Automatic,Second Owner,12.0,Ford,4000.0,Mid-Range
Maruti Swift Dzire VDi,2009.0,270000.0,190000.0,Diesel,None,Manual,Third Owner,17.0,Maruti,11176.470588235294,Mid-Range
Hyundai Xcent 1.2 VTVT S,2019.0,600000.0,80000.0,Petrol,Individual,Manual,First Owner,7.0,Hyundai,11428.57142857143,Mid-Range
Hyundai i20 Asta 1.4 CRDi,2013.0,300000.0,70000.0,Diesel,Individual,Manual,Second Owner,13.0,Hyundai,5384.615384615385,Mid-Range
Volkswagen Jetta 2.0L TDI Comfortline,2012.0,415000.0,80000.0,Diesel,None,Manual,Second Owner,14.0,Volkswagen,5714.285714285715,Mid-Range
Maruti Vitara Brezza ZDi Plus AMT,2018.0,800000.0,30000.0,Diesel,Individual,Manual,Second Owner,8.0,Maruti,3750.0,Luxury
Hyundai Grand i10 Sportz,2016.0,420000.0,44440.0,Petrol,Individual,Manual,Second Owner,10.0,Hyundai,4444.0,Mid-Range
Hyundai Creta 1.6 CRDi SX Plus,2018.0,1250000.0,30000.0,Diesel,Individual,Manual,First Owner,8.0,Hyundai,3750.0,Luxury
Maruti Swift VDI BSIV,2011.0,270000.0,120000.0,Diesel,Individual,Manual,First Owner,15.0,Maruti,8000.0,Mid-Range
Hyundai Grand i10 CRDi Sportz,2015.0,390000.0,80000.0,None,Individual,Manual,Second Owner,11.0,Hyundai,7272.727272727273,Mid-Range
Skoda Laura Ambiente 2.0 TDI CR MT,2012.0,400000.0,110000.0,Diesel,Individual,Manual,First Owner,14.0,Skoda,7857.142857142857,Mid-Range
Ford Fiesta 1.4 ZXi Leather,2007.0,100000.0,60000.0,Petrol,Individual,Manual,First Owner,19.0,Ford,3157.8947368421054,Budget
Audi A6 2.7 TDI,2010.0,850000.0,46000.0,Diesel,Individual,Automatic,First Owner,16.0,Audi,2875.0,Luxury
Chevrolet Cruze LTZ AT,2012.0,359000.0,60000.0,Diesel,Individual,Automatic,Third Owner,14.0,Chevrolet,4285.714285714285,Mid-Range
Maruti Swift Dzire ZDI,2015.0,470000.0,91365.0,Diesel,Dealer,Manual,First Owner,11.0,Maruti,8305.90909090909,Mid-Range
Maruti Swift Dzire VDI,2013.0,360000.0,90010.0,Diesel,Dealer,Manual,Second Owner,13.0,Maruti,6923.846153846154,Mid-Range
Maruti Ertiga VDI,2013.0,250999.0,80000.0,Diesel,Individual,Manual,First Owner,13.0,Maruti,6153.846153846154,Mid-Range
Honda Jazz 1.2 V i VTEC,2016.0,540000.0,31200.0,Petrol,Dealer,Manual,First Owner,10.0,Honda,3120.0,Mid-Range
Maruti Ciaz VDi Plus SHVS,2016.0,665000.0,51000.0,Diesel,Dealer,Manual,First Owner,10.0,Maruti,5100.0,Luxury
Hyundai i20 Magna 1.4 CRDi (Diesel),2013.0,425000.0,22700.0,Diesel,Dealer,Manual,Second Owner,13.0,Hyundai,1746.1538461538462,Mid-Range
Audi A4 2.0 TDI,2014.0,1295000.0,58000.0,Diesel,Dealer,Automatic,First Owner,12.0,Audi,4833.333333333333,Luxury
Maruti Ciaz VDI SHVS,2016.0,675000.0,50900.0,Diesel,Dealer,Manual,First Owner,10.0,Maruti,5090.0,Luxury
Maruti Vitara Brezza ZDi Plus Dual Tone,2018.0,980000.0,10000.0,Diesel,Individual,Manual,First Owner,8.0,Maruti,1250.0,Luxury
Chevrolet Beat Diesel LS,2014.0,320000.0,60000.0,Diesel,Individual,Manual,First Owner,12.0,Chevrolet,5000.0,Mid-Range
Maruti Baleno Zeta 1.3,2016.0,600000.0,72000.0,Diesel,Individual,Manual,First Owner,10.0,Maruti,7200.0,Mid-Range
Hyundai Xcent 1.2 Kappa S,2016.0,300000.0,96000.0,Petrol,Individual,Manual,First Owner,10.0,Hyundai,9600.0,Mid-Range
Chevrolet Beat Diesel LS,2014.0,305000.0,66000.0,Diesel,Individual,Manual,First Owner,12.0,Chevrolet,5500.0,Mid-Range
Tata New Safari DICOR 2.2 GX 4x2 BS IV,2012.0,270000.0,80000.0,Diesel,Individual,Manual,First Owner,14.0,Tata,5714.285714285715,Mid-Range
Renault Fluence 1.5,2012.0,300000.0,90000.0,None,Individual,Manual,First Owner,14.0,Renault,6428.571428571428,Mid-Range
Maruti Wagon R LXI Minor,2009.0,106000.0,70000.0,Petrol,Individual,Manual,First Owner,17.0,Maruti,4117.64705882353,Budget
Hyundai Accent GLS 1.6 ABS,2006.0,90000.0,75000.0,Petrol,Individual,Manual,Third Owner,20.0,Hyundai,3750.0,Budget
Tata Tiago 1.2 Revotron XZ,2019.0,539000.0,2417.0,Petrol,Individual,Manual,First Owner,7.0,Tata,345.2857142857143,Mid-Range
Hyundai EON Era Plus Option,2016.0,250000.0,30000.0,Petrol,Individual,Manual,Second Owner,10.0,Hyundai,3000.0,Mid-Range
Hyundai i20 Asta (o),2009.0,300000.0,50000.0,Petrol,Individual,Manual,First Owner,17.0,Hyundai,2941.176470588235,Mid-Range
Mahindra Scorpio BSIV,2018.0,707000.0,60000.0,Diesel,None,Manual,First Owner,8.0,Mahindra,7500.0,Luxury
Maruti Eeco CNG 5 Seater AC BSIV,2020.0,495000.0,7000.0,CNG,Individual,Manual,First Owner,6.0,Maruti,1166.6666666666667,Mid-Range
Tata Indigo TDI,2012.0,200000.0,60000.0,None,Individual,Manual,First Owner,14.0,Tata,4285.714285714285,Budget
Maruti A-Star Vxi,2009.0,110000.0,110000.0,Petrol,Individual,Manual,Fourth & Above Owner,17.0,Maruti,6470.588235294118,Budget
Maruti Alto LXi,2008.0,100000.0,130000.0,Petrol,Individual,Manual,Fourth & Above Owner,18.0,Maruti,7222.222222222223,Budget
Maruti Alto 800 LX,2016.0,150000.0,25000.0,Petrol,Individual,Manual,Second Owner,10.0,Maruti,2500.0,Budget
Ford Ikon 1.3 Flair,2005.0,50000.0,80000.0,Petrol,Individual,Manual,Third Owner,21.0,Ford,3809.5238095238096,Budget
Chevrolet Aveo 1.4,2007.0,85000.0,70000.0,Petrol,Individual,Manual,First Owner,19.0,Chevrolet,3684.2105263157896,Budget
Hyundai Grand i10 1.2 Kappa Magna BSIV,2018.0,475000.0,23000.0,Petrol,Individual,Manual,First Owner,8.0,Hyundai,2875.0,Mid-Range
Volkswagen Polo 1.2 MPI Highline,2014.0,425000.0,40000.0,Petrol,Individual,Manual,First Owner,12.0,Volkswagen,3333.3333333333335,Mid-Range
Maruti S-Cross Delta DDiS 200 SH,2019.0,950000.0,10000.0,Diesel,Individual,Manual,First Owner,7.0,Maruti,1428.5714285714287,Luxury
Maruti Swift Dzire VDI,2015.0,535000.0,80000.0,Diesel,Individual,Manual,First Owner,11.0,Maruti,7272.727272727273,Mid-Range
Hyundai Verna CRDi SX ABS,2009.0,325000.0,25000.0,Diesel,Individual,Manual,Third Owner,17.0,Hyundai,1470.5882352941176,Mid-Range
Maruti Wagon R Stingray VXI,2013.0,270000.0,74000.0,Petrol,Individual,Manual,Third Owner,13.0,Maruti,5692.307692307692,Mid-Range
Tata New Safari DICOR 2.2 EX 4x2,2010.0,350000.0,100000.0,Diesel,Individual,Manual,First Owner,16.0,Tata,6250.0,Mid-Range
Hyundai Verna CRDi SX,2008.0,229999.0,146000.0,Diesel,None,Manual,Third Owner,18.0,Hyundai,8111.111111111111,Budget
Maruti Swift Dzire LDi,2014.0,325000.0,120000.0,Diesel,Individual,Manual,Second Owner,12.0,Maruti,10000.0,Mid-Range
Maruti Wagon R LXI,2005.0,70000.0,70000.0,None,Individual,Manual,Second Owner,21.0,Maruti,3333.3333333333335,Budget
Skoda Laura Ambiente,2008.0,190000.0,120000.0,Diesel,Individual,Manual,Third Owner,18.0,Skoda,6666.666666666667,Budget
Chevrolet Cruze LTZ,2011.0,345000.0,65500.0,Diesel,Individual,Manual,First Owner,15.0,Chevrolet,4366.666666666667,Mid-Range
Mahindra Scorpio 1.99 S10,2016.0,1025000.0,70000.0,Diesel,Individual,Manual,First Owner,10.0,Mahindra,7000.0,Luxury
Maruti Alto 800 LXI,2012.0,120000.0,50000.0,Petrol,Individual,Manual,First Owner,14.0,Maruti,3571.4285714285716,Budget
Maruti Alto LXi BSIII,2014.0,114999.0,60000.0,None,Individual,Manual,Second Owner,12.0,Maruti,5000.0,Budget
Honda City 1.5 S MT,2009.0,300000.0,120000.0,Petrol,Individual,Manual,Second Owner,17.0,Honda,7058.823529411765,Mid-Range
Maruti Wagon R LXI,2005.0,90000.0,70000.0,Petrol,Individual,Manual,Second Owner,21.0,Maruti,3333.3333333333335,Budget
Maruti Alto LX,2006.0,150000.0,140300.0,Petrol,Individual,Manual,First Owner,20.0,Maruti,7015.0,Budget
Maruti Alto K10 2010-2014 VXI,2010.0,115999.0,70000.0,None,Individual,Manual,First Owner,16.0,Maruti,4375.0,Budget
Toyota Etios Liva 1.4 VD,2017.0,425000.0,36000.0,Diesel,Dealer,Manual,First Owner,9.0,Toyota,4000.0,Mid-Range
Honda Amaze VX O iDTEC,2017.0,550000.0,12997.0,Diesel,None,Manual,First Owner,9.0,Honda,1444.111111111111,Mid-Range
Maruti Ciaz 1.4 AT Zeta,2017.0,500000.0,40000.0,Petrol,Individual,Automatic,First Owner,9.0,Maruti,4444.444444444444,Mid-Range
Mahindra Quanto C8,2013.0,300000.0,25000.0,Diesel,Individual,Manual,Second Owner,13.0,Mahindra,1923.076923076923,Mid-Range
Hyundai Verna CRDi 1.6 SX Option,2018.0,1150000.0,26430.0,Diesel,None,Manual,First Owner,8.0,Hyundai,3303.75,Luxury
Maruti Swift 1.3 VXI ABS,2015.0,475000.0,24600.0,Petrol,None,Manual,First Owner,11.0,Maruti,2236.3636363636365,Mid-Range
Ford Ecosport 1.0 Ecoboost Titanium Optional,2013.0,350000.0,60000.0,Petrol,Individual,Manual,First Owner,13.0,Ford,4615.384615384615,Mid-Range
Mahindra XUV500 W8 2WD,2013.0,750000.0,41988.0,Diesel,Dealer,Manual,First Owner,13.0,Mahindra,3229.846153846154,Luxury
Renault KWID Climber 1.0 AMT BSIV,2017.0,350000.0,7658.0,Petrol,Dealer,Automatic,First Owner,9.0,Renault,850.8888888888889,Mid-Range
Maruti Wagon R LXI,2009.0,180000.0,30375.0,Petrol,Dealer,Manual,First Owner,17.0,Maruti,1786.764705882353,Budget
Maruti Swift Dzire VDI,2017.0,611000.0,34400.0,Diesel,Dealer,Manual,First Owner,9.0,Maruti,3822.222222222222,Luxury
Renault KWID RXL BSIV,2017.0,325000.0,18500.0,Petrol,Dealer,Manual,First Owner,9.0,Renault,2055.5555555555557,Mid-Range
Hyundai EON 1.0 Era Plus,2012.0,225000.0,48000.0,Petrol,Dealer,Manual,First Owner,14.0,Hyundai,3428.5714285714284,Budget
Mahindra Bolero Power Plus SLX,2017.0,400000.0,50000.0,Diesel,Individual,Manual,Second Owner,9.0,Mahindra,5555.555555555556,Mid-Range
Mahindra XUV500 W8 2WD,2012.0,711000.0,53600.0,Diesel,Dealer,Manual,First Owner,14.0,Mahindra,3828.5714285714284,Luxury
Maruti Zen Estilo LXI BSIII,2007.0,275000.0,10211.0,Petrol,Individual,Manual,First Owner,19.0,Maruti,537.421052631579,Mid-Range
Mahindra Scorpio 2.6 SLX Turbo 7 Seater,2005.0,120000.0,120000.0,Diesel,Individual,Manual,Third Owner,21.0,Mahindra,5714.285714285715,Budget
Hyundai Verna 1.6 SX,2012.0,500000.0,130000.0,Diesel,Individual,Manual,First Owner,14.0,Hyundai,9285.714285714286,Mid-Range
Nissan Sunny Diesel XL,2013.0,220000.0,90000.0,Diesel,Individual,Manual,Second Owner,13.0,Nissan,6923.076923076923,Budget
Ford Fiesta 1.6 Duratec EXI Ltd,2008.0,120000.0,80000.0,Petrol,Individual,Manual,Second Owner,18.0,Ford,4444.444444444444,Budget
Hyundai Santro Xing XK,2007.0,70000.0,55000.0,Petrol,Individual,Manual,Second Owner,19.0,Hyundai,2894.7368421052633,Budget
Maruti Swift Dzire ZXI Plus,2017.0,800000.0,15000.0,Petrol,Individual,Manual,First Owner,9.0,Maruti,1666.6666666666667,Luxury
Maruti Swift Dzire VDI,2014.0,450000.0,60000.0,Diesel,Individual,Manual,Second Owner,12.0,Maruti,5000.0,Mid-Range
Mahindra Scorpio SLE BSIV,2014.0,525000.0,145000.0,Diesel,Individual,Manual,First Owner,12.0,Mahindra,12083.333333333334,Mid-Range
Datsun GO Plus Remix Limited Edition,2016.0,300000.0,35000.0,Petrol,Individual,Manual,First Owner,10.0,Datsun,3500.0,Mid-Range
Hyundai i10 Magna,2008.0,195000.0,56000.0,Petrol,None,Manual,Second Owner,18.0,Hyundai,3111.1111111111113,Budget
Ford Fiesta Classic 1.4 SXI Duratorq,2007.0,130000.0,98000.0,Diesel,Individual,Manual,Second Owner,19.0,Ford,5157.894736842105,Budget
Toyota Etios VD,2011.0,300000.0,135000.0,Diesel,Individual,Manual,Second Owner,15.0,Toyota,9000.0,Mid-Range
Maruti Alto VXi,2002.0,120000.0,60000.0,Petrol,Individual,Manual,Third Owner,24.0,Maruti,2500.0,Budget
Toyota Innova 2.5 G3,2010.0,450000.0,120000.0,None,Individual,Manual,Third Owner,16.0,Toyota,7500.0,Mid-Range
Tata Indigo LS,2014.0,160000.0,102000.0,Diesel,None,Manual,Second Owner,12.0,Tata,8500.0,Budget
Mahindra Bolero Power Plus Plus AC BSIV PS,2018.0,800000.0,35000.0,Diesel,Individual,Manual,First Owner,8.0,Mahindra,4375.0,Luxury
Volkswagen Polo GTI,2017.0,825000.0,60000.0,Petrol,Dealer,Automatic,First Owner,9.0,Volkswagen,6666.666666666667,Luxury
Maruti Alto 800 LXI,2015.0,265000.0,32933.0,None,Dealer,Manual,First Owner,11.0,Maruti,2993.909090909091,Mid-Range
Maruti Wagon R LXI,2008.0,175000.0,54551.0,Petrol,Dealer,Manual,First Owner,18.0,Maruti,3030.6111111111113,Budget
Maruti Omni 8 Seater BSIV,2014.0,250999.0,57112.0,Petrol,Dealer,Manual,First Owner,12.0,Maruti,4759.333333333333,Mid-Range
Hyundai Xcent 1.2 VTVT S AT,2015.0,471000.0,41025.0,Petrol,Dealer,Automatic,First Owner,11.0,Hyundai,3729.5454545454545,Mid-Range
Maruti Swift Dzire LDI,2019.0,650000.0,5000.0,Diesel,Individual,Manual,First Owner,7.0,Maruti,714.2857142857143,Luxury
Hyundai EON Magna,2012.0,225000.0,53122.0,Petrol,Dealer,Manual,Second Owner,14.0,Hyundai,3794.4285714285716,Budget
Maruti Alto 800 LXI CNG,2013.0,245000.0,64111.0,CNG,Dealer,Manual,First Owner,13.0,Maruti,4931.615384615385,Budget
Maruti Ritz LXi,2011.0,221000.0,78892.0,Petrol,Dealer,Manual,First Owner,15.0,Maruti,5259.466666666666,Budget
Hyundai i20 1.2 Asta,2011.0,271000.0,74113.0,None,Dealer,Manual,First Owner,15.0,Hyundai,4940.866666666667,Mid-Range
Maruti Wagon R VXI,2012.0,290000.0,80000.0,Petrol,Dealer,Manual,First Owner,14.0,Maruti,5714.285714285715,Mid-Range
Maruti Swift VXi BSIV,2017.0,525000.0,39000.0,Petrol,Dealer,Manual,First Owner,9.0,Maruti,4333.333333333333,Mid-Range
Volkswagen Vento 1.6 Highline,2012.0,377000.0,84775.0,Petrol,Dealer,Manual,First Owner,14.0,Volkswagen,6055.357142857143,Mid-Range
Tata Nano LX SE,2012.0,95000.0,20778.0,Petrol,Dealer,Manual,First Owner,14.0,Tata,1484.142857142857,Budget
Maruti Ertiga VDI,2015.0,763000.0,64441.0,Diesel,Dealer,Manual,First Owner,11.0,Maruti,5858.272727272727,Luxury
Honda Amaze S i-Vtech,2015.0,450000.0,43192.0,Petrol,Dealer,Manual,First Owner,11.0,Honda,3926.5454545454545,Mid-Range
Tata Nano Twist XE,2014.0,140000.0,44416.0,Petrol,None,Manual,First Owner,12.0,Tata,3701.3333333333335,Budget
Maruti Ciaz VDi Plus SHVS,2016.0,701000.0,79991.0,Diesel,Dealer,Manual,First Owner,10.0,Maruti,7999.1,Luxury
Nissan Micra Diesel XV,2014.0,277000.0,62601.0,None,Dealer,Manual,Second Owner,12.0,Nissan,5216.75,Mid-Range
Maruti Baleno Delta Automatic,2018.0,520000.0,50000.0,Petrol,Individual,Automatic,First Owner,8.0,Maruti,6250.0,Mid-Range
Volkswagen Vento Diesel Highline,2011.0,260000.0,60000.0,Diesel,Individual,Manual,Third Owner,15.0,Volkswagen,4000.0,Mid-Range
Renault Pulse RxZ,2014.0,420000.0,100000.0,Diesel,Individual,Manual,First Owner,12.0,Renault,8333.333333333334,Mid-Range
OpelCorsa 1.4 GL,2002.0,35000.0,100000.0,Petrol,Individual,Manual,Third Owner,24.0,OpelCorsa,4166.666666666667,Budget
Mahindra XUV500 W7 BSIV,2018.0,1150000.0,20000.0,Diesel,Individual,Manual,First Owner,8.0,Mahindra,2500.0,Luxury
Maruti Ciaz 1.4 Zeta,2017.0,680000.0,46000.0,Petrol,Individual,Manual,First Owner,9.0,Maruti,5111.111111111111,Luxury
Maruti Swift VDI,2012.0,425000.0,40000.0,Diesel,Individual,Manual,First Owner,14.0,Maruti,2857.1428571428573,Mid-Range
Maruti Swift Dzire LDI,2014.0,450000.0,70000.0,Diesel,Individual,Manual,Second Owner,12.0,Maruti,5833.333333333333,Mid-Range
Volkswagen Jetta 1.4 TSI Comfortline,2017.0,936999.0,60800.0,None,Individual,Manual,First Owner,9.0,Volkswagen,6755.555555555556,Luxury
Honda Mobilio S i DTEC,2015.0,420000.0,104000.0,Diesel,Individual,Manual,Second Owner,11.0,Honda,9454.545454545454,Mid-Range
Volkswagen Polo 1.5 TDI Highline,2014.0,450000.0,80000.0,Diesel,Individual,Manual,First Owner,12.0,Volkswagen,6666.666666666667,Mid-Range
Maruti 800 AC,2004.0,40000.0,69111.0,Petrol,Individual,Manual,Third Owner,22.0,Maruti,3141.409090909091,Budget
Tata Nano CX,2014.0,55000.0,40000.0,Petrol,Individual,Manual,First Owner,12.0,Tata,3333.3333333333335,Budget
Mahindra Bolero DI DX 7 Seater,2001.0,80000.0,100000.0,Diesel,Individual,Manual,Third Owner,25.0,Mahindra,4000.0,Budget
Ford Figo Petrol Titanium,2015.0,300000.0,50000.0,Petrol,Individual,Manual,Second Owner,11.0,Ford,4545.454545454545,Mid-Range
Tata Tiago 1.05 Revotorq XM,2017.0,260000.0,50000.0,Diesel,Individual,Manual,First Owner,9.0,Tata,5555.555555555556,Mid-Range
Tata Indica Vista Aqua TDI BSIII,2008.0,80000.0,90000.0,Diesel,None,Manual,First Owner,18.0,Tata,5000.0,Budget
Toyota Innova 2.5 GX (Diesel) 7 Seater BS IV,2010.0,450000.0,150000.0,Diesel,Individual,Manual,Second Owner,16.0,Toyota,9375.0,Mid-Range
Toyota Innova 2.5 G (Diesel) 8 Seater BS IV,2005.0,310000.0,120000.0,Diesel,Individual,Manual,Second Owner,21.0,Toyota,5714.285714285715,Mid-Range
Toyota Innova 2.5 GX (Diesel) 8 Seater,2014.0,500000.0,100000.0,Diesel,Individual,Manual,First Owner,12.0,Toyota,8333.333333333334,Mid-Range
Maruti Ertiga SHVS VDI,2016.0,800000.0,70000.0,Diesel,Individual,Manual,Second Owner,10.0,Maruti,7000.0,Luxury
Honda Amaze S i-Vtech,2016.0,490000.0,50000.0,Petrol,Individual,Manual,First Owner,10.0,Honda,5000.0,Mid-Range
Tata Indica Vista Aqua 1.4 TDI,2010.0,125000.0,81000.0,Diesel,Individual,Manual,Second Owner,16.0,Tata,5062.5,Budget
Chevrolet Tavera Neo 2 LS B4 7 Str BSIII,2012.0,400000.0,120000.0,Diesel,Individual,Manual,Third Owner,14.0,Chevrolet,8571.42857142857,Mid-Range
Ford Figo Aspire 1.2 Ti-VCT Titanium Plus,2014.0,530000.0,60000.0,Petrol,Dealer,Manual,First Owner,12.0,Ford,5000.0,Mid-Range
Ford EcoSport 1.5 Diesel Titanium Plus BSIV,2017.0,840000.0,49213.0,Diesel,Dealer,Manual,First Owner,9.0,Ford,5468.111111111111,Luxury
Hyundai i10 Sportz 1.1L,2015.0,229999.0,40000.0,Petrol,Individual,Manual,First Owner,11.0,Hyundai,3636.3636363636365,Budget
Maruti 800 Std,1998.0,40000.0,40000.0,Petrol,Individual,Manual,Fourth & Above Owner,28.0,Maruti,1428.5714285714287,Budget
Chevrolet Spark 1.0 LS,2012.0,130000.0,60000.0,Petrol,Individual,Manual,First Owner,14.0,Chevrolet,4285.714285714285,Budget
Hyundai EON Era Plus,2015.0,200000.0,70000.0,Petrol,Individual,Manual,First Owner,11.0,Hyundai,6363.636363636364,Budget
Tata Indica Vista Aqua TDI BSIII,2011.0,120000.0,70000.0,Diesel,Individual,Manual,First Owner,15.0,Tata,4666.666666666667,Budget
Hyundai Santro LP zipPlus,2003.0,75000.0,57000.0,Petrol,Individual,Manual,First Owner,23.0,Hyundai,2478.2608695652175,Budget
Tata Bolt Quadrajet XE,2014.0,250000.0,120000.0,Diesel,Individual,Manual,First Owner,12.0,Tata,10000.0,Mid-Range
Maruti 800 AC BSIII,2005.0,100000.0,30000.0,Petrol,Individual,Manual,First Owner,21.0,Maruti,1428.5714285714287,Budget
Hyundai EON Era Plus,2013.0,280000.0,3240.0,Petrol,Individual,Manual,Second Owner,13.0,Hyundai,249.23076923076923,Mid-Range
Hyundai i20 Magna 1.2,2015.0,540000.0,5000.0,Petrol,Individual,Manual,First Owner,11.0,Hyundai,454.54545454545456,Mid-Range
Maruti SX4 VDI,2011.0,320000.0,100000.0,Diesel,Individual,Manual,First Owner,15.0,Maruti,6666.666666666667,Mid-Range
Honda Amaze S i-DTEC,2016.0,475000.0,90000.0,Diesel,Individual,Manual,First Owner,10.0,Honda,9000.0,Mid-Range
Tata Manza Aura (ABS) Quadrajet BS IV,2011.0,220000.0,140000.0,Diesel,None,Manual,First Owner,15.0,Tata,9333.333333333334,Budget
Nissan Micra Diesel XV Premium,2013.0,210000.0,13770.0,Diesel,Individual,Manual,First Owner,13.0,Nissan,1059.2307692307693,Budget
Ford Ikon 1.3 Flair,2005.0,61000.0,4637.0,Petrol,Individual,Manual,Second Owner,21.0,Ford,220.8095238095238,Budget
Skoda Superb Elegance 2.0 TDI CR AT,2009.0,355000.0,100000.0,Diesel,Individual,Automatic,Second Owner,17.0,Skoda,5882.35294117647,Mid-Range
Chevrolet Beat Diesel LT,2012.0,150000.0,60000.0,Diesel,Individual,Manual,First Owner,14.0,Chevrolet,4285.714285714285,Budget
Tata Indica Vista Quadrajet LX,2011.0,133000.0,80000.0,Diesel,Individual,Manual,First Owner,15.0,Tata,5333.333333333333,Budget
Chevrolet Cruze LTZ AT,2015.0,650000.0,50000.0,Diesel,Individual,Automatic,First Owner,11.0,Chevrolet,4545.454545454545,Luxury
Nissan Micra XL,2014.0,210000.0,40000.0,Petrol,Individual,Manual,Second Owner,12.0,Nissan,3333.3333333333335,Budget
Chevrolet Beat Diesel LS,2013.0,130000.0,93900.0,Diesel,Individual,Manual,First Owner,13.0,Chevrolet,7223.076923076923,Budget
Maruti 800 AC,2007.0,60000.0,70000.0,Petrol,Individual,Manual,First Owner,19.0,Maruti,3684.2105263157896,Budget
Mahindra Scorpio 2.6 SLX Turbo 7 Seater,2005.0,120000.0,120000.0,Diesel,Individual,Manual,Third Owner,21.0,Mahindra,5714.285714285715,Budget
BMW 5 Series 520d Luxury Line,2017.0,2900000.0,40000.0,Diesel,Individual,Automatic,First Owner,9.0,BMW,4444.444444444444,Luxury
Hyundai Accent CRDi,2005.0,100000.0,120000.0,Diesel,Individual,Manual,Second Owner,21.0,Hyundai,5714.285714285715,Budget
Chevrolet Beat Diesel LS,2012.0,120000.0,110000.0,Diesel,Individual,Manual,First Owner,14.0,Chevrolet,7857.142857142857,Budget
Chevrolet Enjoy 1.3 TCDi LS 8,2013.0,425000.0,20000.0,Diesel,Dealer,Manual,First Owner,13.0,Chevrolet,1538.4615384615386,Mid-Range
Maruti Wagon R LXI,2001.0,70000.0,117000.0,Petrol,Individual,Manual,Second Owner,25.0,Maruti,4680.0,Budget
Maruti Swift VXI,2020.0,619000.0,60000.0,Petrol,Individual,Manual,First Owner,6.0,Maruti,10000.0,Luxury
Nissan Micra XL,2017.0,415000.0,60000.0,Petrol,Dealer,Manual,First Owner,9.0,Nissan,6666.666666666667,Mid-Range
Hyundai EON Era Plus Option,2014.0,265000.0,55000.0,Petrol,Dealer,Manual,First Owner,12.0,Hyundai,4583.333333333333,Mid-Range
Tata Indigo Grand Dicor,2013.0,211000.0,80000.0,Diesel,None,Manual,First Owner,13.0,Tata,6153.846153846154,Budget
Hyundai Elite i20 Petrol Magna Exective,2018.0,550000.0,11000.0,Petrol,Individual,Manual,First Owner,8.0,Hyundai,1375.0,Mid-Range
Chevrolet Enjoy TCDi LT 8 Seater,2014.0,350000.0,110000.0,Diesel,Individual,Manual,First Owner,12.0,Chevrolet,9166.666666666666,Mid-Range
Maruti Wagon R VXI AMT,2017.0,420000.0,19890.0,Petrol,None,Automatic,First Owner,9.0,Maruti,2210.0,Mid-Range
Renault KWID RXT,2015.0,270000.0,20969.0,Petrol,Dealer,Manual,First Owner,11.0,Renault,1906.2727272727273,Mid-Range
Maruti Celerio VXI,2016.0,399000.0,20194.0,Petrol,Dealer,Manual,First Owner,10.0,Maruti,2019.4,Mid-Range
Ford Figo Trend,2016.0,440000.0,34982.0,Petrol,Dealer,Manual,First Owner,10.0,Ford,3498.2,Mid-Range
Hyundai EON Magna,2012.0,250000.0,44588.0,Petrol,Dealer,Manual,First Owner,14.0,Hyundai,3184.8571428571427,Mid-Range
Ford Ecosport 1.5 Diesel Titanium,2016.0,650000.0,57904.0,Diesel,Dealer,Manual,First Owner,10.0,Ford,5790.4,Luxury
Maruti Alto K10 VXI,2015.0,270000.0,59258.0,None,Dealer,Manual,First Owner,11.0,Maruti,5387.090909090909,Mid-Range
Ford Figo Trend,2016.0,390000.0,60826.0,Petrol,Dealer,Manual,First Owner,10.0,Ford,6082.6,Mid-Range
Mahindra XUV500 W10 2WD,2018.0,1500000.0,50000.0,Diesel,Individual,Manual,First Owner,8.0,Mahindra,6250.0,Luxury
Maruti 800 AC,2014.0,225000.0,35000.0,Petrol,Individual,Manual,First Owner,12.0,Maruti,2916.6666666666665,Budget
Mahindra XUV500 W8 2WD,2015.0,900000.0,110000.0,None,Individual,Manual,Second Owner,11.0,Mahindra,10000.0,Luxury
Hyundai Tucson 2.0 e-VGT 2WD AT GL,2018.0,1600000.0,40000.0,Diesel,Individual,Automatic,First Owner,8.0,Hyundai,5000.0,Luxury
Tata Nexon 1.2 Revotron XZ Plus Dual Tone,2019.0,800000.0,10000.0,None,Individual,Manual,First Owner,7.0,Tata,1428.5714285714287,Luxury
Honda Amaze E i-Dtech,2013.0,320000.0,50000.0,Diesel,Individual,Manual,First Owner,13.0,Honda,3846.153846153846,Mid-Range
Hyundai i20 1.2 Asta Dual Tone,2018.0,740000.0,25000.0,Petrol,Individual,Manual,First Owner,8.0,Hyundai,3125.0,Luxury
Datsun RediGO SV 1.0,2019.0,350000.0,60000.0,Petrol,Individual,Manual,First Owner,7.0,Datsun,8571.42857142857,Mid-Range
Datsun GO T BSIV,2014.0,280000.0,40000.0,Petrol,Individual,Manual,First Owner,12.0,Datsun,3333.3333333333335,Mid-Range
Maruti Swift Dzire AMT VDI,2018.0,675000.0,50000.0,Diesel,None,Automatic,First Owner,8.0,Maruti,6250.0,Luxury
Chevrolet Captiva 2.0L VCDi,2011.0,400000.0,76000.0,Diesel,Individual,Manual,Third Owner,15.0,Chevrolet,5066.666666666667,Mid-Range
Mahindra Scorpio VLX 2WD BSIV,2010.0,420000.0,100000.0,Diesel,Individual,Manual,Third Owner,16.0,Mahindra,6250.0,Mid-Range
Tata New Safari 3L Dicor LX 4x2,2014.0,300000.0,120000.0,Diesel,Individual,Manual,First Owner,12.0,Tata,10000.0,Mid-Range
Maruti Wagon R VXI Minor,2014.0,170000.0,70000.0,Petrol,Individual,Manual,First Owner,12.0,Maruti,5833.333333333333,Budget
Hyundai EON Era Plus,2014.0,210000.0,70000.0,Petrol,Individual,Manual,Third Owner,12.0,Hyundai,5833.333333333333,Budget
Maruti Wagon R VXI BS IV,2014.0,260000.0,38000.0,Petrol,Individual,Manual,Second Owner,12.0,Maruti,3166.6666666666665,Mid-Range
Tata Nano Twist XT,2015.0,82000.0,19000.0,Petrol,Individual,Manual,First Owner,11.0,Tata,1727.2727272727273,Budget
Mahindra TUV 300 T8,2016.0,690000.0,75000.0,Diesel,Individual,Manual,First Owner,10.0,Mahindra,7500.0,Luxury
Hyundai Grand i10 CRDi Asta,2015.0,300000.0,70000.0,Diesel,None,Manual,First Owner,11.0,Hyundai,6363.636363636364,Mid-Range
Honda BRV i-DTEC V MT,2017.0,1250000.0,30000.0,Diesel,Individual,Manual,First Owner,9.0,Honda,3333.3333333333335,Luxury
Toyota Fortuner 3.0 Diesel,2010.0,1000000.0,180000.0,Diesel,Individual,Manual,First Owner,16.0,Toyota,11250.0,Luxury
Maruti Alto 800 LXI,2014.0,190000.0,90000.0,Petrol,None,Manual,Second Owner,12.0,Maruti,7500.0,Budget
Mahindra Verito 1.5 D2 BSIII,2014.0,250000.0,30000.0,Diesel,Individual,Manual,First Owner,12.0,Mahindra,2500.0,Mid-Range
Hyundai Verna 1.6 i ABS,2009.0,200000.0,60000.0,Petrol,Individual,Manual,First Owner,17.0,Hyundai,3529.4117647058824,Budget
Mahindra Bolero DI,2005.0,300000.0,90000.0,Diesel,Individual,Manual,Second Owner,21.0,Mahindra,4285.714285714285,Mid-Range
Maruti 800 AC,2008.0,90000.0,70000.0,Petrol,None,Manual,Third Owner,18.0,Maruti,3888.8888888888887,Budget
Hyundai Grand i10 1.2 Kappa Asta,2017.0,500000.0,26500.0,Petrol,Individual,Manual,First Owner,9.0,Hyundai,2944.4444444444443,Mid-Range
Maruti Alto LX,2007.0,100000.0,52000.0,Petrol,Individual,Manual,Second Owner,19.0,Maruti,2736.842105263158,Budget
Renault Duster 85PS Diesel RxL,2016.0,700000.0,160000.0,None,Individual,Manual,First Owner,10.0,Renault,16000.0,Luxury
Volvo XC60 D3 Kinetic,2014.0,1750000.0,60000.0,Diesel,Dealer,Automatic,Third Owner,12.0,Volvo,5000.0,Luxury
Toyota Innova 2.5 Z Diesel 7 Seater BS IV,2014.0,1050000.0,97000.0,Diesel,Individual,Manual,Second Owner,12.0,Toyota,8083.333333333333,Luxury
Tata Indigo LX Dicor,2008.0,70000.0,100000.0,Diesel,Individual,Manual,Third Owner,18.0,Tata,5555.555555555556,Budget
Maruti Swift ZDi BSIV,2016.0,520000.0,41000.0,Diesel,Individual,Manual,First Owner,10.0,Maruti,4100.0,Mid-Range
Tata Indigo LS,2012.0,150000.0,90000.0,Diesel,Individual,Manual,First Owner,14.0,Tata,6428.571428571428,Budget
Hyundai i10 Magna 1.1,2008.0,120000.0,90000.0,Petrol,Individual,Manual,First Owner,18.0,Hyundai,5000.0,Budget
Hyundai i20 Asta Option 1.2,2016.0,600000.0,60000.0,Petrol,Individual,Manual,First Owner,10.0,Hyundai,6000.0,Mid-Range
Tata Xenon XT EX 4X4,2010.0,150000.0,70000.0,Diesel,Individual,Manual,Second Owner,16.0,Tata,4375.0,Budget
Volkswagen Vento Petrol Highline,2011.0,400000.0,60000.0,Petrol,Individual,Manual,First Owner,15.0,Volkswagen,4000.0,Mid-Range
Maruti Alto 800 LXI,2015.0,310000.0,30000.0,Petrol,Individual,Manual,Second Owner,11.0,Maruti,2727.2727272727275,Mid-Range
Maruti Baleno Alpha 1.2,2015.0,550000.0,30000.0,Petrol,Individual,Manual,First Owner,11.0,Maruti,2727.2727272727275,Mid-Range
Hyundai i20 Asta Option 1.4 CRDi,2016.0,550000.0,60000.0,Diesel,Individual,Manual,First Owner,10.0,Hyundai,6000.0,Mid-Range
Hyundai Grand i10 CRDi Magna,2013.0,320000.0,73000.0,Diesel,Individual,Manual,First Owner,13.0,Hyundai,5615.384615384615,Mid-Range
Maruti 800 AC BSII,1992.0,50000.0,100000.0,Petrol,Individual,Manual,Fourth & Above Owner,34.0,Maruti,2941.176470588235,Budget
Hyundai Grand i10 1.2 Kappa Asta,2018.0,500000.0,32000.0,Petrol,Individual,Manual,First Owner,8.0,Hyundai,4000.0,Mid-Range
Renault KWID RXT,2018.0,360000.0,60000.0,Petrol,Individual,Manual,First Owner,8.0,Renault,7500.0,Mid-Range
Maruti Vitara Brezza VDi Option,2017.0,700000.0,50000.0,Diesel,Individual,Manual,Second Owner,9.0,Maruti,5555.555555555556,Luxury
Maruti Ertiga VDI,2012.0,700000.0,110000.0,Diesel,Individual,Manual,Second Owner,14.0,Maruti,7857.142857142857,Luxury
Hyundai i20 1.4 Sportz,2014.0,655000.0,84000.0,Diesel,Dealer,Manual,First Owner,12.0,Hyundai,7000.0,Luxury
Maruti Vitara Brezza VDi Option,2017.0,700000.0,50000.0,Diesel,Individual,Manual,Second Owner,9.0,Maruti,5555.555555555556,Luxury
Chevrolet Beat LT LPG,2011.0,200000.0,110000.0,LPG,Individual,Manual,First Owner,15.0,Chevrolet,7333.333333333333,Budget
Renault Duster 85PS Diesel RxL Optional,2012.0,375000.0,150000.0,Diesel,Individual,Manual,First Owner,14.0,Renault,10714.285714285714,Mid-Range
Hyundai Verna 1.6 SX,2012.0,470000.0,109052.0,Diesel,None,Manual,First Owner,14.0,Hyundai,7789.428571428572,Mid-Range
Maruti Ciaz VDi,2015.0,550000.0,60000.0,Diesel,Dealer,Manual,First Owner,11.0,Maruti,5454.545454545455,Mid-Range
Datsun GO T Option BSIV,2015.0,210000.0,25000.0,Petrol,None,Manual,First Owner,11.0,Datsun,2272.7272727272725,Budget
Maruti Eeco 7 Seater Standard BSIV,2018.0,270000.0,20000.0,Petrol,Individual,Manual,First Owner,8.0,Maruti,2500.0,Mid-Range
Skoda Superb 1.8 TFSI MT,2010.0,300000.0,80000.0,Petrol,Individual,Manual,First Owner,16.0,Skoda,5000.0,Mid-Range
Maruti Wagon R VXI Minor,2007.0,80000.0,60000.0,Petrol,Individual,Manual,First Owner,19.0,Maruti,3157.8947368421054,Budget
Mercedes-Benz E-Class E250 Edition E,2013.0,1451000.0,81000.0,Diesel,Dealer,Automatic,First Owner,13.0,Mercedes-Benz,6230.7692307692305,Luxury
Tata Safari Storme VX Varicor 400,2018.0,1085000.0,15000.0,Diesel,Individual,Manual,First Owner,8.0,Tata,1875.0,Luxury
Hyundai Verna SX AT Diesel,2009.0,245000.0,75000.0,Diesel,Dealer,Automatic,First Owner,17.0,Hyundai,4411.764705882353,Budget
Honda WR-V i-VTEC VX,2017.0,700000.0,25552.0,Petrol,Dealer,Manual,Second Owner,9.0,Honda,2839.1111111111113,Luxury
Hyundai EON Magna Plus,2018.0,300000.0,20000.0,Petrol,Individual,Manual,First Owner,8.0,Hyundai,2500.0,Mid-Range
Hyundai Xcent 1.2 CRDi E,2017.0,350000.0,80000.0,Diesel,Individual,Manual,First Owner,9.0,Hyundai,8888.888888888889,Mid-Range
Hyundai Elite i20 Asta Option CVT BSIV,2017.0,635000.0,25000.0,Petrol,Dealer,Automatic,First Owner,9.0,Hyundai,2777.777777777778,Luxury
Honda City S,2012.0,325000.0,40700.0,Petrol,Individual,Manual,First Owner,14.0,Honda,2907.1428571428573,Mid-Range
Mahindra XUV500 AT W10 1.99 mHawk,2017.0,1150000.0,65500.0,Diesel,Dealer,Automatic,First Owner,9.0,Mahindra,7277.777777777777,Luxury
Tata Indigo GLE BSIII,2008.0,110000.0,42000.0,Petrol,Dealer,Manual,First Owner,18.0,Tata,2333.3333333333335,Budget
Honda City 1.5 V MT,2018.0,890000.0,8000.0,Petrol,Dealer,Manual,First Owner,8.0,Honda,1000.0,Luxury
Maruti Swift 1.3 LXI,2007.0,73000.0,80000.0,Petrol,Individual,Manual,Second Owner,19.0,Maruti,4210.526315789473,Budget
Chevrolet Beat PS,2014.0,170000.0,77000.0,Petrol,Individual,Manual,First Owner,12.0,Chevrolet,6416.666666666667,Budget
Maruti Ciaz ZXi Plus,2016.0,750000.0,6000.0,Petrol,Dealer,Manual,First Owner,10.0,Maruti,600.0,Luxury
Hyundai EON 1.0 Era Plus,2014.0,280000.0,28838.0,None,Individual,Manual,First Owner,12.0,Hyundai,2403.1666666666665,Mid-Range
Maruti Baleno Alpha 1.2,2014.0,690000.0,11174.0,Petrol,Dealer,Manual,First Owner,12.0,Maruti,931.1666666666666,Luxury
Tata Indigo GLS,2008.0,130000.0,60000.0,Petrol,Individual,Manual,First Owner,18.0,Tata,3333.3333333333335,Budget
Maruti Swift 1.3 LXI,2007.0,73000.0,80000.0,Petrol,Individual,Manual,Second Owner,19.0,Maruti,4210.526315789473,Budget
Hyundai Santro Xing GLS,2007.0,85000.0,85000.0,Petrol,Individual,Manual,Second Owner,19.0,Hyundai,4473.684210526316,Budget
Hyundai Elantra 2.0 SX AT,2018.0,1575000.0,60000.0,Petrol,Individual,Automatic,First Owner,8.0,Hyundai,7500.0,Luxury
Nissan Sunny Diesel XV,2014.0,325000.0,105000.0,Diesel,Individual,Manual,First Owner,12.0,Nissan,8750.0,Mid-Range
Honda City 1.3 EXI,1998.0,85000.0,120000.0,Petrol,Individual,Manual,Second Owner,28.0,Honda,4285.714285714285,Budget
Hyundai Verna 1.6 CRDI SX Option,2018.0,860000.0,30000.0,Diesel,Dealer,Manual,Second Owner,8.0,Hyundai,3750.0,Luxury
Maruti S-Cross Sigma DDiS 200 SH,2017.0,690000.0,41000.0,Diesel,Individual,Manual,First Owner,9.0,Maruti,4555.555555555556,Luxury
Hyundai Elantra CRDi S,2013.0,650000.0,54000.0,Diesel,Dealer,Manual,First Owner,13.0,Hyundai,4153.846153846154,Luxury
Chevrolet Sail LS ABS,2014.0,375000.0,40000.0,Diesel,Individual,Manual,First Owner,12.0,Chevrolet,3333.3333333333335,Mid-Range
Hyundai Verna 1.6 SX CRDi (O),2013.0,525000.0,71000.0,Diesel,Dealer,Manual,First Owner,13.0,Hyundai,5461.538461538462,Mid-Range
Maruti Eeco Smiles 5 Seater AC,2016.0,330000.0,72500.0,None,Dealer,Manual,First Owner,10.0,Maruti,7250.0,Mid-Range
Maruti Eeco Smiles 5 Seater AC,2013.0,280000.0,60000.0,Petrol,Dealer,Manual,First Owner,13.0,Maruti,4615.384615384615,Mid-Range
Maruti Swift ZXI,2014.0,470000.0,40000.0,Petrol,Individual,Manual,First Owner,12.0,Maruti,3333.3333333333335,Mid-Range
Volkswagen Polo Diesel Trendline 1.2L,2011.0,350000.0,110000.0,Diesel,Individual,Manual,First Owner,15.0,Volkswagen,7333.333333333333,Mid-Range
Honda City 1.5 V Elegance,2012.0,480000.0,63000.0,Petrol,Dealer,Manual,First Owner,14.0,Honda,4500.0,Mid-Range
Datsun GO T BSIV,2014.0,250000.0,58000.0,Petrol,Individual,Manual,First Owner,12.0,Datsun,4833.333333333333,Mid-Range
Hyundai i20 Magna Optional 1.4 CRDi,2012.0,350000.0,80000.0,Diesel,Individual,Manual,First Owner,14.0,Hyundai,5714.285714285715,Mid-Range
Maruti Wagon R LX Minor,2013.0,250000.0,70000.0,Petrol,Individual,Manual,Second Owner,13.0,Maruti,5384.615384615385,Mid-Range
Hyundai i20 1.2 Sportz,2011.0,260000.0,97700.0,Petrol,Individual,Manual,Fourth & Above Owner,15.0,Hyundai,6513.333333333333,Mid-Range
Tata New Safari DICOR 2.2 EX 4x2,2008.0,220000.0,90000.0,Diesel,Individual,Manual,Second Owner,18.0,Tata,5000.0,Budget
Volkswagen Vento 1.5 TDI Highline,2015.0,465000.0,130000.0,Diesel,Individual,Manual,First Owner,11.0,Volkswagen,11818.181818181818,Mid-Range
Maruti Swift Vdi BSIII,2010.0,229999.0,120000.0,Diesel,Individual,Manual,Second Owner,16.0,Maruti,7500.0,Budget
Maruti Wagon R VXI BS IV,2014.0,425000.0,15000.0,Petrol,Individual,Manual,First Owner,12.0,Maruti,1250.0,Mid-Range
Tata Indica GLS BS IV,2008.0,95000.0,120000.0,Petrol,Individual,Manual,Third Owner,18.0,Tata,6666.666666666667,Budget
Hyundai EON LPG Magna Plus,2012.0,170000.0,170000.0,LPG,Individual,Manual,Third Owner,14.0,Hyundai,12142.857142857143,Budget
Datsun RediGO T Option,2016.0,229999.0,37500.0,Petrol,Individual,Manual,First Owner,10.0,Datsun,3750.0,Budget
Maruti 800 Std,1999.0,45000.0,50000.0,Petrol,Individual,Manual,Third Owner,27.0,Maruti,1851.851851851852,Budget
Maruti Grand Vitara MT,2007.0,479000.0,145000.0,Petrol,Individual,Manual,Third Owner,19.0,Maruti,7631.578947368421,Mid-Range
Hyundai EON Sportz,2016.0,340000.0,30000.0,Petrol,Individual,Manual,First Owner,10.0,Hyundai,3000.0,Mid-Range
Tata Manza Club Class Quadrajet90 EX,2012.0,270000.0,60000.0,Diesel,Individual,Manual,First Owner,14.0,Tata,4285.714285714285,Mid-Range
Maruti Wagon R VXI Optional,2015.0,260000.0,40000.0,Petrol,None,Manual,First Owner,11.0,Maruti,3636.3636363636365,Mid-Range
Hyundai Santro LE zipPlus,2003.0,48000.0,50000.0,Petrol,Individual,Manual,First Owner,23.0,Hyundai,2173.913043478261,Budget
Tata Nano Twist XE,2015.0,100000.0,23800.0,Petrol,Individual,Manual,Second Owner,11.0,Tata,2163.6363636363635,Budget
Nissan Terrano XL Plus 85 PS,2015.0,490000.0,70000.0,Diesel,Individual,Manual,First Owner,11.0,Nissan,6363.636363636364,Mid-Range
Maruti Wagon R Duo Lxi,2010.0,120000.0,90000.0,LPG,Individual,Manual,Second Owner,16.0,Maruti,5625.0,Budget
Hyundai i10 Era,2008.0,125000.0,102000.0,Petrol,Individual,Manual,Second Owner,18.0,Hyundai,5666.666666666667,Budget
Maruti Alto 800 LXI,2019.0,190000.0,5000.0,Petrol,Individual,Manual,First Owner,7.0,Maruti,714.2857142857143,Budget
Tata Harrier XZ BSIV,2019.0,1700000.0,10000.0,Diesel,Individual,Manual,First Owner,7.0,Tata,1428.5714285714287,Luxury
Maruti Ignis 1.2 Delta BSIV,2019.0,500000.0,15000.0,Petrol,Individual,Manual,First Owner,7.0,Maruti,2142.8571428571427,Mid-Range
Toyota Corolla Altis 1.8 J,2008.0,400000.0,35000.0,Petrol,None,Manual,First Owner,18.0,Toyota,1944.4444444444443,Mid-Range
Fiat Linea T Jet Plus,2011.0,500000.0,20000.0,Petrol,Individual,Manual,First Owner,15.0,Fiat,1333.3333333333333,Mid-Range
Toyota Fortuner 4x2 AT,2014.0,1800000.0,99000.0,Diesel,None,Automatic,First Owner,12.0,Toyota,8250.0,Luxury
Honda Civic 1.8 V MT,2008.0,320000.0,90000.0,Petrol,Individual,Manual,First Owner,18.0,Honda,5000.0,Mid-Range
Honda Civic 1.8 S AT,2007.0,250000.0,47000.0,Petrol,Dealer,Automatic,First Owner,19.0,Honda,2473.684210526316,Mid-Range
Hyundai i20 Active 1.2 SX,2018.0,550000.0,20000.0,Petrol,Individual,Manual,First Owner,8.0,Hyundai,2500.0,Mid-Range
Hyundai Grand i10 1.2 Kappa Sportz AT,2019.0,600000.0,1100.0,None,Individual,Automatic,First Owner,7.0,Hyundai,157.14285714285714,Mid-Range
Maruti Alto 800 VXI,2020.0,210000.0,40000.0,Petrol,Individual,Manual,First Owner,6.0,Maruti,6666.666666666667,Budget
Maruti Alto LXi,2009.0,150000.0,40000.0,Petrol,Individual,Manual,First Owner,17.0,Maruti,2352.9411764705883,Budget
Hyundai i10 Era 1.1,2008.0,125000.0,60000.0,Petrol,Individual,Manual,First Owner,18.0,Hyundai,3333.3333333333335,Budget
Maruti Celerio VXI,2016.0,380000.0,20000.0,Petrol,Individual,Manual,First Owner,10.0,Maruti,2000.0,Mid-Range
Maruti Baleno Delta 1.2,2019.0,600000.0,5000.0,Petrol,Individual,Manual,First Owner,7.0,Maruti,714.2857142857143,Mid-Range
Maruti Swift VXI Deca,2016.0,490000.0,27000.0,Petrol,Individual,Manual,First Owner,10.0,Maruti,2700.0,Mid-Range
Maruti Swift Dzire LDI,2018.0,545000.0,38000.0,Diesel,Individual,Manual,Second Owner,8.0,Maruti,4750.0,Mid-Range
Maruti Wagon R VXI BS IV,2015.0,250000.0,25000.0,None,Individual,Manual,First Owner,11.0,Maruti,2272.7272727272725,Mid-Range
Hyundai Venue SX Opt Turbo BSIV,2020.0,1050000.0,1100.0,Petrol,Individual,Manual,First Owner,6.0,Hyundai,183.33333333333334,Luxury
Maruti Wagon R LX Minor,2007.0,100000.0,60000.0,Petrol,Individual,Manual,First Owner,19.0,Maruti,3157.8947368421054,Budget
Ford Figo Diesel ZXI,2014.0,250000.0,100000.0,Diesel,Individual,Manual,Second Owner,12.0,Ford,8333.333333333334,Mid-Range
Maruti Wagon R LX BSIII,2007.0,100000.0,110000.0,Petrol,Individual,Manual,First Owner,19.0,Maruti,5789.473684210527,Budget
Ford Figo 1.5D Ambiente ABS MT,2014.0,350000.0,60000.0,Diesel,Individual,Manual,Second Owner,12.0,Ford,5000.0,Mid-Range
Renault Duster 110PS Diesel RxZ Plus,2012.0,370000.0,70000.0,Diesel,Individual,Manual,First Owner,14.0,Renault,5000.0,Mid-Range
Maruti Zen VXi - BS III,2004.0,121000.0,110000.0,Petrol,Individual,Manual,Second Owner,22.0,Maruti,5000.0,Budget
Ford Figo Aspire 1.5 Ti-VCT Titanium,2017.0,570000.0,44077.0,Petrol,Dealer,Automatic,First Owner,9.0,Ford,4897.444444444444,Mid-Range
Maruti Ertiga SHVS VDI,2017.0,785000.0,24000.0,Diesel,Individual,Manual,First Owner,9.0,Maruti,2666.6666666666665,Luxury
Maruti Ciaz S 1.3,2018.0,850000.0,60000.0,Diesel,Individual,Manual,First Owner,8.0,Maruti,7500.0,Luxury
Maruti Wagon R VXI BS IV,2014.0,375000.0,30000.0,Petrol,Individual,Manual,Second Owner,12.0,Maruti,2500.0,Mid-Range
Maruti Baleno Alpha 1.2,2017.0,619000.0,40000.0,None,Individual,Manual,First Owner,9.0,Maruti,4444.444444444444,Luxury
Chevrolet Cruze LTZ,2014.0,335000.0,90000.0,Diesel,Individual,Manual,Second Owner,12.0,Chevrolet,7500.0,Mid-Range
Toyota Innova 2.5 G (Diesel) 8 Seater BS IV,2006.0,500000.0,50000.0,Diesel,None,Manual,First Owner,20.0,Toyota,2500.0,Mid-Range
Maruti Wagon R LX,2003.0,60000.0,60000.0,Petrol,Individual,Manual,Second Owner,23.0,Maruti,2608.695652173913,Budget
Maruti Zen Estilo VXI BSIV,2010.0,130000.0,50000.0,Petrol,Individual,Manual,Second Owner,16.0,Maruti,3125.0,Budget
Mahindra Ingenio CRDe,2015.0,210000.0,210000.0,Diesel,Individual,Manual,First Owner,11.0,Mahindra,19090.909090909092,Budget
Toyota Innova Crysta 2.4 VX MT 8S BSIV,2014.0,1900000.0,20000.0,Diesel,Individual,Manual,First Owner,12.0,Toyota,1666.6666666666667,Luxury
Maruti Wagon R LXI Minor,2010.0,225000.0,100000.0,Petrol,Individual,Manual,Second Owner,16.0,Maruti,6250.0,Budget
Maruti SX4 ZXI MT BSIV,2011.0,150000.0,160000.0,Petrol,Individual,Manual,Second Owner,15.0,Maruti,10666.666666666666,Budget
Chevrolet Beat Diesel LT,2013.0,173000.0,70000.0,None,Individual,Manual,First Owner,13.0,Chevrolet,5384.615384615385,Budget
BMW 5 Series 520d Luxury Line,2018.0,4800000.0,9422.0,Diesel,Individual,Automatic,First Owner,8.0,BMW,1177.75,Luxury
Volkswagen Vento 1.5 Highline Plus AT 16 Alloy,2017.0,710000.0,110000.0,Diesel,Individual,Automatic,First Owner,9.0,Volkswagen,12222.222222222223,Luxury
Toyota Corolla Altis 1.8 GL,2014.0,1500000.0,20000.0,Petrol,Individual,Manual,First Owner,12.0,Toyota,1666.6666666666667,Luxury
Maruti Baleno Zeta 1.2,2017.0,550000.0,20000.0,Petrol,Individual,Manual,First Owner,9.0,Maruti,2222.222222222222,Mid-Range
Maruti 800 AC BSIII,2008.0,58000.0,70000.0,Petrol,Individual,Manual,Second Owner,18.0,Maruti,3888.8888888888887,Budget
Audi A4 1.8 TFSI,2012.0,1200000.0,60000.0,Petrol,Individual,Automatic,Third Owner,14.0,Audi,4285.714285714285,Luxury
Mahindra Scorpio M2DI,2013.0,500000.0,150000.0,Diesel,Individual,Manual,First Owner,13.0,Mahindra,11538.461538461539,Mid-Range
Maruti Swift LXi BSIV,2014.0,120000.0,83000.0,Petrol,Individual,Manual,Second Owner,12.0,Maruti,6916.666666666667,Budget
Toyota Innova 2.5 EV Diesel PS 7 Seater BSIII,2012.0,300000.0,250000.0,None,Individual,Manual,First Owner,14.0,Toyota,17857.14285714286,Mid-Range
Hyundai EON Era Plus,2018.0,300000.0,60000.0,Petrol,Individual,Manual,First Owner,8.0,Hyundai,7500.0,Mid-Range
Datsun GO Plus T Option BSIV,2015.0,295000.0,21000.0,Petrol,Individual,Manual,First Owner,11.0,Datsun,1909.090909090909,Mid-Range
Maruti Ertiga VXI CNG,2018.0,587000.0,80000.0,CNG,Individual,Manual,First Owner,8.0,Maruti,10000.0,Mid-Range
Ambassador Grand 1800 ISZ MPFI PW CL,2012.0,430000.0,50000.0,Petrol,Individual,Manual,Second Owner,14.0,Ambassador,3571.4285714285716,Mid-Range
Maruti Wagon R LXI Minor,2007.0,130000.0,60000.0,Petrol,Individual,Manual,Third Owner,19.0,Maruti,3157.8947368421054,Budget
Tata Indica Vista Aqua 1.4 TDI,2014.0,110000.0,90000.0,Diesel,None,Manual,Second Owner,12.0,Tata,7500.0,Budget
Hyundai Grand i10 Magna,2014.0,320000.0,70000.0,Petrol,Individual,Manual,Second Owner,12.0,Hyundai,5833.333333333333,Mid-Range
Maruti Wagon R LXI BS IV,2014.0,300000.0,50000.0,Petrol,None,Manual,First Owner,12.0,Maruti,4166.666666666667,Mid-Range
Volkswagen CrossPolo 1.2 MPI,2016.0,350000.0,110000.0,Petrol,Individual,Manual,First Owner,10.0,Volkswagen,11000.0,Mid-Range
Maruti Ertiga VXI Petrol,2018.0,800000.0,50000.0,Petrol,Individual,Manual,First Owner,8.0,Maruti,6250.0,Luxury
Hyundai Xcent 1.1 CRDi S,2016.0,270000.0,175000.0,Diesel,Individual,Manual,First Owner,10.0,Hyundai,17500.0,Mid-Range
Maruti Wagon R LXI CNG,2011.0,160000.0,60000.0,CNG,Individual,Manual,Second Owner,15.0,Maruti,4000.0,Budget
Maruti SX4 VDI,2013.0,340000.0,100000.0,Diesel,Individual,Manual,Second Owner,13.0,Maruti,7692.307692307692,Mid-Range
Maruti Eeco 5 Seater AC BSIV,2017.0,350000.0,40000.0,Petrol,Individual,Manual,Second Owner,9.0,Maruti,4444.444444444444,Mid-Range
Volkswagen Vento Diesel Style Limited Edition,2011.0,300000.0,100000.0,None,Individual,Manual,First Owner,15.0,Volkswagen,6666.666666666667,Mid-Range
Maruti Ritz VDi,2013.0,330000.0,63000.0,Diesel,Individual,Manual,First Owner,13.0,Maruti,4846.153846153846,Mid-Range
Maruti Wagon R LXI CNG,2016.0,325000.0,80000.0,CNG,Individual,Manual,Second Owner,10.0,Maruti,8000.0,Mid-Range
Maruti Swift Dzire VDI,2013.0,250000.0,55000.0,Diesel,Individual,Manual,First Owner,13.0,Maruti,4230.7692307692305,Mid-Range
Maruti Swift Star VDI,2013.0,250000.0,55000.0,Diesel,Individual,Manual,First Owner,13.0,Maruti,4230.7692307692305,Mid-Range
Chevrolet Beat LT Option,2015.0,240000.0,60000.0,Petrol,Individual,Manual,First Owner,11.0,Chevrolet,5454.545454545455,Budget
Hyundai Grand i10 1.2 Kappa Magna BSIV,2020.0,545000.0,5000.0,Petrol,Individual,Manual,First Owner,6.0,Hyundai,833.3333333333334,Mid-Range
Renault KWID RXT,2017.0,240000.0,50000.0,Petrol,Individual,Manual,First Owner,9.0,Renault,5555.555555555556,Budget
Renault KWID 1.0 RXT Optional,2018.0,360000.0,15000.0,Petrol,Individual,Manual,First Owner,8.0,Renault,1875.0,Mid-Range
Hyundai i20 1.4 CRDi Magna,2012.0,250000.0,70000.0,Diesel,Individual,Manual,First Owner,14.0,Hyundai,5000.0,Mid-Range
Hyundai i20 Asta Option 1.4 CRDi,2016.0,600000.0,50000.0,Diesel,Individual,Manual,Second Owner,10.0,Hyundai,5000.0,Mid-Range
Tata Indigo CR4,2010.0,150000.0,80000.0,Diesel,Individual,Manual,Second Owner,16.0,Tata,5000.0,Budget
Ford EcoSport 1.5 Diesel Trend BSIV,2017.0,700000.0,50000.0,Diesel,Individual,Manual,First Owner,9.0,Ford,5555.555555555556,Luxury
Hyundai Santro Xing XG,2004.0,80000.0,58000.0,Petrol,Individual,Manual,First Owner,22.0,Hyundai,2636.3636363636365,Budget
Hyundai Grand i10 Sportz,2015.0,425000.0,12000.0,Petrol,Individual,Manual,First Owner,11.0,Hyundai,1090.909090909091,Mid-Range
Maruti Celerio ZXI AMT BSIV,2018.0,500000.0,10000.0,Petrol,Individual,Automatic,First Owner,8.0,Maruti,1250.0,Mid-Range
Hyundai Santro Xing GLS,2012.0,193000.0,45000.0,Petrol,Individual,Manual,Second Owner,14.0,Hyundai,3214.285714285714,Budget
Honda City i VTEC V,2015.0,800000.0,10000.0,Petrol,Individual,Manual,First Owner,11.0,Honda,909.0909090909091,Luxury
Maruti Wagon R LXI Minor,2014.0,150000.0,50000.0,Petrol,Individual,Manual,First Owner,12.0,Maruti,4166.666666666667,Budget
Ford Figo Diesel EXI,2010.0,130000.0,100000.0,Diesel,Individual,Manual,Third Owner,16.0,Ford,6250.0,Budget
Ford Figo Diesel EXI,2012.0,280000.0,80000.0,Diesel,None,Manual,Second Owner,14.0,Ford,5714.285714285715,Mid-Range
Mahindra Xylo D2 BS IV,2011.0,229999.0,110000.0,Diesel,Individual,Manual,Second Owner,15.0,Mahindra,7333.333333333333,Budget
Maruti Zen Estilo VXI BSIII,2008.0,80000.0,120000.0,Petrol,Individual,Manual,First Owner,18.0,Maruti,6666.666666666667,Budget
Tata Nano Cx BSIII,2010.0,70000.0,10000.0,Petrol,Individual,Manual,First Owner,16.0,Tata,625.0,Budget
Mahindra Xylo E8,2010.0,380000.0,72000.0,Diesel,Individual,Manual,Second Owner,16.0,Mahindra,4500.0,Mid-Range
Hyundai Santro Xing XO,2006.0,80000.0,110000.0,None,Individual,Manual,First Owner,20.0,Hyundai,5500.0,Budget
Hyundai i10 Era,2013.0,265000.0,50000.0,Petrol,Individual,Manual,First Owner,13.0,Hyundai,3846.153846153846,Mid-Range
Hyundai EON Magna Plus Option,2018.0,320000.0,25000.0,None,Individual,Manual,First Owner,8.0,Hyundai,3125.0,Mid-Range
Nissan Terrano XL 110 PS,2014.0,500000.0,120000.0,Diesel,Individual,Manual,Third Owner,12.0,Nissan,10000.0,Mid-Range
Hyundai Creta 1.6 CRDi SX Option,2016.0,1300000.0,55000.0,Diesel,Individual,Manual,First Owner,10.0,Hyundai,5500.0,Luxury
Mahindra Scorpio S11 BSIV,2018.0,1500000.0,35000.0,Diesel,Individual,Manual,First Owner,8.0,Mahindra,4375.0,Luxury
Toyota Innova Crysta 2.8 ZX AT BSIV,2016.0,1800000.0,110000.0,Diesel,Individual,Automatic,First Owner,10.0,Toyota,11000.0,Luxury
Mahindra XUV500 W6 2WD,2014.0,600000.0,80000.0,Diesel,Individual,Manual,First Owner,12.0,Mahindra,6666.666666666667,Mid-Range
Tata Tiago 1.2 Revotron XT,2014.0,420000.0,60000.0,Petrol,Individual,Manual,First Owner,12.0,Tata,5000.0,Mid-Range
Maruti Zen Estilo LXI BS IV,2009.0,140000.0,120000.0,Petrol,Individual,Manual,First Owner,17.0,Maruti,7058.823529411765,Budget
Skoda Laura Ambiente 2.0 TDI CR MT,2014.0,300000.0,100000.0,Diesel,Individual,Manual,Second Owner,12.0,Skoda,8333.333333333334,Mid-Range
Hyundai Santro Xing XL eRLX Euro III,2006.0,100000.0,60000.0,Petrol,Dealer,Manual,Second Owner,20.0,Hyundai,3000.0,Budget
Maruti Alto LX,2008.0,140000.0,54000.0,Petrol,Dealer,Manual,First Owner,18.0,Maruti,3000.0,Budget
Ford Aspire Titanium Plus BSIV,2015.0,550000.0,60000.0,Petrol,Dealer,Manual,Second Owner,11.0,Ford,5454.545454545455,Mid-Range
Hyundai Grand i10 Asta Option AT,2017.0,525000.0,19000.0,Petrol,Dealer,Automatic,First Owner,9.0,Hyundai,2111.1111111111113,Mid-Range
Ford Ecosport 1.5 DV5 MT Titanium,2014.0,470000.0,146000.0,Diesel,Dealer,Manual,First Owner,12.0,Ford,12166.666666666666,Mid-Range
Ford Endeavour 3.0L 4X4 AT,2013.0,900000.0,98000.0,Diesel,Dealer,Automatic,First Owner,13.0,Ford,7538.461538461538,Luxury
Ford Endeavour 2.5L 4X2,2014.0,500000.0,224642.0,Diesel,Dealer,Manual,Second Owner,12.0,Ford,18720.166666666668,Mid-Range
Maruti Zen LXI,1998.0,80000.0,120000.0,Petrol,Individual,Manual,First Owner,28.0,Maruti,4285.714285714285,Budget
Mahindra Verito 1.5 D2 BSIII,2011.0,175000.0,175000.0,Diesel,Individual,Manual,First Owner,15.0,Mahindra,11666.666666666666,Budget
Mahindra XUV500 AT W10 AWD,2017.0,1350000.0,15000.0,Diesel,Individual,Automatic,Second Owner,9.0,Mahindra,1666.6666666666667,Luxury
Renault Duster 110PS Diesel RxZ,2017.0,800000.0,50000.0,Diesel,Individual,Manual,First Owner,9.0,Renault,5555.555555555556,Luxury
Datsun RediGO 1.0 S,2017.0,250000.0,15000.0,Petrol,Individual,Manual,First Owner,9.0,Datsun,1666.6666666666667,Mid-Range
Maruti Ignis 1.2 AMT Alpha BSIV,2018.0,700000.0,25000.0,Petrol,Individual,Automatic,First Owner,8.0,Maruti,3125.0,Luxury
Tata Nexon 1.5 Revotorq XM,2019.0,800000.0,25000.0,Diesel,Individual,Manual,First Owner,7.0,Tata,3571.4285714285716,Luxury
Maruti Swift VDI BSIV,2014.0,465000.0,60000.0,Diesel,Individual,Manual,Third Owner,12.0,Maruti,5000.0,Mid-Range
Mahindra Scorpio 2.6 CRDe,2006.0,180000.0,222435.0,Diesel,Individual,Manual,First Owner,20.0,Mahindra,11121.75,Budget
Maruti Swift Dzire VDI,2017.0,600000.0,66000.0,Diesel,Individual,Manual,Third Owner,9.0,Maruti,7333.333333333333,Mid-Range
Ford Fiesta 1.4 ZXi Duratec,2010.0,150000.0,110000.0,Petrol,Individual,Manual,First Owner,16.0,Ford,6875.0,Budget
Hyundai Verna 1.6 SX,2014.0,450000.0,78000.0,Diesel,Individual,Manual,Second Owner,12.0,Hyundai,6500.0,Mid-Range
Hyundai Elite i20 Sportz Plus BSIV,2019.0,721000.0,10000.0,Petrol,Individual,Manual,First Owner,7.0,Hyundai,1428.5714285714287,Luxury
Maruti Swift 1.2 DLX,2018.0,300000.0,35000.0,Petrol,Individual,Manual,First Owner,8.0,Maruti,4375.0,Mid-Range
Mahindra Scorpio BSIV,2019.0,1000000.0,10000.0,Diesel,Individual,Manual,First Owner,7.0,Mahindra,1428.5714285714287,Luxury
Renault KWID RXT,2016.0,300000.0,40000.0,Petrol,Individual,Manual,First Owner,10.0,Renault,4000.0,Mid-Range
Mahindra Scorpio LX,2013.0,450000.0,120000.0,Diesel,Individual,Manual,First Owner,13.0,Mahindra,9230.76923076923,Mid-Range
Maruti Esteem AX,1997.0,79000.0,70000.0,Petrol,Individual,Automatic,First Owner,29.0,Maruti,2413.793103448276,Budget
Ford Figo 1.5D Trend MT,2017.0,545000.0,40000.0,Diesel,Individual,Manual,First Owner,9.0,Ford,4444.444444444444,Mid-Range
Honda Amaze V Diesel BSIV,2018.0,844999.0,20000.0,Diesel,Individual,Manual,First Owner,8.0,Honda,2500.0,Luxury
Skoda Rapid 1.5 TDI Ambition,2016.0,700000.0,93000.0,None,Individual,Manual,First Owner,10.0,Skoda,9300.0,Luxury
Toyota Etios VD,2016.0,650000.0,159000.0,Diesel,Individual,Manual,First Owner,10.0,Toyota,15900.0,Luxury
Ford Ecosport 1.5 DV5 MT Titanium,2014.0,525000.0,75000.0,Diesel,Individual,Manual,Second Owner,12.0,Ford,6250.0,Mid-Range
Ford Fiesta Classic 1.4 SXI Duratorq,2006.0,110000.0,101100.0,Diesel,Individual,Manual,Third Owner,20.0,Ford,5055.0,Budget
Tata Indica Vista Aqua 1.3 Quadrajet BSIV,2011.0,180000.0,66000.0,Diesel,Individual,Manual,First Owner,15.0,Tata,4400.0,Budget
Hyundai i10 Era,2012.0,280000.0,60000.0,Petrol,None,Manual,Second Owner,14.0,Hyundai,4285.714285714285,Mid-Range
Renault KWID 1.0 RXT Optional,2019.0,400000.0,10000.0,Petrol,Individual,Manual,First Owner,7.0,Renault,1428.5714285714287,Mid-Range
Mahindra XUV500 W8 4WD,2012.0,625000.0,126000.0,Diesel,Individual,Manual,Second Owner,14.0,Mahindra,9000.0,Luxury
Mahindra Bolero DI,2010.0,300000.0,100000.0,Diesel,Individual,Manual,First Owner,16.0,Mahindra,6250.0,Mid-Range
Honda Civic 1.8 V AT,2014.0,280000.0,60000.0,Petrol,Individual,Automatic,First Owner,12.0,Honda,5000.0,Mid-Range
Honda Mobilio V i VTEC,2014.0,500000.0,70000.0,Petrol,None,Manual,First Owner,12.0,Honda,5833.333333333333,Mid-Range
Renault KWID RXT,2016.0,300000.0,40000.0,None,Individual,Manual,First Owner,10.0,Renault,4000.0,Mid-Range
Tata Manza ELAN Quadrajet BS IV,2011.0,180000.0,60000.0,None,Individual,Manual,Third Owner,15.0,Tata,4000.0,Budget
Hyundai i10 Sportz AT,2011.0,180000.0,134444.0,Petrol,Individual,Automatic,Second Owner,15.0,Hyundai,8962.933333333332,Budget
Maruti Alto LXi,2009.0,78000.0,120000.0,Petrol,Individual,Manual,Second Owner,17.0,Maruti,7058.823529411765,Budget
Nissan Micra Diesel XV Premium,2011.0,160000.0,120000.0,Diesel,Individual,Manual,First Owner,15.0,Nissan,8000.0,Budget
Mahindra Scorpio VLX 2WD AIRBAG BSIV,2014.0,600000.0,238000.0,Diesel,Individual,Manual,First Owner,12.0,Mahindra,19833.333333333332,Mid-Range
Maruti Wagon R LXI Minor,2014.0,110000.0,100000.0,Petrol,Individual,Manual,Second Owner,12.0,Maruti,8333.333333333334,Budget
Mahindra Bolero SLX 4WD BSIII,2014.0,450000.0,110000.0,None,Individual,Manual,Second Owner,12.0,Mahindra,9166.666666666666,Mid-Range
Mahindra Scorpio S9 BSIV,2019.0,1350000.0,60000.0,Diesel,Individual,Manual,First Owner,7.0,Mahindra,8571.42857142857,Luxury
Honda City 1.3 DX,2003.0,120000.0,165000.0,Petrol,Individual,Manual,Second Owner,23.0,Honda,7173.913043478261,Budget
Honda BR-V i-DTEC VX MT,2018.0,1040000.0,42000.0,Diesel,Individual,Manual,First Owner,8.0,Honda,5250.0,Luxury
Hyundai Grand i10 CRDi Sportz,2014.0,390000.0,70000.0,Diesel,Individual,Manual,Second Owner,12.0,Hyundai,5833.333333333333,Mid-Range
Tata Nano Lx BSIII,2011.0,65000.0,60000.0,Petrol,Individual,Manual,Second Owner,15.0,Tata,4000.0,Budget
Volkswagen Polo Diesel Highline 1.2L,2013.0,320000.0,115000.0,Diesel,Individual,Manual,Third Owner,13.0,Volkswagen,8846.153846153846,Mid-Range
Volkswagen Ameo 1.5 TDI Highline,2017.0,720000.0,70000.0,Diesel,Individual,Manual,First Owner,9.0,Volkswagen,7777.777777777777,Luxury
Maruti Swift ZXI ABS,2007.0,220000.0,80000.0,Petrol,Individual,Manual,Second Owner,19.0,Maruti,4210.526315789473,Budget
Maruti Wagon R LXI BS IV,2011.0,225000.0,65000.0,Petrol,Dealer,Manual,First Owner,15.0,Maruti,4333.333333333333,Budget
Tata Manza Aura (ABS) Quadrajet BS IV,2010.0,200000.0,150000.0,Diesel,None,Manual,Second Owner,16.0,Tata,9375.0,Budget
Toyota Etios GD,2015.0,434999.0,75000.0,Diesel,Dealer,Manual,Second Owner,11.0,Toyota,6818.181818181818,Mid-Range
Honda Amaze VX i-DTEC,2018.0,700000.0,74800.0,Diesel,Individual,Manual,First Owner,8.0,Honda,9350.0,Luxury
Ford Endeavour 2.5L 4X2 MT,2009.0,500000.0,105000.0,Diesel,Individual,Manual,Second Owner,17.0,Ford,6176.470588235294,Mid-Range
Renault Duster 85PS Diesel RxE,2016.0,500000.0,40000.0,Diesel,Individual,Manual,First Owner,10.0,Renault,4000.0,Mid-Range
Maruti Ritz LDi,2016.0,400000.0,90000.0,Diesel,None,Manual,Second Owner,10.0,Maruti,9000.0,Mid-Range
Toyota Corolla Altis D-4D J,2015.0,825000.0,75000.0,Diesel,Dealer,Manual,Second Owner,11.0,Toyota,6818.181818181818,Luxury
Maruti Swift Dzire VDI,2018.0,720000.0,15000.0,Diesel,Individual,Manual,First Owner,8.0,Maruti,1875.0,Luxury
Maruti 800 AC Uniq,2009.0,110000.0,60000.0,Petrol,Individual,Manual,First Owner,17.0,Maruti,3529.4117647058824,Budget
Mahindra Scorpio VLX 2WD AIRBAG BSIV,2014.0,600000.0,9999999.0,Diesel,Individual,Manual,Second Owner,12.0,Mahindra,833333.25,Mid-Range
Mahindra Scorpio VLX 2WD AT BSIV,2009.0,275000.0,155000.0,Diesel,Individual,Automatic,Third Owner,17.0,Mahindra,9117.64705882353,Mid-Range
Land Rover Range Rover Evoque 2.2L Dynamic,2012.0,2349000.0,149000.0,Diesel,Individual,Automatic,Second Owner,14.0,Land,10642.857142857143,Luxury
Hyundai i20 1.4 Sportz,2017.0,740000.0,60000.0,Diesel,Individual,Manual,First Owner,9.0,Hyundai,6666.666666666667,Luxury
Maruti Baleno Alpha 1.3,2017.0,800000.0,60000.0,Diesel,Individual,Manual,First Owner,9.0,Maruti,6666.666666666667,Luxury
Hyundai Verna CRDi 1.6 SX Option,2019.0,1100000.0,100000.0,Diesel,Individual,Manual,First Owner,7.0,Hyundai,14285.714285714286,Luxury
BMW X1 sDrive20d,2012.0,750000.0,100000.0,Diesel,Individual,Automatic,Second Owner,14.0,BMW,7142.857142857143,Luxury
Maruti Alto K10 2010-2014 VXI,2012.0,200000.0,90000.0,Petrol,Individual,Manual,Second Owner,14.0,Maruti,6428.571428571428,Budget
Tata Spacio SA 6 Seater,2009.0,210000.0,75000.0,Diesel,Individual,Manual,First Owner,17.0,Tata,4411.764705882353,Budget
Maruti Swift VDI BSIV,2009.0,270000.0,120000.0,Diesel,Individual,Manual,Second Owner,17.0,Maruti,7058.823529411765,Mid-Range
Toyota Etios 1.4 VXD,2016.0,630000.0,90000.0,Diesel,Individual,Manual,Second Owner,10.0,Toyota,9000.0,Luxury
Hyundai Xcent 1.2 Kappa S,2015.0,375000.0,55000.0,Petrol,Individual,Manual,First Owner,11.0,Hyundai,5000.0,Mid-Range
Mahindra Xylo D2,2010.0,300000.0,70000.0,Diesel,Individual,Manual,First Owner,16.0,Mahindra,4375.0,Mid-Range
Mahindra Bolero Power Plus SLX,2016.0,580000.0,95000.0,Diesel,Individual,Manual,Second Owner,10.0,Mahindra,9500.0,Mid-Range
Hyundai Verna 1.4 CRDi,2014.0,550000.0,50000.0,Diesel,Individual,Manual,First Owner,12.0,Hyundai,4166.666666666667,Mid-Range
Maruti Omni E MPI STD BS IV,2014.0,250000.0,60516.0,Petrol,Individual,Manual,First Owner,12.0,Maruti,5043.0,Mid-Range
Hyundai Verna 1.6 SX,2014.0,434999.0,235000.0,Diesel,Individual,Manual,Second Owner,12.0,Hyundai,19583.333333333332,Mid-Range
Mercedes-Benz E-Class 280 CDI,2007.0,900000.0,76731.0,Diesel,Dealer,Automatic,First Owner,19.0,Mercedes-Benz,4038.4736842105262,Luxury
Maruti Swift ZDI,2014.0,685000.0,64000.0,Diesel,Dealer,Manual,First Owner,12.0,Maruti,5333.333333333333,Luxury
Maruti Swift VDI BSIV,2014.0,540000.0,65000.0,Diesel,Dealer,Manual,First Owner,12.0,Maruti,5416.666666666667,Mid-Range
Honda City i-VTEC CVT ZX,2018.0,1165000.0,13000.0,Petrol,Dealer,Manual,Test Drive Car,8.0,Honda,1625.0,Luxury
Ford Ecosport 1.5 DV5 MT Titanium Optional,2014.0,610000.0,77000.0,Diesel,Dealer,Manual,First Owner,12.0,Ford,6416.666666666667,Luxury
Hyundai EON Era,2011.0,254999.0,24000.0,Petrol,Dealer,Manual,First Owner,15.0,Hyundai,1600.0,Mid-Range
Nissan Micra Active XV,2014.0,280000.0,63840.0,Petrol,Dealer,Manual,First Owner,12.0,Nissan,5320.0,Mid-Range
Tata Tiago 1.2 Revotron XT,2014.0,370000.0,25000.0,Petrol,Individual,Manual,First Owner,12.0,Tata,2083.3333333333335,Mid-Range
Tata New Safari DICOR 2.2 EX 4x2,2011.0,459999.0,76400.0,Diesel,None,Manual,Second Owner,15.0,Tata,5093.333333333333,Mid-Range
Maruti Zen LX,1998.0,42000.0,70000.0,Petrol,Individual,Manual,Third Owner,28.0,Maruti,2500.0,Budget
Maruti Zen LX,1998.0,42000.0,70000.0,Petrol,Individual,Manual,Third Owner,28.0,Maruti,2500.0,Budget
Fiat Linea Active (Diesel),2011.0,190000.0,80000.0,Diesel,Individual,Manual,Third Owner,15.0,Fiat,5333.333333333333,Budget
Fiat Punto 1.4 Emotion,2010.0,165000.0,100000.0,Petrol,Individual,Manual,Fourth & Above Owner,16.0,Fiat,6250.0,Budget
Ford EcoSport 1.5 Diesel Trend Plus BSIV,2014.0,710000.0,40000.0,Diesel,Individual,Manual,First Owner,12.0,Ford,3333.3333333333335,Luxury
Maruti Zen Estilo LXI BS IV,2014.0,229999.0,70000.0,Petrol,Individual,Manual,First Owner,12.0,Maruti,5833.333333333333,Budget
Renault KWID RXT,2018.0,310000.0,15000.0,Petrol,None,Manual,First Owner,8.0,Renault,1875.0,Mid-Range
Maruti Wagon R VXI BS IV,2015.0,320000.0,40000.0,Petrol,Individual,Manual,First Owner,11.0,Maruti,3636.3636363636365,Mid-Range
Maruti 800 AC,2006.0,100000.0,60000.0,Petrol,None,Manual,First Owner,20.0,Maruti,3000.0,Budget
Hyundai Verna CRDi,2009.0,160000.0,60000.0,None,Individual,Manual,First Owner,17.0,Hyundai,3529.4117647058824,Budget
Maruti 800 AC BSIII,2007.0,60000.0,52000.0,Petrol,Individual,Manual,First Owner,19.0,Maruti,2736.842105263158,Budget
Tata Indigo LS,2012.0,100000.0,200000.0,None,Individual,Manual,First Owner,14.0,Tata,14285.714285714286,Budget
Chevrolet Beat Diesel LT,2016.0,350000.0,35000.0,Diesel,Individual,Manual,Second Owner,10.0,Chevrolet,3500.0,Mid-Range
Renault Duster 110PS Diesel RxZ AWD,2017.0,700000.0,60000.0,Diesel,Individual,Manual,First Owner,9.0,Renault,6666.666666666667,Luxury
Maruti Alto K10 VXI,2017.0,300000.0,31489.0,Petrol,Individual,Manual,First Owner,9.0,Maruti,3498.777777777778,Mid-Range
Tata Indigo LX Dicor,2009.0,130000.0,60000.0,Diesel,Individual,Manual,First Owner,17.0,Tata,3529.4117647058824,Budget
Hyundai i20 1.2 Magna,2012.0,330000.0,44000.0,Petrol,Individual,Manual,First Owner,14.0,Hyundai,3142.8571428571427,Mid-Range
Honda City 1.5 S MT,2010.0,254999.0,90000.0,Petrol,Individual,Manual,Second Owner,16.0,Honda,5625.0,Mid-Range
Hyundai Verna 1.6 SX VTVT (O),2014.0,600000.0,50000.0,Petrol,Individual,Manual,Second Owner,12.0,Hyundai,4166.666666666667,Mid-Range
Hyundai i10 Magna,2012.0,210000.0,50000.0,Petrol,Individual,Manual,First Owner,14.0,Hyundai,3571.4285714285716,Budget
Maruti Zen Estilo 1.1 LXI BSIII,2007.0,120000.0,81366.0,Petrol,Individual,Manual,First Owner,19.0,Maruti,4282.421052631579,Budget
Maruti Esteem Vxi - BSIII,2006.0,95000.0,110000.0,Petrol,Individual,Manual,First Owner,20.0,Maruti,5500.0,Budget
Toyota Innova 2.5 G (Diesel) 8 Seater BS IV,2006.0,229999.0,300000.0,Diesel,Individual,Manual,First Owner,20.0,Toyota,15000.0,Budget
Hyundai Verna Transform VTVT,2010.0,229999.0,70000.0,Petrol,Individual,Manual,First Owner,16.0,Hyundai,4375.0,Budget
Hyundai i20 Magna Optional 1.4 CRDi,2013.0,400000.0,100000.0,None,Individual,Manual,First Owner,13.0,Hyundai,7692.307692307692,Mid-Range
Maruti Gypsy King Hard Top Ambulance BSIV,2005.0,300000.0,70000.0,Petrol,Individual,Manual,Second Owner,21.0,Maruti,3333.3333333333335,Mid-Range
Ford Figo Diesel Celebration Edition,2013.0,300000.0,50000.0,Diesel,Individual,Manual,First Owner,13.0,Ford,3846.153846153846,Mid-Range
Ford Fiesta 1.4 SXi TDCi,2009.0,80000.0,180000.0,Diesel,Individual,Manual,Second Owner,17.0,Ford,10588.235294117647,Budget
Maruti 800 AC,2008.0,80000.0,50000.0,Petrol,Individual,Manual,Second Owner,18.0,Maruti,2777.777777777778,Budget
Maruti Esteem Vxi,2007.0,100000.0,90000.0,Petrol,Individual,Manual,First Owner,19.0,Maruti,4736.8421052631575,Budget
Maruti Baleno Zeta Automatic,2018.0,700000.0,26000.0,Petrol,None,Automatic,First Owner,8.0,Maruti,3250.0,Luxury
Maruti Vitara Brezza ZDi Plus,2016.0,975000.0,65000.0,Diesel,Individual,Manual,First Owner,10.0,Maruti,6500.0,Luxury
Chevrolet Captiva LT,2009.0,500000.0,130000.0,Diesel,Individual,Manual,First Owner,17.0,Chevrolet,7647.058823529412,Mid-Range
Renault Duster 85PS Diesel RxL Optional,2013.0,550000.0,60000.0,Diesel,Individual,Manual,Second Owner,13.0,Renault,4615.384615384615,Mid-Range
Nissan Terrano XV Premium 110 PS,2014.0,550000.0,110000.0,Diesel,Individual,Manual,First Owner,12.0,Nissan,9166.666666666666,Mid-Range
Maruti Alto K10 2010-2014 VXI,2014.0,240000.0,50000.0,Petrol,Individual,Manual,First Owner,12.0,Maruti,4166.666666666667,Budget
Maruti 800 Std,1997.0,50000.0,80000.0,Petrol,Individual,Manual,Second Owner,29.0,Maruti,2758.6206896551726,Budget
Honda City 1.5 V MT,2009.0,250000.0,90000.0,Petrol,Individual,Manual,Second Owner,17.0,Honda,5294.117647058823,Mid-Range
Renault KWID 1.0 RXT Optional,2017.0,280000.0,36000.0,Petrol,Individual,Manual,First Owner,9.0,Renault,4000.0,Mid-Range
Tata Indica Vista Terra Quadrajet 1.3L BS IV,2010.0,85000.0,87000.0,Diesel,Individual,Manual,First Owner,16.0,Tata,5437.5,Budget
Tata Indica Vista Terra 1.4 TDI,2011.0,90000.0,80000.0,Diesel,Individual,Manual,First Owner,15.0,Tata,5333.333333333333,Budget
Maruti 800 Std,2014.0,200000.0,60000.0,Petrol,Individual,Manual,First Owner,12.0,Maruti,5000.0,Budget
Renault KWID RXT,2015.0,250000.0,50000.0,Petrol,Individual,Manual,First Owner,11.0,Renault,4545.454545454545,Mid-Range
Hyundai i10 Magna 1.1,2008.0,100000.0,60000.0,Petrol,Individual,Manual,Second Owner,18.0,Hyundai,3333.3333333333335,Budget
Toyota Etios VXD,2015.0,610000.0,55000.0,None,Individual,Manual,First Owner,11.0,Toyota,5000.0,Luxury
Mahindra Quanto C8,2012.0,290000.0,80000.0,Diesel,None,Manual,First Owner,14.0,Mahindra,5714.285714285715,Mid-Range
Mahindra Xylo E9,2012.0,300000.0,295000.0,Diesel,Individual,Manual,First Owner,14.0,Mahindra,21071.428571428572,Mid-Range
Hyundai EON Era Plus,2015.0,225000.0,80000.0,Petrol,Individual,Manual,First Owner,11.0,Hyundai,7272.727272727273,Budget
Maruti Alto K10 VXI,2017.0,320000.0,50000.0,Petrol,Individual,Manual,Second Owner,9.0,Maruti,5555.555555555556,Mid-Range
Tata Indigo CR4,2012.0,135000.0,158000.0,Diesel,Individual,Manual,Third Owner,14.0,Tata,11285.714285714286,Budget
Toyota Innova 2.5 G (Diesel) 7 Seater BS IV,2006.0,400000.0,400000.0,Diesel,Individual,Manual,Third Owner,20.0,Toyota,20000.0,Mid-Range
Maruti Wagon R VXI BS IV,2016.0,400000.0,25000.0,Petrol,None,Manual,First Owner,10.0,Maruti,2500.0,Mid-Range
Hyundai i20 Active 1.2 S,2017.0,570000.0,60000.0,Petrol,Individual,Manual,First Owner,9.0,Hyundai,6666.666666666667,Mid-Range
Maruti Ignis 1.2 Zeta BSIV,2018.0,500000.0,12000.0,Petrol,Individual,Manual,First Owner,8.0,Maruti,1500.0,Mid-Range
Tata Tiago 1.2 Revotron XZ,2018.0,360000.0,4000.0,Petrol,Individual,Manual,First Owner,8.0,Tata,500.0,Mid-Range
Ford Figo Aspire 1.2 Ti-VCT Trend,2017.0,530000.0,10832.0,Petrol,Dealer,Manual,First Owner,9.0,Ford,1203.5555555555557,Mid-Range
Hyundai i10 Era,2009.0,250000.0,50000.0,Petrol,Individual,Manual,First Owner,17.0,Hyundai,2941.176470588235,Mid-Range
Nissan Sunny XL,2016.0,600000.0,19495.0,Petrol,Dealer,Manual,First Owner,10.0,Nissan,1949.5,Mid-Range
Ford Ecosport 1.5 DV5 MT Titanium,2014.0,580000.0,63356.0,Diesel,Dealer,Manual,Second Owner,12.0,Ford,5279.666666666667,Mid-Range
Toyota Fortuner 3.0 Diesel,2012.0,1680000.0,129627.0,Diesel,Dealer,Manual,First Owner,14.0,Toyota,9259.07142857143,Luxury
Chevrolet Spark 1.0 LT,2010.0,180000.0,15000.0,Petrol,Individual,Manual,First Owner,16.0,Chevrolet,937.5,Budget
Tata Tiago 1.2 Revotron XE,2017.0,300000.0,50000.0,Petrol,Individual,Manual,First Owner,9.0,Tata,5555.555555555556,Mid-Range
Chevrolet Beat LS,2011.0,150000.0,60000.0,Petrol,Individual,Manual,Third Owner,15.0,Chevrolet,4000.0,Budget
Hyundai Grand i10 Asta Option,2017.0,495000.0,5000.0,Petrol,Individual,Manual,First Owner,9.0,Hyundai,555.5555555555555,Mid-Range
Maruti Ciaz VXi,2014.0,700000.0,15000.0,Petrol,Individual,Manual,First Owner,12.0,Maruti,1250.0,Luxury
Datsun GO Plus T BSIV,2018.0,400000.0,4400.0,Petrol,Individual,Manual,Second Owner,8.0,Datsun,550.0,Mid-Range
Mahindra Xylo H4,2019.0,599000.0,15000.0,Diesel,Individual,Manual,Third Owner,7.0,Mahindra,2142.8571428571427,Mid-Range
Renault Duster 85PS Diesel RxL Optional,2014.0,421000.0,45000.0,Diesel,None,Manual,First Owner,12.0,Renault,3750.0,Mid-Range
Ford EcoSport 1.5 Diesel Trend BSIV,2018.0,841000.0,1000.0,Diesel,Individual,Manual,First Owner,8.0,Ford,125.0,Luxury
Hyundai i10 Magna 1.1L,2014.0,295000.0,38500.0,Petrol,Individual,Manual,First Owner,12.0,Hyundai,3208.3333333333335,Mid-Range
Hyundai i10 Sportz,2011.0,220000.0,25000.0,Petrol,Individual,Manual,First Owner,15.0,Hyundai,1666.6666666666667,Budget
Ford Classic 1.4 Duratorq LXI,2013.0,250000.0,60000.0,Diesel,Individual,Manual,First Owner,13.0,Ford,4615.384615384615,Mid-Range
Toyota Fortuner 3.0 Diesel,2014.0,1100000.0,60000.0,Diesel,Individual,Manual,Second Owner,12.0,Toyota,5000.0,Luxury
Hyundai Verna 1.6 VTVT,2012.0,300000.0,40000.0,Petrol,Individual,Manual,First Owner,14.0,Hyundai,2857.1428571428573,Mid-Range
Chevrolet Aveo U-VA 1.2,2007.0,80000.0,110000.0,Petrol,Individual,Manual,Second Owner,19.0,Chevrolet,5789.473684210527,Budget
Hyundai EON Magna Plus,2012.0,245000.0,60000.0,Petrol,Dealer,Manual,First Owner,14.0,Hyundai,4285.714285714285,Budget
Ford EcoSport 1.5 TDCi Titanium BSIV,2016.0,650000.0,25061.0,None,Dealer,Manual,First Owner,10.0,Ford,2506.1,Luxury
Ford Ecosport 1.5 Diesel Titanium,2017.0,760000.0,42494.0,Diesel,Dealer,Manual,First Owner,9.0,Ford,4721.555555555556,Luxury
Honda Amaze S i-Dtech,2014.0,395000.0,44875.0,Diesel,Dealer,Manual,First Owner,12.0,Honda,3739.5833333333335,Mid-Range
Ford Figo Diesel EXI,2014.0,280000.0,89741.0,None,Dealer,Manual,Second Owner,12.0,Ford,7478.416666666667,Mid-Range
Honda Jazz 1.5 S i DTEC,2016.0,495000.0,65000.0,Diesel,Dealer,Manual,First Owner,10.0,Honda,6500.0,Mid-Range
Honda Jazz 1.5 VX i DTEC,2016.0,525000.0,35000.0,Diesel,Dealer,Manual,First Owner,10.0,Honda,3500.0,Mid-Range
Toyota Innova 2.5 GX 8 STR BSIV,2009.0,420000.0,347089.0,None,Dealer,Manual,First Owner,17.0,Toyota,20417.0,Mid-Range
Tata New Safari DICOR 2.2 VX 4x2,2010.0,210000.0,34500.0,Diesel,Individual,Manual,First Owner,16.0,Tata,2156.25,Budget
Hyundai i20 Active 1.2 S,2018.0,650000.0,30000.0,Petrol,Individual,Manual,First Owner,8.0,Hyundai,3750.0,Luxury
BMW 3 Series 320d Luxury Line,2018.0,2300000.0,39000.0,Diesel,Individual,Automatic,First Owner,8.0,BMW,4875.0,Luxury
Ford Freestyle Titanium Plus Diesel BSIV,2019.0,525000.0,16000.0,Diesel,Individual,Manual,First Owner,7.0,Ford,2285.714285714286,Mid-Range
Maruti Wagon R LXI CNG,2010.0,195000.0,80000.0,CNG,None,Manual,Second Owner,16.0,Maruti,5000.0,Budget
Maruti Ertiga SHVS VDI,2016.0,650000.0,60000.0,Diesel,Individual,Manual,First Owner,10.0,Maruti,6000.0,Luxury
Mahindra TUV 300 T6 Plus,2014.0,540000.0,110000.0,Diesel,Individual,Manual,First Owner,12.0,Mahindra,9166.666666666666,Mid-Range
Mahindra Bolero Power Plus ZLX,2017.0,750000.0,29000.0,Diesel,None,Manual,First Owner,9.0,Mahindra,3222.222222222222,Luxury
Maruti Ertiga SHVS ZDI Plus,2018.0,980000.0,50000.0,Diesel,Individual,Manual,First Owner,8.0,Maruti,6250.0,Luxury
Fiat Grande Punto EVO 90HP 1.3 Sport,2014.0,250000.0,90000.0,Diesel,Individual,Manual,First Owner,12.0,Fiat,7500.0,Mid-Range
Hyundai Grand i10 1.2 Kappa Sportz AT,2018.0,550000.0,35000.0,Petrol,Individual,Automatic,First Owner,8.0,Hyundai,4375.0,Mid-Range
Volkswagen Vento 1.6 Highline,2015.0,509999.0,43000.0,Petrol,None,Manual,Second Owner,11.0,Volkswagen,3909.090909090909,Mid-Range
Maruti Alto K10 LXI,2017.0,320000.0,50000.0,Petrol,Individual,Manual,First Owner,9.0,Maruti,5555.555555555556,Mid-Range
Hyundai EON D Lite,2016.0,275000.0,25000.0,Petrol,Individual,Manual,First Owner,10.0,Hyundai,2500.0,Mid-Range
Mahindra XUV500 W8 2WD,2013.0,550000.0,222252.0,Diesel,Individual,Manual,First Owner,13.0,Mahindra,17096.30769230769,Mid-Range
Maruti Wagon R VXI Minor,2009.0,145000.0,50000.0,None,Individual,Manual,Second Owner,17.0,Maruti,2941.176470588235,Budget
Fiat Grande Punto Emotion 90Hp,2013.0,250000.0,80000.0,Diesel,Individual,Manual,First Owner,13.0,Fiat,6153.846153846154,Mid-Range
Hyundai Verna 1.6 SX,2012.0,520000.0,35000.0,None,Individual,Manual,First Owner,14.0,Hyundai,2500.0,Mid-Range
Maruti Alto LXi,2007.0,95000.0,85000.0,Petrol,Individual,Manual,Second Owner,19.0,Maruti,4473.684210526316,Budget
Toyota Innova 2.5 V Diesel 7-seater,2011.0,725000.0,110000.0,Diesel,Individual,Manual,Third Owner,15.0,Toyota,7333.333333333333,Luxury
Maruti 800 AC,2006.0,55000.0,60000.0,Petrol,Individual,Manual,Second Owner,20.0,Maruti,3000.0,Budget
Honda City i DTEC VX,2014.0,600000.0,100000.0,None,Individual,Manual,First Owner,12.0,Honda,8333.333333333334,Mid-Range
Volkswagen Vento New Diesel Highline,2013.0,330000.0,120000.0,Diesel,Individual,Manual,Second Owner,13.0,Volkswagen,9230.76923076923,Mid-Range
Hyundai EON Magna Plus,2013.0,250000.0,40000.0,Petrol,Individual,Manual,Second Owner,13.0,Hyundai,3076.923076923077,Mid-Range
Maruti Wagon R VXI BS IV,2017.0,430000.0,17000.0,Petrol,Individual,Manual,First Owner,9.0,Maruti,1888.888888888889,Mid-Range
Maruti Swift VDI,2013.0,400000.0,125000.0,Diesel,Individual,Manual,Second Owner,13.0,Maruti,9615.384615384615,Mid-Range
Maruti Swift Dzire ZXI,2014.0,615000.0,110000.0,Petrol,None,Manual,Second Owner,12.0,Maruti,9166.666666666666,Luxury
Ford Figo Diesel Titanium,2011.0,150000.0,120000.0,Diesel,Individual,Manual,Second Owner,15.0,Ford,8000.0,Budget
Ford Figo Diesel ZXI,2014.0,240000.0,90000.0,Diesel,Individual,Manual,First Owner,12.0,Ford,7500.0,Budget
Hyundai EON LPG Magna Plus,2015.0,240000.0,110000.0,LPG,Individual,Manual,First Owner,11.0,Hyundai,10000.0,Budget
Ford Ecosport 1.5 DV5 MT Titanium,2014.0,600000.0,87000.0,Diesel,Individual,Manual,Second Owner,12.0,Ford,7250.0,Mid-Range
Mahindra Scorpio LX,2014.0,800000.0,15000.0,None,Individual,Manual,First Owner,12.0,Mahindra,1250.0,Luxury
Hyundai EON 1.0 Kappa Magna Plus,2015.0,160000.0,70000.0,Petrol,None,Manual,First Owner,11.0,Hyundai,6363.636363636364,Budget
Ford Fiesta Classic 1.6 Duratec CLXI,2012.0,350000.0,38000.0,Petrol,Individual,Manual,First Owner,14.0,Ford,2714.285714285714,Mid-Range
Honda City 1.5 V MT,2011.0,300000.0,64000.0,Petrol,Individual,Manual,Second Owner,15.0,Honda,4266.666666666667,Mid-Range
Tata Sumo Gold EX BSIII,2015.0,399000.0,55250.0,Diesel,Individual,Manual,First Owner,11.0,Tata,5022.727272727273,Mid-Range
Mahindra Bolero DI,2011.0,300000.0,110000.0,Diesel,Individual,Manual,First Owner,15.0,Mahindra,7333.333333333333,Mid-Range
Maruti A-Star AT VXI,2012.0,150000.0,70000.0,Petrol,Individual,Automatic,First Owner,14.0,Maruti,5000.0,Budget
Chevrolet Cruze LTZ,2010.0,320000.0,60000.0,Diesel,Individual,Manual,Third Owner,16.0,Chevrolet,3750.0,Mid-Range
Tata Hexa XM,2018.0,1280000.0,17000.0,Diesel,Individual,Manual,First Owner,8.0,Tata,2125.0,Luxury
Renault KWID 1.0 RXT Optional,2014.0,300000.0,13000.0,Petrol,Individual,Manual,Second Owner,12.0,Renault,1083.3333333333333,Mid-Range
Nissan Terrano XL Plus ICC WT20 SE,2016.0,1000000.0,60000.0,Diesel,Individual,Manual,First Owner,10.0,Nissan,6000.0,Luxury
Tata New Safari DICOR 2.2 GX 4x2 BS IV,2012.0,450000.0,97000.0,Diesel,Individual,Manual,Second Owner,14.0,Tata,6928.571428571428,Mid-Range
Tata Indica GLS BS IV,2007.0,60000.0,130000.0,Petrol,Individual,Manual,Second Owner,19.0,Tata,6842.105263157895,Budget
Maruti Swift Dzire ZXI,2013.0,500000.0,50000.0,Petrol,Individual,Manual,First Owner,13.0,Maruti,3846.153846153846,Mid-Range
Tata Indigo CR4,2012.0,200000.0,120000.0,Diesel,Individual,Manual,Second Owner,14.0,Tata,8571.42857142857,Budget
Ford Ecosport 1.5 DV5 MT Titanium,2015.0,650000.0,68000.0,Diesel,Individual,Manual,First Owner,11.0,Ford,6181.818181818182,Luxury
Maruti Alto LXi,2006.0,60000.0,60000.0,None,Individual,Manual,Second Owner,20.0,Maruti,3000.0,Budget
Hyundai Accent Executive CNG,2012.0,185000.0,67000.0,CNG,Dealer,Manual,Second Owner,14.0,Hyundai,4785.714285714285,Budget
Maruti Alto K10 VXI,2015.0,155000.0,60000.0,Petrol,Individual,Manual,First Owner,11.0,Maruti,5454.545454545455,Budget
Maruti Swift VXI,2019.0,600000.0,5000.0,Petrol,Individual,Manual,First Owner,7.0,Maruti,714.2857142857143,Mid-Range
Renault KWID RXE,2016.0,300000.0,20000.0,Petrol,Individual,Manual,First Owner,10.0,Renault,2000.0,Mid-Range
Hyundai Creta 1.6 E Plus,2018.0,850000.0,12500.0,Petrol,Individual,Manual,First Owner,8.0,Hyundai,1562.5,Luxury
Maruti Eeco CNG 5 Seater AC BSIV,2019.0,470000.0,60000.0,CNG,Individual,Manual,First Owner,7.0,Maruti,8571.42857142857,Mid-Range
Ford Figo 1.2P Titanium MT,2019.0,600000.0,25000.0,None,None,Manual,First Owner,7.0,Ford,3571.4285714285716,Mid-Range
Toyota Innova 2.5 G (Diesel) 7 Seater,2013.0,700000.0,70000.0,Diesel,Individual,Manual,Second Owner,13.0,Toyota,5384.615384615385,Luxury
Maruti Wagon R LXI DUO BSIII,2007.0,70000.0,162000.0,LPG,Individual,Manual,First Owner,19.0,Maruti,8526.315789473685,Budget
Audi A6 2.8 FSI,2008.0,650000.0,70000.0,Petrol,Individual,Automatic,Third Owner,18.0,Audi,3888.8888888888887,Luxury
Hyundai Xcent 1.2 CRDi S,2018.0,450000.0,70000.0,Diesel,Individual,Manual,Second Owner,8.0,Hyundai,8750.0,Mid-Range
Mahindra XUV500 W8 2WD,2014.0,750000.0,100000.0,Diesel,Individual,Manual,Second Owner,12.0,Mahindra,8333.333333333334,Luxury
Toyota Innova 2.5 G (Diesel) 7 Seater,2013.0,775000.0,70000.0,Diesel,Individual,Manual,Second Owner,13.0,Toyota,5384.615384615385,Luxury
Hyundai Santa Fe 4X4,2011.0,800000.0,220000.0,Diesel,Individual,Manual,First Owner,15.0,Hyundai,14666.666666666666,Luxury
Honda Amaze E i-Vtech,2015.0,360000.0,80000.0,Petrol,Individual,Manual,Second Owner,11.0,Honda,7272.727272727273,Mid-Range
Toyota Corolla Altis Diesel D4DG,2010.0,250000.0,120000.0,Diesel,Individual,Manual,First Owner,16.0,Toyota,7500.0,Mid-Range
Jeep Compass 2.0 Longitude Option BSIV,2017.0,1490000.0,22038.0,Diesel,Individual,Manual,First Owner,9.0,Jeep,2448.6666666666665,Luxury
Maruti Alto LX,2010.0,120000.0,90000.0,Petrol,Individual,Manual,First Owner,16.0,Maruti,5625.0,Budget
Tata New Safari DICOR 2.2 EX 4x2,2012.0,320000.0,140000.0,Diesel,Individual,Manual,Second Owner,14.0,Tata,10000.0,Mid-Range
Maruti Swift Dzire ZDI,2014.0,302000.0,60000.0,Diesel,Individual,Manual,First Owner,12.0,Maruti,5000.0,Mid-Range
Chevrolet Beat Diesel LT,2011.0,130000.0,80000.0,Diesel,Individual,Manual,Second Owner,15.0,Chevrolet,5333.333333333333,Budget
Maruti Swift Dzire LXI Option,2014.0,150000.0,60000.0,Petrol,Individual,Manual,Second Owner,12.0,Maruti,5000.0,Budget
Tata Indica Vista Aura Plus 1.3 Quadrajet,2012.0,200000.0,90000.0,Diesel,Individual,Manual,Second Owner,14.0,Tata,6428.571428571428,Budget
Toyota Innova 2.5 G1 BSIV,2012.0,950000.0,80000.0,None,Individual,Manual,First Owner,14.0,Toyota,5714.285714285715,Luxury
Maruti Swift Vdi BSIII,2008.0,120000.0,175000.0,None,Individual,Manual,First Owner,18.0,Maruti,9722.222222222223,Budget
Mahindra XUV500 W7 BSIV,2019.0,1400000.0,10000.0,Diesel,Individual,Manual,First Owner,7.0,Mahindra,1428.5714285714287,Luxury
Hyundai i20 1.2 Asta Option,2017.0,620000.0,65000.0,Petrol,Individual,Manual,First Owner,9.0,Hyundai,7222.222222222223,Luxury
Maruti Alto LXi,2007.0,100000.0,70000.0,Petrol,Individual,Manual,First Owner,19.0,Maruti,3684.2105263157896,Budget
Hyundai Grand i10 1.2 Kappa Sportz BSIV,2014.0,600000.0,2500.0,Petrol,Individual,Manual,First Owner,12.0,Hyundai,208.33333333333334,Mid-Range
Honda Amaze VX i-DTEC,2016.0,700000.0,35000.0,Diesel,Individual,Manual,First Owner,10.0,Honda,3500.0,Luxury
Nissan Terrano XL Plus 85 PS,2015.0,530000.0,55000.0,Diesel,Dealer,Manual,First Owner,11.0,Nissan,5000.0,Mid-Range
Chevrolet Enjoy TCDi LT 7 Seater,2014.0,325000.0,60000.0,Diesel,Dealer,Manual,First Owner,12.0,Chevrolet,5000.0,Mid-Range
Renault Scala Diesel RxL,2015.0,370000.0,60000.0,Diesel,Dealer,Manual,First Owner,11.0,Renault,5454.545454545455,Mid-Range
Skoda Rapid 1.5 TDI Ambition,2014.0,360000.0,70000.0,Diesel,Individual,Manual,First Owner,12.0,Skoda,5833.333333333333,Mid-Range
Skoda Superb LK 1.8 TSI AT,2012.0,650000.0,60000.0,Petrol,Dealer,Automatic,First Owner,14.0,Skoda,4285.714285714285,Luxury
Ford Fiesta 1.5 TDCi Titanium,2012.0,199000.0,92000.0,Diesel,Dealer,Manual,Third Owner,14.0,Ford,6571.428571428572,Budget
Mahindra Quanto C6,2014.0,285000.0,89126.0,None,Individual,Manual,First Owner,12.0,Mahindra,7427.166666666667,Mid-Range
Volkswagen Jetta 1.9 TDI Comfortline DSG,2009.0,260000.0,134000.0,Diesel,Individual,Automatic,First Owner,17.0,Volkswagen,7882.35294117647,Mid-Range
Maruti Ciaz 1.4 AT Zeta,2019.0,869999.0,60000.0,Petrol,Dealer,Automatic,First Owner,7.0,Maruti,8571.42857142857,Luxury
Hyundai Grand i10 1.2 CRDi Magna,2016.0,425000.0,42500.0,Diesel,Dealer,Manual,First Owner,10.0,Hyundai,4250.0,Mid-Range
Chevrolet Cruze LTZ AT,2012.0,490000.0,42000.0,Diesel,Dealer,Automatic,First Owner,14.0,Chevrolet,3000.0,Mid-Range
Honda City 1.5 EXI,2004.0,125000.0,110000.0,None,Individual,Manual,Third Owner,22.0,Honda,5000.0,Budget
Fiat Linea 1.3 Emotion,2014.0,221000.0,131365.0,Diesel,Individual,Manual,First Owner,12.0,Fiat,10947.083333333334,Budget
Volkswagen Vento 1.5 TDI Highline AT,2016.0,724000.0,48980.0,Diesel,Dealer,Automatic,First Owner,10.0,Volkswagen,4898.0,Luxury
Honda Amaze VX AT i-Vtech,2014.0,440000.0,46000.0,Petrol,None,Automatic,First Owner,12.0,Honda,3833.3333333333335,Mid-Range
Chevrolet Spark 1.0 LS,2014.0,70000.0,60000.0,Petrol,Individual,Manual,Third Owner,12.0,Chevrolet,5000.0,Budget
Maruti Baleno Delta Diesel,2015.0,511000.0,58000.0,None,Dealer,Manual,First Owner,11.0,Maruti,5272.727272727273,Mid-Range
Maruti S-Cross Alpha DDiS 200 SH,2016.0,790000.0,22000.0,Diesel,Dealer,Manual,First Owner,10.0,Maruti,2200.0,Luxury
Hyundai i20 1.2 Asta Option,2017.0,640000.0,37000.0,Petrol,Individual,Manual,First Owner,9.0,Hyundai,4111.111111111111,Luxury
Hyundai Santro Xing GLS,2009.0,120000.0,70000.0,Petrol,Individual,Manual,Fourth & Above Owner,17.0,Hyundai,4117.64705882353,Budget
Chevrolet Beat Diesel LT,2012.0,126000.0,60000.0,Diesel,Individual,Manual,First Owner,14.0,Chevrolet,4285.714285714285,Budget
Chevrolet Beat Diesel LT,2012.0,120000.0,125000.0,Diesel,Individual,Manual,First Owner,14.0,Chevrolet,8928.57142857143,Budget
Mahindra TUV 300 T4 Plus,2017.0,650000.0,60000.0,Diesel,Individual,Manual,First Owner,9.0,Mahindra,6666.666666666667,Luxury
Hyundai Grand i10 Asta,2014.0,450000.0,80000.0,Petrol,Individual,Manual,Second Owner,12.0,Hyundai,6666.666666666667,Mid-Range
Maruti Zen Estilo LXI Green (CNG),2010.0,110000.0,80000.0,CNG,Individual,Manual,Fourth & Above Owner,16.0,Maruti,5000.0,Budget
Mahindra Bolero Power Plus Plus AC BSIV PS,2017.0,600000.0,40000.0,Diesel,Individual,Manual,First Owner,9.0,Mahindra,4444.444444444444,Mid-Range
Mahindra XUV500 W8 4WD,2012.0,620000.0,60000.0,Diesel,Individual,Manual,Second Owner,14.0,Mahindra,4285.714285714285,Luxury
Ford Ecosport 1.5 DV5 MT Titanium,2014.0,600000.0,30000.0,Diesel,Individual,Manual,First Owner,12.0,Ford,2500.0,Mid-Range
Mahindra Bolero Power Plus ZLX,2018.0,795000.0,35000.0,Diesel,Individual,Manual,First Owner,8.0,Mahindra,4375.0,Luxury
Audi A4 3.0 TDI Quattro,2014.0,1580000.0,86000.0,Diesel,Dealer,Automatic,First Owner,12.0,Audi,7166.666666666667,Luxury
Audi Q3 2.0 TDI Quattro Premium Plus,2015.0,1750000.0,127643.0,Diesel,Dealer,Automatic,First Owner,11.0,Audi,11603.90909090909,Luxury
Mahindra Xylo D4,2014.0,350000.0,145000.0,Diesel,Individual,Manual,First Owner,12.0,Mahindra,12083.333333333334,Mid-Range
Audi A6 2.0 TDI  Design Edition,2014.0,1750000.0,102354.0,Diesel,Dealer,Automatic,First Owner,12.0,Audi,8529.5,Luxury
Nissan Sunny XL D,2018.0,500000.0,70000.0,Diesel,Individual,Manual,First Owner,8.0,Nissan,8750.0,Mid-Range
Audi Q3 35 TDI Quattro Technology,2017.0,2575000.0,36000.0,Diesel,Dealer,Automatic,First Owner,9.0,Audi,4000.0,Luxury
Tata Indigo CR4,2013.0,220000.0,100000.0,Diesel,Individual,Manual,First Owner,13.0,Tata,7692.307692307692,Budget
Audi Q5 2.0 TFSI Quattro Premium Plus,2014.0,1850000.0,62237.0,Petrol,Dealer,Automatic,First Owner,12.0,Audi,5186.416666666667,Luxury
Hyundai Santro Xing XL eRLX Euro III,2005.0,114999.0,90000.0,Petrol,Dealer,Manual,Second Owner,21.0,Hyundai,4285.714285714285,Budget
Maruti 800 AC,1999.0,50000.0,100000.0,Petrol,Individual,Manual,Second Owner,27.0,Maruti,3703.703703703704,Budget
Honda Jazz Select Edition,2017.0,585000.0,14000.0,Petrol,Dealer,Manual,First Owner,9.0,Honda,1555.5555555555557,Mid-Range
Ford EcoSport 1.5 TDCi Titanium BSIV,2018.0,950000.0,21394.0,Diesel,Dealer,Manual,First Owner,8.0,Ford,2674.25,Luxury
Maruti Swift Dzire AMT VXI,2014.0,625000.0,13800.0,Petrol,Individual,Automatic,First Owner,12.0,Maruti,1150.0,Luxury
Hyundai Creta 1.6 SX Automatic,2017.0,1035000.0,23000.0,Petrol,Dealer,Automatic,First Owner,9.0,Hyundai,2555.5555555555557,Luxury
Datsun GO T Petrol,2015.0,310000.0,32686.0,Petrol,Dealer,Manual,First Owner,11.0,Datsun,2971.4545454545455,Mid-Range
Mahindra Xylo D4,2017.0,600000.0,99700.0,Diesel,Individual,Manual,First Owner,9.0,Mahindra,11077.777777777777,Mid-Range
Toyota Fortuner 2.8 4WD AT BSIV,2019.0,3100000.0,5000.0,Diesel,Individual,Automatic,First Owner,7.0,Toyota,714.2857142857143,Luxury
Honda City i-DTEC SV,2014.0,650000.0,49654.0,Diesel,Dealer,Manual,First Owner,12.0,Honda,4137.833333333333,Luxury
Hyundai Grand i10 Asta,2016.0,550000.0,45457.0,Petrol,Dealer,Manual,First Owner,10.0,Hyundai,4545.7,Mid-Range
Hyundai Creta 1.6 CRDi SX,2017.0,1260000.0,39221.0,Diesel,Dealer,Manual,First Owner,9.0,Hyundai,4357.888888888889,Luxury
Hyundai i20 Sportz 1.2,2014.0,660000.0,48220.0,Petrol,Dealer,Manual,First Owner,12.0,Hyundai,4018.3333333333335,Luxury
Hyundai i20 Sportz 1.2,2017.0,700000.0,11114.0,Petrol,Dealer,Manual,First Owner,9.0,Hyundai,1234.888888888889,Luxury
Hyundai Getz 1.5 CRDi GVS,2008.0,235000.0,60208.0,Diesel,Dealer,Manual,First Owner,18.0,Hyundai,3344.8888888888887,Budget
Volkswagen Vento 1.5 TDI Highline,2013.0,475000.0,80000.0,Diesel,Dealer,Manual,First Owner,13.0,Volkswagen,6153.846153846154,Mid-Range
Mercedes-Benz E-Class 280 CDI Elegance,2008.0,795000.0,98600.0,Diesel,Dealer,Automatic,First Owner,18.0,Mercedes-Benz,5477.777777777777,Luxury
Audi RS7 2015-2019 Sportback Performance,2014.0,8900000.0,60000.0,Petrol,Dealer,Automatic,First Owner,12.0,Audi,5000.0,Luxury
Audi Q5 3.0 TDI Quattro Technology,2015.0,3200000.0,30000.0,Diesel,Dealer,Automatic,First Owner,11.0,Audi,2727.2727272727275,Luxury
Land Rover Range Rover 4.4 Diesel LWB Vogue SE,2010.0,4200000.0,100000.0,Diesel,Dealer,Automatic,First Owner,16.0,Land,6250.0,Luxury
Honda City VX CVT,2015.0,850000.0,60000.0,Petrol,Dealer,Automatic,First Owner,11.0,Honda,5454.545454545455,Luxury
Mahindra Xylo D4,2017.0,585000.0,85441.0,None,None,Manual,First Owner,9.0,Mahindra,9493.444444444445,Mid-Range
Mahindra Verito 1.5 D4 BSIV,2015.0,380000.0,64541.0,Diesel,Dealer,Manual,First Owner,11.0,Mahindra,5867.363636363636,Mid-Range
Maruti Swift Dzire VDI,2019.0,650000.0,35000.0,Diesel,Individual,Manual,First Owner,7.0,Maruti,5000.0,Luxury
Maruti Swift ZXI Plus,2018.0,600000.0,30000.0,Petrol,Individual,Manual,First Owner,8.0,Maruti,3750.0,Mid-Range
Nissan Micra Active XV,2017.0,434999.0,16267.0,Petrol,Dealer,Manual,First Owner,9.0,Nissan,1807.4444444444443,Mid-Range
Volkswagen Vento 1.5 TDI Highline,2013.0,525000.0,71500.0,None,Dealer,Manual,First Owner,13.0,Volkswagen,5500.0,Mid-Range
BMW 5 Series 520d Luxury Line,2019.0,4800000.0,12999.0,Diesel,Dealer,Automatic,First Owner,7.0,BMW,1857.0,Luxury
Chevrolet Aveo U-VA 1.2 LS,2008.0,160000.0,80000.0,Petrol,Individual,Manual,First Owner,18.0,Chevrolet,4444.444444444444,Budget
Maruti Zen Estilo 1.1 LXI BSIII,2007.0,160000.0,90000.0,Petrol,Individual,Manual,Second Owner,19.0,Maruti,4736.8421052631575,Budget
Chevrolet Spark 1.0 LT,2012.0,125000.0,28000.0,Petrol,Individual,Manual,First Owner,14.0,Chevrolet,2000.0,Budget
Hyundai Creta 1.6 VTVT S,2017.0,900000.0,14700.0,Petrol,Individual,Manual,First Owner,9.0,Hyundai,1633.3333333333333,Luxury
Maruti Alto LX,2000.0,61000.0,60000.0,Petrol,Individual,Manual,Second Owner,26.0,Maruti,2307.6923076923076,Budget
Maruti Wagon R LXI BS IV,2017.0,400000.0,50000.0,Petrol,Individual,Manual,First Owner,9.0,Maruti,5555.555555555556,Mid-Range
Hyundai Santro Xing XS,2009.0,150000.0,100000.0,None,Individual,Manual,Second Owner,17.0,Hyundai,5882.35294117647,Budget
Volkswagen Polo GT 1.0 TSI,2019.0,950000.0,24000.0,Petrol,Individual,Automatic,First Owner,7.0,Volkswagen,3428.5714285714284,Luxury
Tata Indigo CR4,2013.0,220000.0,100000.0,Diesel,Individual,Manual,First Owner,13.0,Tata,7692.307692307692,Budget
Hyundai Getz GLX,2007.0,110000.0,60000.0,Petrol,Individual,Manual,First Owner,19.0,Hyundai,3157.8947368421054,Budget
Tata Bolt Revotron XM,2015.0,375000.0,30000.0,Petrol,Individual,Manual,First Owner,11.0,Tata,2727.2727272727275,Mid-Range
Hyundai i20 Magna 1.4 CRDi (Diesel),2012.0,310000.0,92686.0,Diesel,Dealer,Manual,Second Owner,14.0,Hyundai,6620.428571428572,Mid-Range
Tata Indica GLS BS IV,2010.0,90000.0,300000.0,Petrol,Individual,Manual,Third Owner,16.0,Tata,18750.0,Budget
Volkswagen Vento Petrol Highline,2011.0,350000.0,90000.0,Petrol,None,Manual,Second Owner,15.0,Volkswagen,6000.0,Mid-Range
Hyundai Santro LS zipPlus,2003.0,100000.0,60000.0,Petrol,Individual,Manual,First Owner,23.0,Hyundai,2608.695652173913,Budget
Mahindra XUV500 AT W6 2WD,2017.0,1300000.0,40000.0,Diesel,Individual,Automatic,First Owner,9.0,Mahindra,4444.444444444444,Luxury
Maruti Wagon R LXI,2014.0,70000.0,90000.0,Petrol,Individual,Manual,Fourth & Above Owner,12.0,Maruti,7500.0,Budget
Chevrolet Sail Hatchback LT ABS,2013.0,225000.0,80000.0,Diesel,Individual,Manual,First Owner,13.0,Chevrolet,6153.846153846154,Budget
Honda City 1.3 EXI,2002.0,145000.0,100000.0,Petrol,Individual,Manual,First Owner,24.0,Honda,4166.666666666667,Budget
Ford EcoSport 1.5 Diesel Titanium Plus BSIV,2018.0,930000.0,20000.0,Diesel,Individual,Manual,First Owner,8.0,Ford,2500.0,Luxury
Maruti Swift VXI,2019.0,550000.0,51000.0,Petrol,Individual,Manual,First Owner,7.0,Maruti,7285.714285714285,Mid-Range
Maruti Alto LX BSIII,2008.0,85000.0,120000.0,Petrol,Individual,Manual,Second Owner,18.0,Maruti,6666.666666666667,Budget
Hyundai EON Era Plus Sports Edition,2014.0,280000.0,60000.0,Petrol,Individual,Manual,First Owner,12.0,Hyundai,5000.0,Mid-Range
Hyundai EON Magna Plus,2018.0,360000.0,6000.0,Petrol,Individual,Manual,First Owner,8.0,Hyundai,750.0,Mid-Range
Skoda Rapid 1.6 MPI AT Ambition BSIV,2017.0,900000.0,15000.0,Petrol,Individual,Automatic,First Owner,9.0,Skoda,1666.6666666666667,Luxury
Fiat Linea T Jet Emotion,2010.0,215000.0,60000.0,Petrol,None,Manual,Second Owner,16.0,Fiat,3750.0,Budget
Renault Scala Diesel RxL,2013.0,550000.0,38500.0,Diesel,Individual,Manual,First Owner,13.0,Renault,2961.5384615384614,Mid-Range
Maruti Gypsy King HT BSIV,2001.0,409999.0,49359.0,Petrol,Individual,Manual,Third Owner,25.0,Maruti,1974.36,Mid-Range
Maruti 800 AC Uniq,2005.0,65000.0,70000.0,Petrol,Individual,Manual,Second Owner,21.0,Maruti,3333.3333333333335,Budget
Maruti Wagon R LXI Minor,2008.0,200000.0,60000.0,Petrol,Individual,Manual,Second Owner,18.0,Maruti,3333.3333333333335,Budget
Maruti Wagon R VXI BS IV,2010.0,240000.0,50000.0,Petrol,Individual,Manual,Second Owner,16.0,Maruti,3125.0,Budget
Toyota Innova 2.5 VX 8 STR,2012.0,800000.0,108731.0,Diesel,Individual,Manual,First Owner,14.0,Toyota,7766.5,Luxury
Toyota Innova 2.5 EV Diesel MS 7 Str BSIII,2010.0,400000.0,60000.0,Diesel,Individual,Manual,First Owner,16.0,Toyota,3750.0,Mid-Range
Tata Sumo Gold EX BSIII,2016.0,500000.0,60000.0,Diesel,Individual,Manual,First Owner,10.0,Tata,6000.0,Mid-Range
Mahindra Renault Logan 1.5 DLX Diesel,2014.0,150000.0,90000.0,Diesel,Individual,Manual,Third Owner,12.0,Mahindra,7500.0,Budget
Toyota Etios GD,2014.0,500000.0,140000.0,Diesel,Individual,Manual,Second Owner,12.0,Toyota,11666.666666666666,Mid-Range
Nissan Micra Diesel XV,2013.0,300000.0,90000.0,Diesel,Individual,Manual,First Owner,13.0,Nissan,6923.076923076923,Mid-Range
Renault Lodgy Stepway 85PS RXZ 8S,2017.0,650000.0,40000.0,Diesel,Individual,Manual,First Owner,9.0,Renault,4444.444444444444,Luxury
Maruti Alto 800 LXI,2018.0,285000.0,14000.0,Petrol,Individual,Manual,First Owner,8.0,Maruti,1750.0,Mid-Range
Tata Aria Pleasure 4x2,2012.0,360000.0,70000.0,Diesel,Individual,Manual,Second Owner,14.0,Tata,5000.0,Mid-Range
Honda Accord 2.4 MT,2009.0,450000.0,55000.0,Petrol,Individual,Manual,Second Owner,17.0,Honda,3235.294117647059,Mid-Range
Chevrolet Cruze LT,2014.0,350000.0,74000.0,Diesel,Individual,Manual,First Owner,12.0,Chevrolet,6166.666666666667,Mid-Range
Ford Figo Aspire 1.5 TDCi Titanium,2020.0,530000.0,45000.0,Diesel,Dealer,Manual,First Owner,6.0,Ford,7500.0,Mid-Range
Honda City i-DTEC ZX,2017.0,1025000.0,38000.0,Diesel,Dealer,Manual,First Owner,9.0,Honda,4222.222222222223,Luxury
Honda BR-V i-DTEC VX MT,2017.0,950000.0,24000.0,Diesel,Dealer,Manual,First Owner,9.0,Honda,2666.6666666666665,Luxury
Honda WR-V i-VTEC VX,2017.0,725000.0,29976.0,Petrol,Dealer,Manual,First Owner,9.0,Honda,3330.6666666666665,Luxury
Honda City i VTEC VX,2017.0,919999.0,41000.0,Petrol,Dealer,Manual,First Owner,9.0,Honda,4555.555555555556,Luxury
Honda Jazz 1.5 V i DTEC,2018.0,700000.0,15000.0,Diesel,None,Manual,First Owner,8.0,Honda,1875.0,Luxury
Honda Jazz 1.5 VX i DTEC,2014.0,725000.0,36000.0,Diesel,Dealer,Manual,First Owner,12.0,Honda,3000.0,Luxury
Honda BR-V i-VTEC VX MT,2017.0,840000.0,30646.0,Petrol,Dealer,Manual,First Owner,9.0,Honda,3405.1111111111113,Luxury
Maruti Wagon R VXI BS IV,2015.0,365000.0,23600.0,Petrol,Dealer,Manual,First Owner,11.0,Maruti,2145.4545454545455,Mid-Range
Honda City i DTEC SV,2014.0,665000.0,71318.0,Diesel,Dealer,Manual,First Owner,12.0,Honda,5943.166666666667,Luxury
Maruti 800 Std,2003.0,50000.0,78098.0,Petrol,Individual,Manual,First Owner,23.0,Maruti,3395.5652173913045,Budget
Hyundai EON Era Plus,2014.0,225000.0,30000.0,Petrol,Individual,Manual,First Owner,12.0,Hyundai,2500.0,Budget
Hyundai Santro Xing GL,2008.0,145000.0,67000.0,Petrol,Individual,Manual,First Owner,18.0,Hyundai,3722.222222222222,Budget
Ford Figo Aspire Facelift,2014.0,624000.0,14681.0,Diesel,Dealer,Manual,First Owner,12.0,Ford,1223.4166666666667,Luxury
Hyundai Verna 1.4 VTVT,2015.0,500000.0,25000.0,Petrol,Individual,Manual,First Owner,11.0,Hyundai,2272.7272727272725,Mid-Range
Ford EcoSport 1.5 Ti VCT MT Titanium BSIV,2017.0,750000.0,18054.0,Petrol,Dealer,Manual,First Owner,9.0,Ford,2006.0,Luxury
Hyundai i20 Asta 1.4 CRDi,2016.0,680000.0,20000.0,Diesel,Individual,Manual,First Owner,10.0,Hyundai,2000.0,Luxury
Mahindra TUV 300 T8,2016.0,700000.0,40000.0,Diesel,Individual,Manual,First Owner,10.0,Mahindra,4000.0,Luxury
Tata Indigo CS eLS BS IV,2011.0,180000.0,120000.0,Diesel,Individual,Manual,First Owner,15.0,Tata,8000.0,Budget
Ford Fiesta 1.4 SXi TDCi ABS,2008.0,270000.0,120000.0,Diesel,Individual,Manual,Second Owner,18.0,Ford,6666.666666666667,Mid-Range
Maruti Swift Dzire VXi,2010.0,370000.0,97000.0,Petrol,Individual,Manual,Second Owner,16.0,Maruti,6062.5,Mid-Range
Skoda Rapid 1.6 TDI PRESTIGE,2013.0,430000.0,88000.0,Diesel,Individual,Manual,First Owner,13.0,Skoda,6769.2307692307695,Mid-Range
Maruti Swift ZDi,2014.0,550000.0,38406.0,Diesel,Dealer,Manual,First Owner,12.0,Maruti,3200.5,Mid-Range
Maruti Wagon R VXI BS IV,2015.0,390000.0,32260.0,Petrol,Dealer,Manual,First Owner,11.0,Maruti,2932.7272727272725,Mid-Range
Maruti Swift VXI,2012.0,370000.0,60000.0,Petrol,Dealer,Manual,First Owner,14.0,Maruti,4285.714285714285,Mid-Range
Maruti Alto LXi BSIII,2010.0,190000.0,73350.0,Petrol,Dealer,Manual,First Owner,16.0,Maruti,4584.375,Budget
Honda City S,2013.0,450000.0,96987.0,Petrol,Dealer,Manual,First Owner,13.0,Honda,7460.538461538462,Mid-Range
Mercedes-Benz GLS 2016-2020 350d 4MATIC,2016.0,5500000.0,77350.0,Diesel,Dealer,Automatic,First Owner,10.0,Mercedes-Benz,7735.0,Luxury
Maruti Swift Dzire VDI,2015.0,550000.0,61187.0,Diesel,Dealer,Manual,First Owner,11.0,Maruti,5562.454545454545,Mid-Range
Mahindra Xylo E6,2009.0,400000.0,68350.0,Diesel,None,Manual,First Owner,17.0,Mahindra,4020.5882352941176,Mid-Range
Ford EcoSport 1.5 TDCi Titanium BSIV,2014.0,585000.0,81150.0,Diesel,Dealer,Manual,First Owner,12.0,Ford,6762.5,Mid-Range
Hyundai Grand i10 1.2 Kappa Asta,2019.0,500000.0,30000.0,Petrol,Individual,Manual,First Owner,7.0,Hyundai,4285.714285714285,Mid-Range
Maruti Ciaz ZXi,2015.0,800000.0,30000.0,Petrol,Individual,Manual,First Owner,11.0,Maruti,2727.2727272727275,Luxury
Maruti Swift Vdi BSIII,2009.0,265000.0,120000.0,Diesel,Individual,Manual,Second Owner,17.0,Maruti,7058.823529411765,Mid-Range
Ford Figo Diesel Titanium,2012.0,175000.0,180000.0,Diesel,Individual,Manual,First Owner,14.0,Ford,12857.142857142857,Budget
Mahindra Verito 1.5 D2 BSIII,2011.0,150000.0,280000.0,Diesel,Individual,Manual,First Owner,15.0,Mahindra,18666.666666666668,Budget
Hyundai Creta 1.6 CRDi SX Option,2015.0,1025000.0,90000.0,Diesel,Individual,Manual,Second Owner,11.0,Hyundai,8181.818181818182,Luxury
Toyota Innova 2.5 VX (Diesel) 8 Seater,2014.0,1030000.0,250000.0,Diesel,Individual,Manual,Second Owner,12.0,Toyota,20833.333333333332,Luxury
Chevrolet Cruze LT,2012.0,380000.0,90000.0,Diesel,Individual,Manual,First Owner,14.0,Chevrolet,6428.571428571428,Mid-Range
Maruti Swift Dzire LDi,2010.0,250000.0,110000.0,Diesel,Individual,Manual,Third Owner,16.0,Maruti,6875.0,Mid-Range
Maruti Zen LX,2014.0,85000.0,15000000.0,Petrol,Individual,Manual,Second Owner,12.0,Maruti,1250000.0,Budget
Fiat Punto EVO 1.3 Dynamic,2016.0,500000.0,35000.0,Diesel,Individual,Manual,First Owner,10.0,Fiat,3500.0,Mid-Range
Hyundai EON Era Plus,2018.0,350000.0,15000.0,Petrol,Individual,Manual,First Owner,8.0,Hyundai,1875.0,Mid-Range
Maruti Alto LXi BSIII,2010.0,190000.0,52000.0,Petrol,Individual,Manual,Second Owner,16.0,Maruti,3250.0,Budget
Volkswagen Jetta 1.9 TDI Trendline,2009.0,940000.0,140000.0,Diesel,None,Manual,First Owner,17.0,Volkswagen,8235.29411764706,Luxury
Maruti Swift VXI,2013.0,475000.0,60000.0,Petrol,Individual,Manual,Second Owner,13.0,Maruti,4615.384615384615,Mid-Range
Maruti Alto 800 LXI,2018.0,300000.0,17000.0,Petrol,Individual,Manual,First Owner,8.0,Maruti,2125.0,Mid-Range
Chevrolet Beat LS,2016.0,250000.0,70000.0,Petrol,Individual,Manual,Third Owner,10.0,Chevrolet,7000.0,Mid-Range
Maruti Zen LX,2001.0,93000.0,97000.0,Petrol,Individual,Manual,Fourth & Above Owner,25.0,Maruti,3880.0,Budget
Tata Indica GLS BS IV,2010.0,75000.0,300000.0,Petrol,Individual,Manual,First Owner,16.0,Tata,18750.0,Budget
Mahindra XUV500 W8 2WD,2015.0,1000000.0,120000.0,Diesel,Individual,Manual,Second Owner,11.0,Mahindra,10909.09090909091,Luxury
Hyundai i20 Asta 1.4 CRDi,2015.0,550000.0,87000.0,Diesel,Individual,Manual,First Owner,11.0,Hyundai,7909.090909090909,Mid-Range
Fiat Punto 1.3 Emotion,2010.0,285000.0,75000.0,Diesel,Individual,Manual,First Owner,16.0,Fiat,4687.5,Mid-Range
Tata Indigo Grand Petrol,2014.0,240000.0,60000.0,None,Individual,Manual,Second Owner,12.0,Tata,5000.0,Budget
Hyundai Creta 1.6 VTVT S,2015.0,850000.0,25000.0,Petrol,Individual,Manual,First Owner,11.0,Hyundai,2272.7272727272725,Luxury
Hyundai i20 Active 1.2 SX,2016.0,650000.0,26000.0,Petrol,Individual,Manual,First Owner,10.0,Hyundai,2600.0,Luxury
Maruti Celerio Green VXI,2017.0,365000.0,78000.0,CNG,None,Manual,First Owner,9.0,Maruti,8666.666666666666,Mid-Range
Hyundai i20 Active 1.2 SX,2016.0,650000.0,26000.0,Petrol,Individual,Manual,First Owner,10.0,Hyundai,2600.0,Luxury
Chevrolet Sail 1.2 Base,2015.0,260000.0,60000.0,Petrol,Individual,Manual,First Owner,11.0,Chevrolet,5454.545454545455,Mid-Range
Tata Indigo Grand Petrol,2014.0,250000.0,100000.0,Petrol,Individual,Manual,First Owner,12.0,Tata,8333.333333333334,Mid-Range
Tata New Safari 4X2,2007.0,550000.0,80000.0,Petrol,Individual,Manual,Second Owner,19.0,Tata,4210.526315789473,Mid-Range
Maruti Wagon R LXI,2004.0,70000.0,90000.0,Petrol,Individual,Manual,Fourth & Above Owner,22.0,Maruti,4090.909090909091,Budget
Chevrolet Sail Hatchback LT ABS,2014.0,225000.0,80000.0,Diesel,Individual,Manual,First Owner,12.0,Chevrolet,6666.666666666667,Budget
Honda City 1.3 EXI,2002.0,145000.0,100000.0,Petrol,Individual,Manual,First Owner,24.0,Honda,4166.666666666667,Budget
Maruti Alto LX BSIII,2014.0,85000.0,120000.0,Petrol,Individual,Manual,Second Owner,12.0,Maruti,10000.0,Budget
Hyundai EON Era Plus Sports Edition,2014.0,280000.0,55000.0,None,Individual,Manual,First Owner,12.0,Hyundai,4583.333333333333,Mid-Range
Hyundai EON Magna Plus,2018.0,360000.0,6000.0,Petrol,Individual,Manual,First Owner,8.0,Hyundai,750.0,Mid-Range
Maruti Alto LXi,2011.0,150000.0,40000.0,Petrol,Individual,Manual,Second Owner,15.0,Maruti,2666.6666666666665,Budget
Skoda Rapid 1.6 MPI AT Ambition BSIV,2017.0,900000.0,15000.0,Petrol,Individual,Automatic,First Owner,9.0,Skoda,1666.6666666666667,Luxury
Ambassador CLASSIC 1500 DSL AC,2005.0,120000.0,50000.0,Diesel,Individual,Manual,Second Owner,21.0,Ambassador,2380.9523809523807,Budget
Fiat Linea T Jet Emotion,2010.0,215000.0,90000.0,Petrol,Individual,Manual,Second Owner,16.0,Fiat,5625.0,Budget
Renault Scala Diesel RxL,2014.0,550000.0,38500.0,Diesel,Individual,Manual,First Owner,12.0,Renault,3208.3333333333335,Mid-Range
Tata Nexon 1.2 Revotron XZ Plus Dual Tone,2018.0,775000.0,35000.0,Petrol,Individual,Manual,First Owner,8.0,Tata,4375.0,Luxury
Maruti Gypsy King HT BSIV,2001.0,409999.0,49359.0,Petrol,None,Manual,First Owner,25.0,Maruti,1974.36,Mid-Range
Maruti 800 AC Uniq,2005.0,65000.0,70000.0,Petrol,Individual,Manual,First Owner,21.0,Maruti,3333.3333333333335,Budget
Maruti Wagon R LXI Minor,2008.0,200000.0,90000.0,Petrol,Individual,Manual,Second Owner,18.0,Maruti,5000.0,Budget
Maruti Wagon R VXI BS IV,2010.0,240000.0,50000.0,Petrol,Individual,Manual,Second Owner,16.0,Maruti,3125.0,Budget
Toyota Innova 2.5 VX 8 STR,2012.0,800000.0,108731.0,Diesel,Individual,Manual,First Owner,14.0,Toyota,7766.5,Luxury
Toyota Innova 2.5 EV Diesel MS 7 Str BSIII,2010.0,400000.0,120000.0,Diesel,Individual,Manual,First Owner,16.0,Toyota,7500.0,Mid-Range
Maruti Wagon R VXI BSIII,2012.0,229999.0,40000.0,Petrol,Individual,Manual,Second Owner,14.0,Maruti,2857.1428571428573,Budget
Ford Ecosport 1.5 DV5 MT Titanium,2014.0,580000.0,120000.0,None,Individual,Manual,First Owner,12.0,Ford,10000.0,Mid-Range
Toyota Corolla H2,2005.0,175000.0,100000.0,Petrol,Individual,Manual,Fourth & Above Owner,21.0,Toyota,4761.9047619047615,Budget
Maruti Ritz VDi,2012.0,250000.0,110000.0,Diesel,Individual,Manual,Fourth & Above Owner,14.0,Maruti,7857.142857142857,Mid-Range
Hyundai EON Magna Plus,2014.0,320000.0,80000.0,Petrol,Individual,Manual,First Owner,12.0,Hyundai,6666.666666666667,Mid-Range
Nissan Micra Diesel XV,2013.0,300000.0,90000.0,None,Individual,Manual,First Owner,13.0,Nissan,6923.076923076923,Mid-Range
Mahindra TUV 300 mHAWK100 T8,2017.0,800000.0,60000.0,Diesel,Individual,Manual,First Owner,9.0,Mahindra,6666.666666666667,Luxury
Hyundai Verna SX AT Diesel,2009.0,245000.0,60000.0,Diesel,Dealer,Automatic,First Owner,17.0,Hyundai,3529.4117647058824,Budget
Hyundai EON Magna Plus,2018.0,300000.0,20000.0,Petrol,Individual,Manual,First Owner,8.0,Hyundai,2500.0,Mid-Range
Hyundai Xcent 1.2 CRDi E,2017.0,350000.0,80000.0,Diesel,Individual,Manual,First Owner,9.0,Hyundai,8888.888888888889,Mid-Range
Maruti Zen LX - BS III,2006.0,70000.0,105700.0,Petrol,Individual,Manual,First Owner,20.0,Maruti,5285.0,Budget
Chevrolet Spark 1.0,2010.0,80000.0,70000.0,Petrol,Individual,Manual,First Owner,16.0,Chevrolet,4375.0,Budget
Maruti Eeco 7 Seater Standard BSIV,2017.0,350000.0,51000.0,Petrol,Dealer,Manual,First Owner,9.0,Maruti,5666.666666666667,Mid-Range
Maruti Alto 800 LXI Opt BSIV,2018.0,315000.0,56000.0,Petrol,Dealer,Manual,First Owner,8.0,Maruti,7000.0,Mid-Range
Volkswagen Vento 1.5 TDI Highline Plus AT BSIV,2019.0,1100000.0,35000.0,Diesel,Individual,Automatic,First Owner,7.0,Volkswagen,5000.0,Luxury
Maruti Esteem Lxi - BSIII,2005.0,80000.0,60000.0,Petrol,Individual,Manual,First Owner,21.0,Maruti,2857.1428571428573,Budget
Maruti Alto K10 VXI Optional,2014.0,285000.0,64000.0,Petrol,Dealer,Manual,Second Owner,12.0,Maruti,5333.333333333333,Mid-Range
Tata Indigo TDI,2009.0,100000.0,120000.0,Diesel,Individual,Manual,Third Owner,17.0,Tata,7058.823529411765,Budget
Maruti Alto LXi,2011.0,225000.0,37091.0,Petrol,Individual,Manual,First Owner,15.0,Maruti,2472.733333333333,Budget
Volvo XC 90 D5 Inscription BSIV,2017.0,4500000.0,80000.0,Diesel,Individual,Automatic,First Owner,9.0,Volvo,8888.888888888889,Luxury
Maruti Alto K10 VXI,2018.0,320000.0,38900.0,Petrol,Individual,Manual,Third Owner,8.0,Maruti,4862.5,Mid-Range
Hyundai Creta 1.6 CRDi SX Plus,2016.0,1249000.0,60000.0,Diesel,Individual,Manual,First Owner,10.0,Hyundai,6000.0,Luxury
Maruti Wagon R LXI Minor,2008.0,120000.0,110000.0,Petrol,Individual,Manual,First Owner,18.0,Maruti,6111.111111111111,Budget
Volkswagen Vento Diesel Trendline,2011.0,200000.0,100000.0,Diesel,Individual,Manual,Second Owner,15.0,Volkswagen,6666.666666666667,Budget
Hyundai Creta 1.6 CRDi SX,2016.0,1151000.0,85000.0,Diesel,Individual,Manual,First Owner,10.0,Hyundai,8500.0,Luxury
Tata Indica Vista Quadrajet LS,2012.0,120000.0,140000.0,Diesel,Individual,Manual,First Owner,14.0,Tata,10000.0,Budget
Renault KWID RXT,2017.0,220000.0,20000.0,None,Individual,Manual,First Owner,9.0,Renault,2222.222222222222,Budget
Mahindra TUV 300 T10 Dual Tone,2018.0,784000.0,40000.0,None,Individual,Manual,First Owner,8.0,Mahindra,5000.0,Luxury
Hyundai EON Era Plus,2018.0,350000.0,20000.0,Petrol,Individual,Manual,First Owner,8.0,Hyundai,2500.0,Mid-Range
Mahindra XUV500 W7 AT BSIV,2018.0,1400000.0,50000.0,Diesel,Individual,Automatic,First Owner,8.0,Mahindra,6250.0,Luxury
Mahindra Thar CRDe AC,2014.0,600000.0,100000.0,Diesel,Individual,Manual,First Owner,12.0,Mahindra,8333.333333333334,Mid-Range
Hyundai Grand i10 1.2 Kappa Magna BSIV,2019.0,525000.0,9400.0,Petrol,Individual,Manual,First Owner,7.0,Hyundai,1342.857142857143,Mid-Range
Ford EcoSport 1.5 Diesel Titanium Plus BSIV,2017.0,930000.0,12000.0,Diesel,Individual,Manual,First Owner,9.0,Ford,1333.3333333333333,Luxury
Maruti Eeco 5 STR With AC Plus HTR CNG,2017.0,440000.0,14100.0,CNG,Dealer,Manual,First Owner,9.0,Maruti,1566.6666666666667,Mid-Range
Maruti Celerio ZXI,2016.0,434999.0,21000.0,Petrol,Dealer,Manual,First Owner,10.0,Maruti,2100.0,Mid-Range
Hyundai i10 Magna,2011.0,250000.0,28000.0,Petrol,Dealer,Manual,First Owner,15.0,Hyundai,1866.6666666666667,Mid-Range
Maruti Ertiga SHVS ZDI Plus,2014.0,940000.0,35000.0,Diesel,Dealer,Manual,First Owner,12.0,Maruti,2916.6666666666665,Luxury
Hyundai Verna 1.6 CRDi AT SX,2017.0,1050000.0,31000.0,Diesel,Dealer,Automatic,First Owner,9.0,Hyundai,3444.4444444444443,Luxury
Maruti Ertiga SHVS ZDI,2016.0,825000.0,58000.0,Diesel,Dealer,Manual,First Owner,10.0,Maruti,5800.0,Luxury
Maruti Wagon R VXI Minor,2012.0,229999.0,25000.0,Petrol,Individual,Manual,First Owner,14.0,Maruti,1785.7142857142858,Budget
Maruti Ertiga ZDI,2013.0,640000.0,89000.0,Diesel,Dealer,Manual,First Owner,13.0,Maruti,6846.153846153846,Luxury
Toyota Innova 2.5 V Diesel 8-seater,2012.0,800000.0,160000.0,Diesel,Dealer,Manual,First Owner,14.0,Toyota,11428.57142857143,Luxury
Hyundai i10 Sportz 1.1L,2014.0,300000.0,37555.0,Petrol,Dealer,Manual,First Owner,12.0,Hyundai,3129.5833333333335,Mid-Range
Maruti Wagon R VXI BS IV,2014.0,440000.0,14000.0,Petrol,None,Manual,First Owner,12.0,Maruti,1166.6666666666667,Mid-Range
Maruti Ertiga VXI CNG,2014.0,595000.0,56600.0,CNG,Dealer,Manual,First Owner,12.0,Maruti,4716.666666666667,Mid-Range
Mahindra Scorpio EX,2013.0,450000.0,110000.0,Diesel,Individual,Manual,First Owner,13.0,Mahindra,8461.538461538461,Mid-Range
Maruti Vitara Brezza VDi Option,2017.0,690000.0,50000.0,Diesel,Individual,Manual,First Owner,9.0,Maruti,5555.555555555556,Luxury
Maruti Alto 800 VXI,2019.0,300000.0,60000.0,Petrol,Individual,Manual,First Owner,7.0,Maruti,8571.42857142857,Mid-Range
Chevrolet Sail 1.2 Base,2014.0,170000.0,100000.0,Petrol,Individual,Manual,Second Owner,12.0,Chevrolet,8333.333333333334,Budget
Toyota Etios Liva GD SP,2012.0,280000.0,120000.0,None,Individual,Manual,First Owner,14.0,Toyota,8571.42857142857,Mid-Range
Maruti Swift VXI BSIII,2009.0,220000.0,67580.0,Petrol,None,Manual,Second Owner,17.0,Maruti,3975.294117647059,Budget
Hyundai Santro Xing GLS,2014.0,140000.0,100000.0,Petrol,Individual,Manual,Third Owner,12.0,Hyundai,8333.333333333334,Budget
Maruti Esteem Lxi,2004.0,45000.0,60000.0,Petrol,None,Manual,First Owner,22.0,Maruti,2727.2727272727275,Budget
Mahindra Scorpio 2.6 Turbo 7 Str,2008.0,325000.0,120000.0,Diesel,Individual,Manual,Second Owner,18.0,Mahindra,6666.666666666667,Mid-Range
Hyundai Verna CRDi SX,2010.0,300000.0,130000.0,Diesel,Individual,Manual,Second Owner,16.0,Hyundai,8125.0,Mid-Range
Maruti 800 AC,2009.0,120000.0,250000.0,Petrol,Individual,Manual,Second Owner,17.0,Maruti,14705.882352941177,Budget
Honda City i DTEC S,2014.0,520000.0,82000.0,Diesel,Individual,Manual,First Owner,12.0,Honda,6833.333333333333,Mid-Range
Hyundai Grand i10 1.2 Kappa Magna AT,2017.0,550000.0,19890.0,Petrol,Dealer,Manual,First Owner,9.0,Hyundai,2210.0,Mid-Range
Mahindra Verito Vibe 1.5 dCi D6,2014.0,280000.0,40000.0,Diesel,Individual,Manual,First Owner,12.0,Mahindra,3333.3333333333335,Mid-Range
Nissan Sunny XL D,2013.0,225000.0,78000.0,Diesel,Dealer,Manual,First Owner,13.0,Nissan,6000.0,Budget
Hyundai i20 1.2 Magna Executive,2016.0,535000.0,38365.0,None,Dealer,Manual,First Owner,10.0,Hyundai,3836.5,Mid-Range
Maruti Baleno Zeta 1.2,2014.0,650000.0,49834.0,Petrol,Trustmark Dealer,Manual,First Owner,12.0,Maruti,4152.833333333333,Luxury
Honda Brio S MT,2013.0,295000.0,57353.0,Petrol,Trustmark Dealer,Manual,First Owner,13.0,Honda,4411.7692307692305,Mid-Range
Honda City i DTEC SV,2015.0,575000.0,63240.0,Diesel,Trustmark Dealer,Manual,First Owner,11.0,Honda,5749.090909090909,Mid-Range
Mahindra Scorpio 1.99 S4,2016.0,509999.0,60000.0,Diesel,Individual,Manual,First Owner,10.0,Mahindra,6000.0,Mid-Range
Maruti Alto LXi,2008.0,69000.0,100000.0,Petrol,Individual,Manual,First Owner,18.0,Maruti,5555.555555555556,Budget
Tata Manza Aura Safire BS IV,2013.0,200000.0,60000.0,Petrol,Individual,Manual,First Owner,13.0,Tata,4615.384615384615,Budget
Toyota Innova 2.5 GX 8 STR BSIV,2012.0,449000.0,90000.0,Diesel,Individual,Manual,First Owner,14.0,Toyota,6428.571428571428,Mid-Range
Tata Harrier XE,2020.0,426000.0,1000.0,Diesel,Individual,Manual,First Owner,6.0,Tata,166.66666666666666,Mid-Range
Mahindra Bolero Power Plus Plus AC BSIV PS,2015.0,295000.0,90000.0,Diesel,Individual,Manual,Third Owner,11.0,Mahindra,8181.818181818182,Mid-Range
Maruti Eeco 5 Seater AC BSIV,2017.0,260000.0,30000.0,Petrol,Dealer,Manual,First Owner,9.0,Maruti,3333.3333333333335,Mid-Range
Tata Indica Vista Quadrajet LS,2012.0,120000.0,140000.0,None,Individual,Manual,First Owner,14.0,Tata,10000.0,Budget
Hyundai Verna SX,2007.0,155000.0,65000.0,None,Dealer,Manual,First Owner,19.0,Hyundai,3421.0526315789475,Budget
Tata New Safari DICOR 2.2 GX 4x2 BS IV,2012.0,320000.0,80000.0,Diesel,Individual,Manual,First Owner,14.0,Tata,5714.285714285715,Mid-Range
Hyundai Verna i (Petrol),2007.0,123000.0,50000.0,Petrol,Individual,Manual,Second Owner,19.0,Hyundai,2631.5789473684213,Budget
Hyundai Santro Xing XO,2006.0,80000.0,110000.0,Petrol,Individual,Manual,First Owner,20.0,Hyundai,5500.0,Budget
Maruti SX4 Celebration Petrol,2012.0,220000.0,90000.0,Petrol,Individual,Manual,Second Owner,14.0,Maruti,6428.571428571428,Budget
Hyundai i20 Active S Diesel,2018.0,650000.0,37000.0,Diesel,Dealer,Manual,First Owner,8.0,Hyundai,4625.0,Luxury
Maruti Alto 800 LXI,2018.0,285000.0,30000.0,None,Dealer,Manual,First Owner,8.0,Maruti,3750.0,Mid-Range
Honda Amaze V CVT Petrol BSIV,2018.0,725000.0,26000.0,Petrol,Dealer,Automatic,First Owner,8.0,Honda,3250.0,Luxury
Tata Indica Vista Aqua 1.2 Safire BSIV,2010.0,97000.0,128000.0,Petrol,Individual,Manual,First Owner,16.0,Tata,8000.0,Budget
Hyundai i20 Active SX Petrol,2016.0,550000.0,23000.0,Petrol,Dealer,Manual,First Owner,10.0,Hyundai,2300.0,Mid-Range
Hyundai i10 Magna,2012.0,240000.0,40000.0,Petrol,Dealer,Manual,First Owner,14.0,Hyundai,2857.1428571428573,Budget
Nissan Terrano XL 85 PS,2014.0,600000.0,27000.0,Diesel,Dealer,Manual,First Owner,12.0,Nissan,2250.0,Mid-Range
Tata New Safari DICOR 2.2 EX 4x2,2012.0,350000.0,65000.0,Diesel,Dealer,Manual,First Owner,14.0,Tata,4642.857142857143,Mid-Range
Hyundai EON Magna Plus,2015.0,245000.0,32000.0,None,Dealer,Manual,First Owner,11.0,Hyundai,2909.090909090909,Budget
Maruti Swift 1.3 VXi,2009.0,199000.0,52536.0,Petrol,Individual,Manual,First Owner,17.0,Maruti,3090.3529411764707,Budget
Maruti Ritz VXI,2009.0,150000.0,80000.0,Petrol,Individual,Manual,First Owner,17.0,Maruti,4705.882352941177,Budget
Hyundai Creta 1.6 CRDi SX,2016.0,927999.0,90000.0,Diesel,Individual,Manual,First Owner,10.0,Hyundai,9000.0,Luxury
Maruti Zen LXI,2003.0,70000.0,60000.0,Petrol,Individual,Manual,Fourth & Above Owner,23.0,Maruti,2608.695652173913,Budget
Hyundai Santro Xing XS,2008.0,150000.0,90000.0,Petrol,Individual,Manual,Second Owner,18.0,Hyundai,5000.0,Budget
Hyundai EON Era Plus,2015.0,250000.0,25000.0,Petrol,Individual,Manual,First Owner,11.0,Hyundai,2272.7272727272725,Mid-Range
Hyundai Verna 1.6 SX CRDi (O),2014.0,675000.0,61000.0,Diesel,Dealer,Manual,First Owner,12.0,Hyundai,5083.333333333333,Luxury
Maruti S-Cross Alpha DDiS 200 SH,2018.0,950000.0,30000.0,Diesel,Individual,Manual,First Owner,8.0,Maruti,3750.0,Luxury
Maruti Eeco 5 STR With AC Plus HTR CNG,2014.0,409999.0,45000.0,CNG,Individual,Manual,First Owner,12.0,Maruti,3750.0,Mid-Range
Fiat Linea Emotion (Diesel),2011.0,225000.0,60000.0,Diesel,Individual,Manual,First Owner,15.0,Fiat,4000.0,Budget
Honda Civic 1.8 V MT,2008.0,350000.0,75000.0,Petrol,Individual,Manual,Second Owner,18.0,Honda,4166.666666666667,Mid-Range
Tata Indica LSI,2005.0,51111.0,140000.0,None,Individual,Manual,Third Owner,21.0,Tata,6666.666666666667,Budget
Chevrolet Sail 1.3 LS,2013.0,290000.0,56000.0,Diesel,Dealer,Manual,First Owner,13.0,Chevrolet,4307.692307692308,Mid-Range
Toyota Camry Hybrid,2006.0,310000.0,62000.0,Electric,Dealer,Automatic,Second Owner,20.0,Toyota,3100.0,Mid-Range
Hyundai Verna CRDi SX,2007.0,212000.0,58000.0,Diesel,Dealer,Manual,Second Owner,19.0,Hyundai,3052.6315789473683,Budget
Chevrolet Beat Diesel LT,2011.0,221000.0,56000.0,Diesel,Dealer,Manual,Second Owner,15.0,Chevrolet,3733.3333333333335,Budget
Toyota Innova 2.5 G (Diesel) 7 Seater,2013.0,675000.0,73000.0,Diesel,Dealer,Manual,First Owner,13.0,Toyota,5615.384615384615,Luxury
Honda Amaze S i-Dtech,2014.0,421000.0,69000.0,None,Dealer,Manual,First Owner,12.0,Honda,5750.0,Mid-Range
Hyundai Accent Executive CNG,2010.0,140000.0,60000.0,CNG,Individual,Manual,First Owner,16.0,Hyundai,3750.0,Budget
Skoda Octavia Ambiente 1.9 TDI MT,2002.0,90000.0,116000.0,Diesel,Individual,Manual,Second Owner,24.0,Skoda,4833.333333333333,Budget
Honda City Edge Edition Diesel SV,2018.0,830000.0,60000.0,Diesel,Individual,Manual,First Owner,8.0,Honda,7500.0,Luxury
Maruti Swift Vdi BSIII,2009.0,210000.0,109000.0,Diesel,Individual,Manual,Second Owner,17.0,Maruti,6411.764705882353,Budget
Maruti SX4 S Cross DDiS 320 Zeta,2017.0,700000.0,90000.0,Diesel,Individual,Manual,First Owner,9.0,Maruti,10000.0,Luxury
Tata Nano Cx BSIII,2014.0,45000.0,7000.0,Petrol,Individual,Manual,Second Owner,12.0,Tata,583.3333333333334,Budget
Tata Indigo LX,2012.0,125000.0,120000.0,Diesel,Individual,Manual,First Owner,14.0,Tata,8571.42857142857,Budget
Hyundai Verna 1.6 VTVT S,2017.0,530000.0,64916.0,None,Individual,Manual,First Owner,9.0,Hyundai,7212.888888888889,Mid-Range
Ford Ecosport 1.5 DV5 MT Trend,2018.0,800000.0,37161.0,Diesel,None,Manual,First Owner,8.0,Ford,4645.125,Luxury
Maruti Baleno Zeta 1.2,2016.0,580000.0,15000.0,Petrol,Individual,Manual,First Owner,10.0,Maruti,1500.0,Mid-Range
Audi Q3 2.0 TDI Quattro Premium Plus,2012.0,1400000.0,118000.0,Diesel,Individual,Automatic,First Owner,14.0,Audi,8428.57142857143,Luxury
Renault KWID 1.0 RXL,2018.0,300000.0,50852.0,Petrol,Individual,Manual,First Owner,8.0,Renault,6356.5,Mid-Range
Renault KWID RXT Optional,2016.0,300000.0,30000.0,Petrol,Individual,Manual,First Owner,10.0,Renault,3000.0,Mid-Range
Maruti Ciaz ZDi SHVS,2014.0,700000.0,77000.0,Diesel,Individual,Manual,First Owner,12.0,Maruti,6416.666666666667,Luxury
Nissan Sunny XL,2012.0,250000.0,70000.0,Petrol,Individual,Manual,Third Owner,14.0,Nissan,5000.0,Mid-Range
Chevrolet Tavera Neo 3 9 Str BSIII,2016.0,500000.0,60000.0,None,Individual,Manual,First Owner,10.0,Chevrolet,6000.0,Mid-Range
Honda Accord 2.4 AT,2009.0,428000.0,40000.0,Petrol,Individual,Automatic,First Owner,17.0,Honda,2352.9411764705883,Mid-Range
Tata Harrier XZ BSIV,2019.0,1400000.0,33000.0,Diesel,Individual,Manual,First Owner,7.0,Tata,4714.285714285715,Luxury
Hyundai EON Era Plus,2013.0,219000.0,53500.0,Petrol,Individual,Manual,Third Owner,13.0,Hyundai,4115.384615384615,Budget
Maruti Ertiga SHVS LDI,2017.0,500000.0,40000.0,Diesel,Individual,Manual,First Owner,9.0,Maruti,4444.444444444444,Mid-Range
Honda City i DTEC S,2014.0,520000.0,82000.0,Diesel,Individual,Manual,First Owner,12.0,Honda,6833.333333333333,Mid-Range
Mahindra Scorpio 1.99 S4,2016.0,509999.0,60000.0,Diesel,Individual,Manual,First Owner,10.0,Mahindra,6000.0,Mid-Range
Maruti Baleno Alpha 1.2,2019.0,556000.0,24000.0,Petrol,Individual,Manual,First Owner,7.0,Maruti,3428.5714285714284,Mid-Range
Tata Indigo Grand Dicor,2014.0,225000.0,120000.0,Diesel,Individual,Manual,First Owner,12.0,Tata,10000.0,Budget
Honda Amaze EX i-Dtech,2013.0,325000.0,65000.0,None,Dealer,Manual,First Owner,13.0,Honda,5000.0,Mid-Range
Maruti Swift VDI,2013.0,365000.0,65000.0,Diesel,Dealer,Manual,First Owner,13.0,Maruti,5000.0,Mid-Range
Hyundai Creta 1.6 CRDi SX Plus,2015.0,850000.0,84000.0,Diesel,Dealer,Manual,First Owner,11.0,Hyundai,7636.363636363636,Luxury
Toyota Etios GD SP,2013.0,350000.0,75000.0,Diesel,Dealer,Manual,First Owner,13.0,Toyota,5769.2307692307695,Mid-Range
Maruti Swift VDI,2007.0,225000.0,50000.0,Diesel,Dealer,Manual,First Owner,19.0,Maruti,2631.5789473684213,Budget
Maruti Alto LX,2011.0,135000.0,50000.0,Petrol,Individual,Manual,First Owner,15.0,Maruti,3333.3333333333335,Budget
Maruti Wagon R LXI Minor,2007.0,140000.0,49000.0,Petrol,None,Manual,First Owner,19.0,Maruti,2578.9473684210525,Budget
Maruti SX4 S Cross DDiS 320 Delta,2016.0,665000.0,560000.0,Diesel,Dealer,Manual,First Owner,10.0,Maruti,56000.0,Luxury
Renault KWID RXT,2014.0,275000.0,14365.0,Petrol,Dealer,Manual,First Owner,12.0,Renault,1197.0833333333333,Mid-Range
Toyota Fortuner 2.8 4WD AT BSIV,2017.0,2750000.0,41000.0,Diesel,Individual,Automatic,First Owner,9.0,Toyota,4555.555555555556,Luxury
Hyundai Verna 1.6 SX,2013.0,484999.0,65000.0,Diesel,Dealer,Manual,First Owner,13.0,Hyundai,5000.0,Mid-Range
Maruti Ciaz VDi Option SHVS,2015.0,565000.0,65000.0,Diesel,Dealer,Manual,First Owner,11.0,Maruti,5909.090909090909,Mid-Range
Maruti Swift Dzire VDI,2013.0,425000.0,61083.0,Diesel,Dealer,Manual,First Owner,13.0,Maruti,4698.692307692308,Mid-Range
Toyota Innova 2.5 VX (Diesel) 8 Seater,2013.0,925000.0,75000.0,Diesel,Individual,Manual,First Owner,13.0,Toyota,5769.2307692307695,Luxury
Mahindra Scorpio VLX 2WD AIRBAG SE BSIV,2014.0,565000.0,72000.0,Diesel,Dealer,Manual,First Owner,12.0,Mahindra,6000.0,Mid-Range
Renault Duster 110PS Diesel RxL,2014.0,525000.0,65000.0,Diesel,Dealer,Manual,First Owner,12.0,Renault,5416.666666666667,Mid-Range
Honda City 1.5 S MT,2010.0,409999.0,60000.0,Petrol,Individual,Manual,First Owner,16.0,Honda,3750.0,Mid-Range
Tata Tigor 1.2 Revotron XZ Option,2018.0,570000.0,5000.0,Petrol,None,Manual,First Owner,8.0,Tata,625.0,Mid-Range
Maruti SX4 Zxi BSIII,2007.0,160000.0,80000.0,Petrol,Individual,Manual,Third Owner,19.0,Maruti,4210.526315789473,Budget
Maruti Swift Dzire VDi,2010.0,300000.0,120000.0,Diesel,Individual,Manual,Third Owner,16.0,Maruti,7500.0,Mid-Range
Ford EcoSport 1.5 Diesel Titanium Plus BSIV,2014.0,550000.0,79800.0,Diesel,None,Manual,First Owner,12.0,Ford,6650.0,Mid-Range
Ford EcoSport 1.5 Diesel Titanium Plus BSIV,2015.0,550000.0,97000.0,Diesel,Dealer,Manual,Second Owner,11.0,Ford,8818.181818181818,Mid-Range
Ford Ecosport 1.5 Diesel Titanium Plus,2019.0,1250000.0,60000.0,Diesel,Dealer,Manual,First Owner,7.0,Ford,8571.42857142857,Luxury
Ford Figo Aspire 1.5 TDCi Titanium,2017.0,700000.0,49957.0,Diesel,Dealer,Manual,First Owner,9.0,Ford,5550.777777777777,Luxury
Ford Figo 1.5 Sports Edition MT,2017.0,600000.0,43235.0,Diesel,Dealer,Manual,First Owner,9.0,Ford,4803.888888888889,Mid-Range
Ford EcoSport 1.5 TDCi Titanium Plus BE BSIV,2018.0,925000.0,50699.0,Diesel,None,Manual,First Owner,8.0,Ford,6337.375,Luxury
Ford Endeavour 3.2 Titanium AT 4X4,2016.0,1800000.0,126000.0,Diesel,Dealer,Automatic,First Owner,10.0,Ford,12600.0,Luxury
Ford Figo Aspire 1.5 TDCi Titanium Plus,2015.0,459999.0,140730.0,Diesel,Dealer,Manual,Second Owner,11.0,Ford,12793.636363636364,Mid-Range
Hyundai i20 Active 1.2 SX,2015.0,565000.0,46000.0,Petrol,Individual,Manual,First Owner,11.0,Hyundai,4181.818181818182,Mid-Range
Hyundai EON Era Plus,2013.0,170000.0,80000.0,Petrol,Individual,Manual,Third Owner,13.0,Hyundai,6153.846153846154,Budget
Toyota Qualis FS B3,2001.0,150000.0,256000.0,Diesel,Dealer,Manual,First Owner,25.0,Toyota,10240.0,Budget
Hyundai i20 Active 1.4 SX,2018.0,819999.0,40000.0,Diesel,Individual,Manual,First Owner,8.0,Hyundai,5000.0,Luxury
Hyundai Elite i20 Diesel Asta Option,2019.0,819999.0,40000.0,None,Individual,Manual,First Owner,7.0,Hyundai,5714.285714285715,Luxury
Maruti Ritz VXi,2015.0,320000.0,40000.0,Petrol,Individual,Manual,First Owner,11.0,Maruti,3636.3636363636365,Mid-Range
Ford Ecosport 1.5 DV5 MT Titanium,2015.0,550000.0,135000.0,None,Individual,Manual,Second Owner,11.0,Ford,12272.727272727272,Mid-Range
Mahindra Bolero 2011-2019 SLX,2015.0,550000.0,50000.0,Diesel,Individual,Manual,First Owner,11.0,Mahindra,4545.454545454545,Mid-Range
Volkswagen Ameo 1.5 TDI Comfortline,2017.0,590000.0,98000.0,Diesel,Individual,Manual,First Owner,9.0,Volkswagen,10888.888888888889,Mid-Range
Honda City i DTec V,2017.0,950000.0,50000.0,Diesel,Individual,Manual,First Owner,9.0,Honda,5555.555555555556,Luxury
Honda City i-DTEC VX,2017.0,1000000.0,8000000.0,Diesel,Individual,Manual,First Owner,9.0,Honda,888888.8888888889,Luxury
Fiat Punto EVO 1.3 Emotion,2017.0,450000.0,70000.0,Diesel,Individual,Manual,First Owner,9.0,Fiat,7777.777777777777,Mid-Range
Maruti Swift Dzire VDI Optional,2017.0,720000.0,35000.0,Diesel,Individual,Manual,First Owner,9.0,Maruti,3888.8888888888887,Luxury
Mahindra Thar 4X2,2014.0,500000.0,35000.0,Diesel,Individual,Manual,First Owner,12.0,Mahindra,2916.6666666666665,Mid-Range
Toyota Fortuner 2.7 2WD AT,2016.0,2500000.0,70000.0,Petrol,Individual,Automatic,Second Owner,10.0,Toyota,7000.0,Luxury
Hyundai i20 1.4 Asta Option,2017.0,780000.0,50000.0,None,Individual,Manual,First Owner,9.0,Hyundai,5555.555555555556,Luxury
Maruti Swift Dzire ZDI,2015.0,484999.0,60000.0,Diesel,Individual,Manual,Second Owner,11.0,Maruti,5454.545454545455,Mid-Range
Volkswagen Vento Diesel Highline,2012.0,420000.0,90000.0,Diesel,Individual,Manual,Second Owner,14.0,Volkswagen,6428.571428571428,Mid-Range
Mahindra XUV500 W10 AWD,2015.0,1225000.0,70000.0,Diesel,Individual,Manual,First Owner,11.0,Mahindra,6363.636363636364,Luxury
Tata Indica Vista TDI LX,2015.0,350000.0,50000.0,Diesel,Individual,Manual,Second Owner,11.0,Tata,4545.454545454545,Mid-Range
Mahindra Verito 1.5 D4 BSIV,2015.0,350000.0,120000.0,Diesel,Individual,Manual,Third Owner,11.0,Mahindra,10909.09090909091,Mid-Range
Toyota Innova 2.5 G (Diesel) 8 Seater BS IV,2011.0,800000.0,230000.0,None,Individual,Manual,First Owner,15.0,Toyota,15333.333333333334,Luxury
Hyundai Santro Xing XG AT,2004.0,125000.0,70000.0,Petrol,Individual,Automatic,Second Owner,22.0,Hyundai,3181.818181818182,Budget
Tata Indica V2 DLS BSII,2010.0,75000.0,100000.0,Diesel,Individual,Manual,Third Owner,16.0,Tata,6250.0,Budget
Tata Indigo Classic Dicor,2014.0,215000.0,80000.0,Diesel,Individual,Manual,Third Owner,12.0,Tata,6666.666666666667,Budget
Maruti Baleno Alpha 1.2,2017.0,625000.0,52000.0,Petrol,Dealer,Manual,First Owner,9.0,Maruti,5777.777777777777,Luxury
Maruti Ertiga SHVS ZDI,2014.0,880000.0,64000.0,Diesel,Dealer,Manual,First Owner,12.0,Maruti,5333.333333333333,Luxury
Hyundai Santro Xing GL Plus,2013.0,290000.0,49000.0,Petrol,Individual,Manual,First Owner,13.0,Hyundai,3769.230769230769,Mid-Range
Tata Sumo GX TC 7 Str BSIII,2006.0,115999.0,100000.0,Diesel,Individual,Manual,Second Owner,20.0,Tata,5000.0,Budget
Maruti Vitara Brezza LDi Option,2017.0,685000.0,72000.0,Diesel,Dealer,Manual,First Owner,9.0,Maruti,8000.0,Luxury
Honda Jazz S,2009.0,300000.0,50000.0,Petrol,Individual,Manual,First Owner,17.0,Honda,2941.176470588235,Mid-Range
Hyundai i20 1.4 Sportz,2017.0,680000.0,44000.0,None,Dealer,Manual,First Owner,9.0,Hyundai,4888.888888888889,Luxury
Maruti Swift Dzire VDI,2014.0,480000.0,101000.0,Diesel,Dealer,Manual,First Owner,12.0,Maruti,8416.666666666666,Mid-Range
Maruti Swift VDI,2016.0,630000.0,55000.0,Diesel,Dealer,Manual,First Owner,10.0,Maruti,5500.0,Luxury
Honda City 1.5 GXI,2007.0,190000.0,115000.0,Petrol,Dealer,Manual,Second Owner,19.0,Honda,6052.631578947368,Budget
Maruti Swift VDI,2015.0,500000.0,100000.0,Diesel,None,Manual,First Owner,11.0,Maruti,9090.90909090909,Mid-Range
Volkswagen Jetta 2.0L TDI Comfortline,2014.0,850000.0,52000.0,Diesel,Dealer,Manual,Second Owner,12.0,Volkswagen,4333.333333333333,Luxury
Maruti SX4 ZDI,2011.0,350000.0,105000.0,Diesel,Dealer,Manual,First Owner,15.0,Maruti,7000.0,Mid-Range
Maruti Swift VDI BSIV,2015.0,495000.0,105000.0,Diesel,Dealer,Manual,First Owner,11.0,Maruti,9545.454545454546,Mid-Range
Maruti Ertiga SHVS VDI,2017.0,890000.0,60000.0,Diesel,Individual,Manual,Second Owner,9.0,Maruti,6666.666666666667,Luxury
Hyundai Verna CRDi 1.6 AT EX,2018.0,1100000.0,25000.0,Diesel,Individual,Automatic,Second Owner,8.0,Hyundai,3125.0,Luxury
Mahindra XUV500 W8 2WD,2014.0,650000.0,218000.0,Diesel,Individual,Manual,Second Owner,12.0,Mahindra,18166.666666666668,Luxury
Hyundai Grand i10 1.2 CRDi Asta,2018.0,465000.0,25000.0,Diesel,Individual,Manual,First Owner,8.0,Hyundai,3125.0,Mid-Range
Hyundai Grand i10 CRDi Magna,2017.0,490000.0,66000.0,None,Dealer,Manual,First Owner,9.0,Hyundai,7333.333333333333,Mid-Range
Maruti Ertiga SHVS ZDI,2017.0,880000.0,64000.0,Diesel,Dealer,Manual,First Owner,9.0,Maruti,7111.111111111111,Luxury
Hyundai Santro Xing GL Plus,2013.0,290000.0,49000.0,Petrol,Individual,Manual,First Owner,13.0,Hyundai,3769.230769230769,Mid-Range
Tata Sumo GX TC 7 Str BSIII,2006.0,115999.0,100000.0,Diesel,Individual,Manual,Second Owner,20.0,Tata,5000.0,Budget
Honda Jazz S,2009.0,300000.0,50000.0,Petrol,Individual,Manual,First Owner,17.0,Honda,2941.176470588235,Mid-Range
Hyundai i20 1.4 Sportz,2017.0,680000.0,44000.0,Diesel,None,Manual,First Owner,9.0,Hyundai,4888.888888888889,Luxury
Maruti Swift Dzire VDI,2014.0,480000.0,101000.0,Diesel,Dealer,Manual,First Owner,12.0,Maruti,8416.666666666666,Mid-Range
Maruti Swift VDI,2016.0,630000.0,55000.0,Diesel,None,Manual,First Owner,10.0,Maruti,5500.0,Luxury
Maruti Swift VDI,2015.0,500000.0,100000.0,Diesel,Dealer,Manual,First Owner,11.0,Maruti,9090.90909090909,Mid-Range
Volkswagen Jetta 2.0L TDI Comfortline,2014.0,850000.0,52000.0,Diesel,Dealer,Manual,Second Owner,12.0,Volkswagen,4333.333333333333,Luxury
Maruti SX4 ZDI,2011.0,350000.0,105000.0,Diesel,Dealer,Manual,First Owner,15.0,Maruti,7000.0,Mid-Range
Renault Duster 85PS Diesel RxE,2013.0,425000.0,170000.0,Diesel,Dealer,Manual,First Owner,13.0,Renault,13076.923076923076,Mid-Range
Maruti Swift VDI BSIV,2015.0,495000.0,105000.0,Diesel,Dealer,Manual,First Owner,11.0,Maruti,9545.454545454546,Mid-Range
Maruti Ertiga SHVS VDI,2017.0,890000.0,60000.0,Diesel,Individual,Manual,Second Owner,9.0,Maruti,6666.666666666667,Luxury
Hyundai Verna CRDi 1.6 AT EX,2018.0,1100000.0,25000.0,Diesel,Individual,Manual,Second Owner,8.0,Hyundai,3125.0,Luxury
Mahindra XUV500 W8 2WD,2014.0,650000.0,218000.0,None,Individual,Manual,Second Owner,12.0,Mahindra,18166.666666666668,Luxury
Ford Fiesta 1.6 ZXi Duratec,2009.0,233000.0,58000.0,None,Individual,Manual,Third Owner,17.0,Ford,3411.764705882353,Budget
Tata Indigo CS LS (TDI) BS-III,2015.0,300000.0,110000.0,Diesel,Individual,Manual,Second Owner,11.0,Tata,10000.0,Mid-Range
Honda Amaze S Petrol BSIV,2014.0,614000.0,1000.0,Petrol,Individual,Manual,First Owner,12.0,Honda,83.33333333333333,Luxury
Hyundai i10 Sportz 1.2,2010.0,250000.0,100000.0,Petrol,Individual,Manual,Second Owner,16.0,Hyundai,6250.0,Mid-Range
Maruti Wagon R LX Minor,2013.0,290000.0,60000.0,Petrol,Individual,Manual,First Owner,13.0,Maruti,4615.384615384615,Mid-Range
Maruti Alto LXI,2005.0,100000.0,60000.0,Petrol,Individual,Manual,Second Owner,21.0,Maruti,2857.1428571428573,Budget
Fiat Punto 1.3 Emotion,2010.0,130000.0,210000.0,Diesel,Individual,Manual,Second Owner,16.0,Fiat,13125.0,Budget
Hyundai Santro AT,2006.0,145000.0,66000.0,None,Individual,Automatic,Second Owner,20.0,Hyundai,3300.0,Budget
Maruti Alto LX BSIII,2008.0,110000.0,60000.0,Petrol,Individual,Manual,Third Owner,18.0,Maruti,3333.3333333333335,Budget
Maruti Swift Dzire VDI,2019.0,680000.0,40000.0,Diesel,None,Manual,First Owner,7.0,Maruti,5714.285714285715,Luxury
Maruti 800 Std,2004.0,37500.0,90000.0,Petrol,Individual,Manual,Second Owner,22.0,Maruti,4090.909090909091,Budget
Maruti Ritz VDi,2011.0,200000.0,120000.0,Diesel,Individual,Manual,First Owner,15.0,Maruti,8000.0,Budget
Nissan Sunny Diesel XL,2014.0,300000.0,110000.0,Diesel,Individual,Manual,First Owner,12.0,Nissan,9166.666666666666,Mid-Range
Hyundai Santro GS,2005.0,80000.0,56580.0,Petrol,Dealer,Manual,First Owner,21.0,Hyundai,2694.285714285714,Budget
Mahindra XUV500 AT W8 FWD,2015.0,740000.0,45000.0,Diesel,Dealer,Automatic,First Owner,11.0,Mahindra,4090.909090909091,Luxury
Mahindra Scorpio S10 7 Seater,2015.0,630000.0,50000.0,Diesel,Individual,Manual,First Owner,11.0,Mahindra,4545.454545454545,Luxury
Nissan Micra Active XV S,2013.0,164000.0,30000.0,Petrol,Individual,Manual,First Owner,13.0,Nissan,2307.6923076923076,Budget
Honda City 1.5 V AT,2008.0,140000.0,70000.0,Petrol,Individual,Automatic,First Owner,18.0,Honda,3888.8888888888887,Budget
Mercedes-Benz E-Class E250 CDI Elegance,2011.0,999000.0,49600.0,Diesel,None,Automatic,First Owner,15.0,Mercedes-Benz,3306.6666666666665,Luxury
Maruti Alto LXI,2005.0,56000.0,60000.0,Petrol,Individual,Manual,Second Owner,21.0,Maruti,2857.1428571428573,Budget
BMW 7 Series 730Ld,2006.0,1050000.0,30000.0,Diesel,Dealer,Automatic,First Owner,20.0,BMW,1500.0,Luxury
Hyundai Verna 1.6 VTVT,2010.0,190000.0,60000.0,Petrol,Dealer,Manual,First Owner,16.0,Hyundai,3750.0,Budget
Audi Q5 3.0 TDI Quattro Technology,2018.0,3899000.0,22000.0,None,Dealer,Automatic,First Owner,8.0,Audi,2750.0,Luxury
Maruti Ritz VDi,2011.0,150000.0,40000.0,Diesel,Individual,Manual,Second Owner,15.0,Maruti,2666.6666666666665,Budget
Hyundai i10 Sportz 1.2,2011.0,235000.0,43100.0,Petrol,None,Manual,First Owner,15.0,Hyundai,2873.3333333333335,Budget
Maruti Alto 800 LXI,2018.0,200000.0,35000.0,Petrol,None,Manual,First Owner,8.0,Maruti,4375.0,Budget
Renault Duster 110PS Diesel RxL,2015.0,465000.0,41123.0,Diesel,Dealer,Manual,First Owner,11.0,Renault,3738.4545454545455,Mid-Range
Toyota Camry Hybrid 2.5,2017.0,1900000.0,20118.0,Petrol,Dealer,Automatic,First Owner,9.0,Toyota,2235.3333333333335,Luxury
Maruti Ertiga 1.5 VDI,2019.0,1000000.0,15000.0,Diesel,Individual,Manual,First Owner,7.0,Maruti,2142.8571428571427,Luxury
Ford Endeavour 2.2 Titanium AT 4X2,2019.0,2800000.0,10000.0,Diesel,Individual,Automatic,First Owner,7.0,Ford,1428.5714285714287,Luxury
Maruti Swift Dzire VDI,2015.0,470000.0,170000.0,Diesel,Individual,Manual,First Owner,11.0,Maruti,15454.545454545454,Mid-Range
Maruti Celerio ZXI,2017.0,415000.0,20000.0,Petrol,Individual,Manual,First Owner,9.0,Maruti,2222.222222222222,Mid-Range
Nissan Terrano XL 85 PS,2014.0,500000.0,60000.0,Diesel,Individual,Manual,First Owner,12.0,Nissan,5000.0,Mid-Range
Maruti Alto STD,2005.0,95000.0,50000.0,Petrol,Individual,Manual,Second Owner,21.0,Maruti,2380.9523809523807,Budget
Maruti Alto LX,2008.0,114999.0,66782.0,Petrol,Individual,Manual,First Owner,18.0,Maruti,3710.1111111111113,Budget
Hyundai Verna 1.6 SX CRDi (O),2014.0,500000.0,120000.0,Diesel,None,Manual,First Owner,12.0,Hyundai,10000.0,Mid-Range
Maruti 800 AC,2014.0,195000.0,75000.0,None,Individual,Manual,Second Owner,12.0,Maruti,6250.0,Budget
Maruti Alto LXi,2000.0,65000.0,90000.0,Petrol,Individual,Manual,Second Owner,26.0,Maruti,3461.5384615384614,Budget
Tata Nano XM,2015.0,190000.0,60000.0,Petrol,Individual,Manual,Second Owner,11.0,Tata,5454.545454545455,Budget
Mahindra Verito 1.5 D6 BSIII,2012.0,200000.0,112198.0,Diesel,Individual,Manual,Second Owner,14.0,Mahindra,8014.142857142857,Budget
Tata Manza Aura Safire BS IV,2010.0,160000.0,60000.0,Petrol,Individual,Manual,Second Owner,16.0,Tata,3750.0,Budget
Tata Indica Vista Aqua 1.4 TDI,2010.0,150000.0,130000.0,Diesel,Individual,Manual,Second Owner,16.0,Tata,8125.0,Budget
Ford EcoSport 1.5 TDCi Titanium BSIV,2015.0,530000.0,175000.0,Diesel,Individual,Manual,Third Owner,11.0,Ford,15909.09090909091,Mid-Range
Mahindra Scorpio S2 7 Seater,2015.0,750000.0,120000.0,Diesel,Individual,Manual,First Owner,11.0,Mahindra,10909.09090909091,Luxury
Maruti Ritz VDi,2012.0,225000.0,90000.0,Diesel,Individual,Manual,Second Owner,14.0,Maruti,6428.571428571428,Budget
Toyota Innova 2.5 VX (Diesel) 8 Seater BS IV,2014.0,600000.0,170000.0,Diesel,Individual,Manual,First Owner,12.0,Toyota,14166.666666666666,Mid-Range
Hyundai i20 Magna 1.4 CRDi,2014.0,409999.0,80000.0,Diesel,Individual,Manual,Second Owner,12.0,Hyundai,6666.666666666667,Mid-Range
Maruti 800 AC BSIII,2009.0,110000.0,83000.0,Petrol,Individual,Manual,Second Owner,17.0,Maruti,4882.35294117647,Budget
Hyundai Creta 1.6 CRDi SX Option,2016.0,865000.0,90000.0,Diesel,Individual,Manual,First Owner,10.0,Hyundai,9000.0,Luxury
Renault KWID RXT,2016.0,225000.0,40000.0,Petrol,Individual,Manual,First Owner,10.0,Renault,4000.0,Budget
Renault KWID RXT BSIV,2019.0,250000.0,27000.0,None,Individual,Manual,First Owner,7.0,Renault,3857.1428571428573,Mid-Range
Hyundai Santro Xing GL Plus,2008.0,120000.0,41723.0,Petrol,Individual,Manual,Second Owner,18.0,Hyundai,2317.9444444444443,Budget
Honda Amaze VX i-DTEC,2014.0,450000.0,141000.0,Diesel,Individual,Manual,Second Owner,12.0,Honda,11750.0,Mid-Range
Mahindra TUV 300 T8 AMT,2016.0,730000.0,60000.0,Diesel,Individual,Automatic,Second Owner,10.0,Mahindra,6000.0,Luxury
